2014,4択,"A、B、Cなどのアルファベットを用いて日本語の音を表記したものを何という？
(1) 仮名 (2) 漢字 (3) 数字 (4) ローマ字",(4) ローマ字,,,タグ
2014,4択,"焼肉の部位で「牛タン」といえば、牛のどの部分の肉？
(1) 舌 (2) 小腸 (3) 肝臓 (4) 胆のう",(1) 舌
2014,4択,"MacBook、iMac、iPhoneといえばどこのメーカーの製品？
(1) アップル (2) インテル (3) グーグル (4) マイクロソフト",(1) アップル
2014,4択,"社員にパワハラをしたり過重労働を強制したりする企業のことを、俗に何という？
(1) ブルー企業 (2) ブラウン企業 (3) ブラック企業 (4) グリーン企業",(3) ブラック企業
2014,4択,"『斜陽』『人間失格』などの作品を残した作家は？
(1) 三島由紀夫 (2) 田中英光 (3) 有島武郎 (4) 太宰治",(4) 太宰治
2014,4択,"朝食や間食として食べられる、シューマイやあんまんなどの軽い中華料理のことを何という？
(1) 包子 (2) 餃子 (3) 蒸心 (4) 点心",(4) 点心
2014,4択,"アフリカ大陸北部に位置する、世界最大の砂漠は？
(1) ゴビ砂漠 (2) サハラ砂漠 (3) アタカマ砂漠 (4) タクラマカン砂漠",(2) サハラ砂漠
2014,4択,"イソップ童話の『金の斧』で、きこりが誤って川に落としてしまったのは何で出来た斧？
(1) 金 (2) 銀 (3) 銅 (4) 鉄",(4) 鉄
2014,4択,"学名を「リンコドン・ティプス」という、現存する世界最大の魚類は？
(1) オニイトマキエイ (2) シロナガスクジラ (3) リュウグウノツカイ (4) ジンベエザメ",(4) ジンベエザメ
2014,4択,"音楽の記号「フォルティッシモ」の意味は？
(1) きわめて弱く (2) きわめて強く (3) だんだん弱く (4) だんだん強く",(2) きわめて強く
2014,4択,"夫よりも妻のほうが体が大きい夫婦のことを指す言葉は？
(1) ハエの夫婦 (2) ノミの夫婦 (3) ダニの夫婦 (4) シラミの夫婦",(2) ノミの夫婦
2014,4択,"地震の震源の真上にある地表上の点を何という？
(1) 震頂 (2) 震央 (3) 震頭 (4) 震中",(2) 震央
2014,4択,"ねぎ玉牛丼、おろしぽん酢牛丼、とろ～り3種のチーズ牛丼などのメニューがある牛丼チェーン店は？
(1) 吉野家 (2) 松屋 (3) すき家 (4) 東京チカラめし",(3) すき家
2014,4択,"武士の世界で、主君が家臣に与える「御恩」に対し、家臣が主君に奉仕することを指した言葉は？
(1) 目付 (2) 直参 (3) 忠勤 (4) 奉公",(4) 奉公
2014,4択,"テレビ番組『ライオンのごきげんよう』で、トークのテーマを決めるのに使われるものは？
(1) ルーレット (2) おみくじ (3) サイコロ (4) ダーツ",(3) サイコロ
2014,4択,"「鉛筆1グロス」といえば、鉛筆何本のこと？
(1) 100本 (2) 125本 (3) 144本 (4) 156本",(3) 144本
2014,4択,"奈良県や和歌山県などを含む、日本の半島は？
(1) 三浦半島 (2) 紀伊半島 (3) 渥美半島 (4) 大隅半島",(2) 紀伊半島
2014,4択,"7人制、10人制、15人制などの種類があるスポーツは？
(1) ラグビー (2) ハンドボール (3) アメリカンフットボール (4) 水球",(1) ラグビー
2014,4択,"気象情報において、降水量を表す単位は？
(1) km (2) m (3) cm (4) mm",(4) mm
2014,4択,"建物の敷地面積に対する建築面積の割合のことを何という？
(1) 建屋率 (2) 建積率 (3) 建築率 (4) 建蔽率",(4) 建蔽率
2014,4択,"発祥地は兵庫県多可郡多可町。現在では9月の第3月曜日にある祝日は？
(1) 文化の日 (2) 秋分の日 (3) 勤労感謝の日 (4) 敬老の日",(4) 敬老の日
2014,4択,"タレントとして人気の東進ハイスクール講師・林修が担当している教科は？
(1) 数学 (2) 英語 (3) 地理 (4) 現代文",(4) 現代文
2014,4択,"紀元前221年に史上初めて中国を統一した王朝は？
(1) 周 (2) 斉 (3) 秦 (4) 漢",(3) 秦
2014,4択,"アメリカの大都市・ボストンがある州は？
(1) マサチューセッツ州 (2) ニューハンプシャー州 (3) メリーランド州 (4) コネチカット州",(1) マサチューセッツ州
2014,4択,"アルファベット2文字で「IR」と略される電磁波は？
(1) 紫外線 (2) 可視光線 (3) 赤外線 (4) 電波",(3) 赤外線
2014,4択,"夏の夜に赤く輝く、さそり座のα星は？
(1) シリウス (2) アンタレス (3) プロキオン (4) アルデバラン",(2) アンタレス
2014,4択,"歌曲『魔王』/や交響曲『未完成』で知られる作曲家は？
(1) ショパン (2) シューマン (3) シューベルト (4) シュトラウス",(3) シューベルト(シューベルト)
2014,4択,"鉄板にメッキしたものはトタンになり、銅との合金は黄銅になる金属は？
(1) 亜鉛 (2) 錫 (3) 鉛 (4) ニッケル",(1) 亜鉛
2014,4択,"一般的なトランペットに、音程調節のためのピストンバルブはいくつついている？
(1) 3つ (2) 4つ (3) 5つ (4) 6つ",(1) 3つ
2014,4択,"より丁寧には「御御御付(おみおつけ)」といわれるものを、普通は何という？
(1) 漬物 (2) 味噌汁 (3) 刺身 (4) 煮物",(2) 味噌汁
2014,4択,"毎年競技かるたの名人位・クイーン位決定戦が開催される神社は？
(1) 明石神宮 (2) 伊勢神宮 (3) 近江神宮 (4) 若狭神宮",(3) 近江神宮
2014,4択,"周囲が100mの円周上に4m間隔で杭を打つとき、必要な杭の本数は？
(1) 23本 (2) 24本 (3) 25本 (4) 26本",(3) 25本
2014,4択,"青森県を流れる奥入瀬川の源流となっている湖は？
(1) 十和田湖 (2) 田沢湖 (3) 諏訪湖 (4) 中禅寺湖",(1) 十和田湖
2014,4択,"アニメ『サザエさん』で、磯野家の隣に住んでいるのは？
(1) 中島家 (2) 花沢家 (3) 穴子家 (4) 伊佐坂家",(4) 伊佐坂家
2014,4択,"テニス四大大会のうち、1年で最初に行われるのは？
(1) 全英オープン (2) 全仏オープン (3) 全米オープン (4) 全豪オープン",(4) 全豪オープン
2014,4択,"茹でて食べる野菜であるカリフラワーとブロッコリーは、共に何科？
(1) アブラナ科 (2) キク科 (3) セリ科 (4) ナス科",(1) アブラナ科
2014,4択,"ベラスケスの『ラス・メニーナス』やゴヤの『裸のマハ』などを収蔵する、スペインの美術館は？
(1) ソフィア王妃芸術センター (2) ティッセン=ボルネミッサ美術館 (3) カタルーニャ美術館 (4) プラド美術館",(4) プラド美術館
2014,4択,"年が若いことを指す「弱冠」とは本来、何歳の男子のこと？
(1) 14歳 (2) 16歳 (3) 18歳 (4) 20歳",(4) 20歳
2014,4択,"志賀直哉の小説『小僧の神様』で、小僧が議員からおごってもらう食べ物は？
(1) カツレツ (2) 寿司 (3) かけそば (4) 牛鍋",(2) 寿司
2014,4択,"「ハノン」「チェルニー」「バイエル」といえば、どんな楽器の教則本？
(1) ギター (2) ヴァイオリン (3) ハープ (4) ピアノ",(4) ピアノ
2014,4択,"アメリカ大統領のマディスン、モンロー、ポーク、ブキャナン、ガーフィールドに共通するファーストネームは？
(1) ジョージ (2) ジョン (3) トーマス (4) ジェームズ",(4) ジェームズ
2014,4択,"「わだばゴッホになる」という名言でも知られる、青森県出身の日本を代表する版画家は？
(1) 池田満寿夫 (2) 山下清 (3) 山本鼎 (4) 棟方志功",(4) 棟方志功
2014,4択,"彼岸や半夏生などのように、二十四節気以外の暦の移り変わりを表す日を何という？
(1) 雑節 (2) 異節 (3) 別節 (4) 変節",(1) 雑節
2014,4択,"バスケットボールのルールでは、自チームがボールを取ってから何秒以内にシュートをしなければならない？
(1) 20秒 (2) 24秒 (3) 28秒 (4) 32秒",(2) 24秒
2014,4択,"川治温泉、塩原温泉、鬼怒川温泉といえば、どこの都道府県にある温泉地？
(1) 栃木県 (2) 茨城県 (3) 群馬県 (4) 福島県",(1) 栃木県
2014,4択,"面長で色白の顔を、ある植物の実に見立てて「何顔」という？
(1) 豆実顔 (2) 柿実顔 (3) 銀杏実顔 (4) 瓜実顔",(4) 瓜実顔
2014,4択,"紙の大きさで「文庫本サイズ」ともいわれるサイズは？
(1) A5 (2) B6 (3) A6 (4) B7",(3) A6
2014,4択,"1441年の嘉吉の乱で暗殺された、室町幕府の将軍は？
(1) 足利義持 (2) 足利義教 (3) 足利義勝 (4) 足利義視",(2) 足利義教
2014,4択,"ジンとベルモットを混ぜ合わせて作る、「カクテルの王様」とも呼ばれるカクテルは？
(1) アメリカーノ (2) マンハッタン (3) マティーニ (4) ギムレット",(3) マティーニ
2014,4択,"1917年に高木弘と本多光太郎によって発明された磁石鋼は？
(1) HK鋼 (2) KM鋼 (3) MK鋼 (4) KS鋼",(4) KS鋼
2014,4択,"新聞の切り抜きや布きれなどを画面に貼りつける、絵画の技法は？
(1) デカルコマニー (2) スパッタリング (3) コラージュ (4) フロッタージュ",(3) コラージュ
2014,4択,"今シーズンからウルグアイ代表のディエゴ・フォルランがプレーするJリーグのチームは？
(1) 鹿島アントラーズ (2) 浦和レッズ (3) 名古屋グランパス (4) セレッソ大阪",(4) セレッソ大阪
2014,4択,"日本で、地方裁判所と同じ数だけある裁判所は？
(1) 最高裁判所 (2) 高等裁判所 (3) 家庭裁判所 (4) 簡易裁判所",(3) 家庭裁判所
2014,4択,"「もしかしてだけど～」という歌ネタで人気のお笑いコンビは？
(1) 囲碁将棋 (2) 流れ星 (3) 2700 (4) どぶろっく",(4) どぶろっく
2014,4択,"1095年、教皇ウルバヌス2世が十字軍の派遣を宣言したキリスト教の会議は？
(1) ニケーア公会議 (2) エフェソス公会議 (3) トリエント公会議 (4) クレルモン公会議",(4) クレルモン公会議
2014,4択,"和歌で、「みすずかる」という言葉がかかる地名は？
(1) 大和 (2) 出雲 (3) 信濃 (4) 吉野",(3) 信濃
2014,4択,"フランスとスペインの国境に挟まれた位置にあるヨーロッパの小国は？
(1) モナコ (2) アンドラ (3) サンマリノ (4) ルクセンブルク",(2) アンドラ
2014,4択,"「弘法にも筆の誤り」と同じ意味の英語のことわざで、「居眠りをする」といわれるのは？
(1) シェイクスピア (2) ナポレオン (3) ホメロス (4) コロンブス",(3) ホメロス
2014,4択,"落語『時そば』において、本当のそばの代金は何文？
(1) 12文 (2) 14文 (3) 16文 (4) 18文",(3) 16文
2014,4択,"男性用の「エゴイスト」、女性用の「チャンス」や「No.5」といった香水で知られるブランドは？
(1) シャネル (2) ジバンシー (3) エルメス (4) クリスチャン・ディオール",(1) シャネル
2014,4択,"上から見ると四葉のクローバーの形をしている、長崎にある現存する日本最古の木造洋館は？
(1) グラバー邸 (2) ドゥーフ邸 (3) グルーム邸 (4) シーボルト邸",(1) グラバー邸
2014,4択,"作家としても活躍する加藤シゲアキが所属するアイドルグループは？
(1) A.B.C-Z (2) NEWS (3) Hey!Say!JUMP (4) Kis-My-Ft2",(2) NEWS
2014,4択,"1つの三角形に、傍心はいくつある？
(1) 1つ (2) 2つ (3) 3つ (4) 4つ",(3) 3つ
2014,4択,"長さの単位「マイル」「フィート」「インチ」を漢字で書いたとき、共通する部首は？
(1) 耳偏 (2) 口偏 (3) 足偏 (4) 手偏",(2) 口偏
2014,4択,"北原白秋作詞の童謡『ゆりかごの歌』で、1番の歌詞に登場する鳥は？
(1) オウム (2) スズメ (3) ハクチョウ (4) カナリヤ",(4) カナリヤ
2014,4択,"スイスで最も人口の多い都市は？
(1) チューリッヒ (2) ローザンヌ (3) ベルン (4) ジュネーブ",(1) チューリッヒ
2014,4択,"歌手の今井美樹を妻に持つミュージシャンは？
(1) 玉置浩二 (2) 稲葉浩志 (3) 布袋寅泰 (4) TAKURO",(3) 布袋寅泰
2014,4択,"カラオケ用語の「ヒトカラ」を商標登録している、カラオケ機器のjoysoundを提供している企業は？
(1) エクシング (2) タイトー (3) 第一興商 (4) セガ",(1) エクシング
2014,4択,"昨シーズンの日本プロ野球でウラディミール・バレンティンが記録した、シーズン最多本塁打記録は何本？
(1) 60本 (2) 61本 (3) 62本 (4) 63本",(1) 60本
2014,4択,"脚の縞模様が美しいことから「森の貴婦人」とも呼ばれる動物は？
(1) ジャイアントパンダ (2) オカピ (3) コビトカバ (4) ボンゴ",(2) オカピ
2014,4択,"アメリカ軍捕虜の生体解剖事件を題材とした、遠藤周作の小説は？
(1) 『沈黙』 (2) 『深い河』 (3) 『海と毒薬』 (4) 『スキャンダル』",(3) 『海と毒薬』
2014,4択,"同じ土地でいくつかの作物を年ごとにサイクルさせて栽培することを何という？
(1) 輪作 (2) 連作 (3) 環作 (4) 巡作",(1) 輪作
2014,4択,"1764年にジェニー紡績機を発明した、イギリスの発明家は？
(1) カートライト (2) ジョン・ケイ (3) ハーグリーブス (4) クロンプトン",(3) ハーグリーブス
2014,4択,"昨年(2013年)「最も派生テレビシリーズが作られたテレビ番組」としてギネス世界記録に認定されたのは？
(1) 『ウルトラマン』 (2) 『仮面ライダー』 (3) 『美少女戦士セーラームーン』 (4) 『プリキュア』",(1) 『ウルトラマン』
2014,4択,"松尾芭蕉が「山路来て 何やらゆかし・・」と詠んだ植物は？
(1) すみれ草 (2) かすみ草 (3) れんげ草 (4) つきみ草",(1) すみれ草
2014,4択,"東南アジア最大の湖・トンレサップ湖がある国は？
(1) ベトナム (2) ラオス (3) タイ (4) カンボジア",(4) カンボジア
2014,4択,"フランスのファッションブランド「ラコステ」のトレードマークとなっている生き物は？
(1) シカ (2) ゾウ (3) トカゲ (4) ワニ",(4) ワニ
2014,4択,"リキュールの一つ「マラスキーノ」の主な原料となる果物は？
(1) レモン (2) サクランボ (3) スモモ (4) オレンジ",(2) サクランボ
2014,4択,"現在は横浜の山下公園で係留されている、日本郵船保有の貨客船は？
(1) 日枝丸 (2) 氷川丸 (3) 平安丸 (4) 秩父丸",(2) 氷川丸
2014,4択,"ギリシャ神話の美少年アドニスの化身とされる花は？
(1) ヒヤシンス (2) プリムラ (3) アネモネ (4) カトレア",(3) アネモネ
2014,4択,"ワールド・マラソン・メジャーズに指定されている日本のマラソンレースは？
(1) 東京マラソン (2) 横浜マラソン (3) 大阪マラソン (4) 福岡マラソン",(1) 東京マラソン
2014,4択,"国家公務員法、電波法、消防組織法などの法律を所管している省庁は？
(1) 内閣府 (2) 総務省 (3) 法務省 (4) 財務省",(2) 総務省
2014,4択,"今年(2014年)2月、交換留学生としてAKB48チームBを兼任することが決まった、乃木坂46のメンバーは？
(1) 白石麻衣 (2) 生田絵梨花 (3) 生駒里奈 (4) 松村沙友理",(3) 生駒里奈
2014,4択,"ピストンの往復運動によってエネルギーを生むエンジンを特に何という？
(1) リカバーエンジン (2) ラウンドエンジン (3) レシプロエンジン (4) ロータリーエンジン",(3) レシプロエンジン
2014,4択,"現在のアメリカ大統領の任期は4年ですが、ロシア大統領の任期は何年？
(1) 3年 (2) 4年 (3) 5年 (4) 6年",(4) 6年
2014,4択,"毎年12月に行われる「顔見世」でおなじみの、京都にある歌舞伎の劇場は？
(1) 東座 (2) 西座 (3) 南座 (4) 北座",(3) 南座
2014,4択,"経済用語で、国債に関する歳入・歳出を差し引いた国の「基礎的財政収支」のことを何という？
(1) フィスカル・ポリシー (2) ファンダメンタルズ (3) クラウディングアウト (4) プライマリーバランス",(4) プライマリーバランス
2014,4択,"化学実験に用いる実験器具で、「グラハム」「リービッヒ」「ジムロート」といえば何の種類？
(1) 冷却器 (2) 漏斗 (3) フラスコ (4) バーナー",(1) 冷却器
2014,4択,"大空翼、両津勘吉、車寅次郎といったキャラクターの像が立つのは、東京都の何区？
(1) 台東区 (2) 葛飾区 (3) 荒川区 (4) 足立区",(2) 葛飾区
2014,4択,"来年(2015年)、世界陸上が行われる都市はどこ？
(1) ソウル (2) シンガポール (3) バンコク (4) 北京",(4) 北京
2014,4択,"「飛騨」や「能代」が有名な漆器の種類は？
(1) 八雲塗 (2) 輪島塗 (3) 春慶塗 (4) 秀衡塗",(3) 春慶塗
2014,4択,"心臓にある4つの部屋のうち、大動脈と繋がっているのは？
(1) 左心室 (2) 左心房 (3) 右心室 (4) 右心房",(1) 左心室
2014,4択,"中央競馬の平地G1で、最も距離が長いレースは？
(1) 菊花賞 (2) ジャパンカップ (3) 天皇賞(春) (4) 有馬記念",(3) 天皇賞(春)
2014,4択,"メークインといえば「ジャガイモ」の品種ですが、メインクーンといえば何という動物の品種？
(1) ウサギ (2) ハムスター (3) リス (4) ネコ",(4) ネコ
2014,4択,"今年(2014年)1月1日からユーロを導入した国は？
(1) エストニア (2) ラトビア (3) ブルガリア (4) ルーマニア",(2) ラトビア
2014,4択,"東宝の特撮映画『ゴジラ』シリーズで、ゴジラが最初に戦った怪獣は？
(1) アンギラス (2) モスラ (3) メカゴジラ (4) キングギドラ",(1) アンギラス
2014,4択,"日本の説話に出てくる久延毘古(くえびこ)とは、何を神格化したもの？
(1) かかし (2) 地蔵 (3) 鳥居 (4) カラス",(1) かかし
2014,4択,"万物の根源を地・水・火・風の四元素であると説いた、古代ギリシアの哲学者は？
(1) ヘラクレイトス (2) エンペドクレス (3) アナクシメネス (4) プロタゴラス",(2) エンペドクレス
2014,4択,"受験参考書の「チャート式」を発行している日本の出版社は？
(1) 数研出版 (2) 実教出版 (3) 東京書籍 (4) 東京出版",(1) 数研出版
2014,4択,"くねくねと曲がりくねった山道のことを、ある動物の内臓にたとえて何という？
(1) 牛腸 (2) 羊腸 (3) 豚腸 (4) 馬腸",(2) 羊腸
2014,4択,"イギリスの人気音楽ユニット「ワン・ダイレクション」の構成人数は？
(1) 1人 (2) 3人 (3) 5人 (4) 7人",(3) 5人
2014,4択,"話の噛み合わない会話を、ある落語の題名から「何問答」という？
(1) こんにゃく問答 (2) とろろ問答 (3) たくあん問答 (4) 納豆問答",(1) こんにゃく問答
2014,4択,"日本のテレビのリモコンについている4色ボタンで、一般に1番左側のボタンの色は何？
(1) 黄 (2) 赤 (3) 青 (4) 緑",(3) 青
2014,4択,"イギリスの通信社「ロイター通信社」に名を残すポール・ジュリアス・ロイターの出身国は？
(1) フランス (2) イタリア (3) ドイツ (4) オランダ",(3) ドイツ
2014,4択,"フィギュアスケート選手の高橋大輔と町田樹が現在在籍している大学は？
(1) 関西大学 (2) 中京大学 (3) 関西学院大学 (4) 早稲田大学",(1) 関西大学
2014,4択,"広島平和記念資料館や東京都庁などを設計した建築家は？
(1) 槇文彦 (2) 安藤忠雄 (3) 丹下健三 (4) 伊東豊雄",(3) 丹下健三
2014,4択,"クライマックスのラシュモア山のシーンが有名な、ヒッチコック監督の映画は？
(1) 『レベッカ』 (2) 『北北西に進路をとれ』 (3) 『知りすぎていた男』 (4) 『サイコ』",(2) 『北北西に進路をとれ』
2014,4択,"平城京に都が遷ったときの日本の元号は？
(1) 和銅 (2) 大宝 (3) 養老 (4) 霊亀",(1) 和銅
2014,4択,"世界最南端の街「ウスアイア」を中心都市とする、南米大陸南端にある島は？
(1) フエゴ島 (2) イザベラ島 (3) サンタクルス島 (4) マルガリータ島",(1) フエゴ島
2014,4択,"英語でのタイトルを『Joy to the World』という、有名なクリスマスソングは？
(1) 『赤鼻のトナカイ』 (2) 『そりすべり』 (3) 『きよしこの夜』 (4) 『諸人こぞりて』",(4) 『諸人こぞりて』
2014,4択,"1917年に起きた「二月革命」と「十月革命」は、いずれもどこの国で起こった革命？
(1) ロシア (2) トルコ (3) イタリア (4) フランス",(1) ロシア
2014,4択,"ポロ、ゴルフ、ビートルなどの人気車両で知られる自動車メーカーは？
(1) ロールスロイス (2) アウディ (3) フォルクスワーゲン (4) BMW",(3) フォルクスワーゲン
2014,4択,"体重(kg)を身長(m)の3乗で割り、10を掛けて算出される、体型を表す指数は？
(1) ローレル指数 (2) カウプ指数 (3) ケトレー指数 (4) ブローカ指数",(1) ローレル指数
2014,4択,"山東京伝や鼠小僧次郎吉などの墓があるお寺は？
(1) 明月院 (2) 知恩院 (3) 三千院 (4) 回向院",(4) 回向院
2014,4択,"自然現象の「蜃気楼(しんきろう)」や「陽炎(かげろう)」はいつの季語？
(1) 春 (2) 夏 (3) 冬 (4) 新年",(1) 春
2014,4択,"元素記号「Tm」で表わされる元素は？
(1) タリウム (2) ツリウム (3) テルビウム (4) トリウム",(2) ツリウム
2014,4択,"神戸市にはその個人美術館もある、劇団「天井桟敷」のポスターで知られる画家・デザイナーは？
(1) 福田繁雄 (2) 横尾忠則 (3) 亀倉雄策 (4) 粟津潔",(2) 横尾忠則
2014,4択,"いわゆる「ケプラーの第3法則」で、惑星の公転周期の2乗は、太陽からの平均距離の何乗に比例する？
(1) 0.5乗 (2) 1乗 (3) 2乗 (4) 3乗",(4) 3乗
2014,4択,"検察官のバッチにデザインされている花は？
(1) 桜 (2) 菊 (3) 桐 (4) 椿",(2) 菊
2014,4択,"昨年(2013年)ノーベル平和賞を受賞したOPCW・化学兵器禁止機関が本部を置く、ヨーロッパの都市は？
(1) パリ (2) ジュネーブ (3) ローマ (4) ハーグ",(4) ハーグ
2014,4択,"日本人世界王者第1号はバンタム級の亀田和毅である、ボクシングの世界王座認定団体は？
(1) WBA (2) WBC (3) WBO (4) IBF",(3) WBO
2014,4択,"キリスト教の安息日は日曜日ですが、ユダヤ教の安息日は何曜日？
(1) 水曜日 (2) 金曜日 (3) 土曜日 (4) 日曜日",(3) 土曜日
2014,4択,"ワーズワース、ノヴァーリス、ユーゴーといえば何主義の作家？
(1) ロマン主義 (2) 自然主義 (3) 写実主義 (4) 実存主義",(1) ロマン主義
2014,4択,"本名を「芳賀隆之」というタレントは？
(1) 明石家さんま (2) 所ジョージ (3) 笑福亭鶴瓶 (4) やしきたかじん",(2) 所ジョージ
2014,4択,"古代日朝関係史の資料となった石碑で有名な、391年に即位した高句麗の第19代国王は？
(1) 東明聖王 (2) 大武神王 (3) 美川王 (4) 好太王",(4) 好太王
2014,4択,"行列力学を創始したことや不確定性原理を提唱したことで知られる理論物理学者は？
(1) ハミルトン (2) ゲーデル (3) ヘルムホルツ (4) ハイゼンベルク",(4) ハイゼンベルク
2014,4択,"インジェラと呼ばれるパンの原料となる、エチオピア原産の穀類は？
(1) テフ (2) タマリンド (3) フォニオ (4) エンバク",(1) テフ
2014,4択,"昨年(2013年)Amazon.comの創業者ジェフ・ベゾスが買収したアメリカの新聞社は？
(1) ニューヨーク・タイムズ (2) USAトゥデイ (3) シカゴ・トリビューン (4) ワシントン・ポスト",(4) ワシントン・ポスト
2014,4択,"オリンピックの開催地は、原則として大会開催の何年前に決定される？
(1) 6年前 (2) 7年前 (3) 8年前 (4) 9年前",(2) 7年前
2014,4択,"フランス・パリにあるエトワール凱旋門は、何という戦いの勝利を記念したもの？
(1) イエナの戦い (2) アウステルリッツの戦い (3) トラファルガーの海戦 (4) ライプツィヒの戦い",(2) アウステルリッツの戦い
2014,4択,"水泳選手の古橋廣之進が、世界記録を30回以上更新した泳法は？
(1) 自由形 (2) 平泳ぎ (3) バタフライ (4) 背泳ぎ",(1) 自由形
2014,4択,"内耳の異常が原因で耳鳴りを伴うめまいが繰り返し起こる病気は？
(1) ハンチントン病 (2) ゴーシェ病 (3) ベーチェット病 (4) メニエール病",(4) メニエール病
2014,4択,"美人のことを「解語の花」といいますが、これは元々誰のことを指していた言葉？
(1) 王昭君 (2) 虞美人 (3) 西施 (4) 楊貴妃",(4) 楊貴妃
2014,4択,"原宿に店がある「ククルザ」「ギャレット」といえば、どんな食べ物を売るお店？
(1) クレープ (2) フライドポテト (3) プレッツェル (4) ポップコーン",(4) ポップコーン
2014,4択,"パーンダヴァ族とカウラヴァ族の争いを全18巻にまとめた、古代インドの叙事詩は？
(1) 『パンチャタントラ』 (2) 『マハーヴァーラタ』 (3) 『カーマスートラ』 (4) 『ラーマーヤナ』",(2) 『マハーヴァーラタ』
2014,4択,"イアン・ラッシュ、ライアン・ギグス、ガレス・ベイルといえば、何という国のサッカー選手？
(1) イングランド (2) スコットランド (3) ウェールズ (4) 北アイルランド",(3) ウェールズ
2014,4択,"現在の日本の天皇・今上天皇の御名前は？
(1) 嘉仁(よしひと) (2) 裕仁(ひろひと) (3) 明仁(あきひと) (4) 徳仁(なるひと)",(3) 明仁(あきひと)
2014,4択,"今月(2014年3月)5日に、31番目の国立公園に指定されたのは？
(1) 大東諸島国立公園 (2) 奄美諸島国立公園 (3) 慶良間諸島国立公園 (4) 粟国諸島国立公園",(3) 慶良間諸島国立公園
2014,4択,"歌手としても『傷だらけの人生』などのヒット曲を歌った、往年の東映の人気俳優は？
(1) 菅原文太 (2) 石原裕次郎 (3) 小林旭 (4) 鶴田浩二",(4) 鶴田浩二
2014,4択,"新川優愛、岡本杏理、橋本愛などがモデルを務めるファッション雑誌は？
(1) nicola (2) Seventeen (3) sweet (4) CanCam",(2) Seventeen
2014,4択,"「四鏡」と呼ばれる四つの歴史物語の中で、最も古い時代を扱っているのは？
(1) 大鏡 (2) 今鏡 (3) 水鏡 (4) 増鏡",(3) 水鏡
2014,4択,"プロレスラー橋本真也の長男である、現在プロレスリングZERO-1に所属するプロレスラーは？
(1) 橋本大地 (2) 橋本友彦 (3) 橋本和樹 (4) 橋本太郎",(1) 橋本大地
2014,4択,"ベンゼンとプロペンからフェノールとアセトンを精製する化学合成法を何という？
(1) アセチル法 (2) クメン法 (3) クロール法 (4) テルミット法",(2) クメン法
2014,4択,"固形ルーの「とろけるシチュー」や「とろけるカレー」を発売している食品会社は？
(1) ハウス食品 (2) ヱスビー食品 (3) 江崎グリコ (4) 大塚食品",(2) ヱスビー食品
2014,4択,"20世紀が始まったときに内閣総理大臣だった人物は？
(1) 伊藤博文 (2) 黒田清隆 (3) 山縣有朋 (4) 松方正義",(1) 伊藤博文
2014,4択,"心筋梗塞などの治療の際、血管などを内側から広げるために用いられる金属製の筒のことを何という？
(1) カテーテル (2) バルーン (3) ステント (4) アテローム",(3) ステント
2014,4択,"能で、生きている人間のみが登場するものを何という？
(1) 今生能 (2) 現人能 (3) 現在能 (4) 実能",(3) 現在能
2014,4択,"経営戦略を立てるために、自社の強みと弱み、競争環境の機会と脅威により、自社を分析・評価する手法を何という？
(1) 3C分析 (2) 4P分析 (3) SWOT分析 (4) PEST分析",(3) SWOT分析
2014,4択,"「越後」「宮古」などの種類がある、夏の和服に使われる上等な麻織物は？
(1) 上布 (2) 帆布 (3) 葛布 (4) 伸子",(1) 上布
2014,4択,"アメリカ独立戦争のスローガン「代表なくして課税なし」はどんな税金に反対したもの？
(1) 印紙税 (2) 酒税 (3) 人頭税 (4) 相続税",(1) 印紙税
2014,ノーマル,略称をABCという、『劇的ビフォーアフター』や『アタック25』などの番組で知られる大阪のテレビ局はどこでしょう？,朝日放送(あさひほうそう)
2014,ノーマル,髪の毛が逆立つほどの激しい怒りを、「何、天を衝く(てんをつく)」というでしょう？,怒髪(どはつ)
2014,ノーマル,「ぶらつく」という意味の英語に由来する、自転車であちこちきままにぶらつくことを表す和製英語は何でしょう？,ポタリング
2014,ノーマル,1901年から1904年の作品に見られる、悲しみに満ちた初期ピカソの作風を、その時期に多く用いられた色から何というでしょう？,青の時代(あおのじだい)
2014,ノーマル,「人の形に近く、より近しい存在になるように」という願いを込めて命名された、googleが開発したスマートフォン向けOSは何でしょう？,アンドロイド
2014,ノーマル,振り子式や電子式のものがある、テンポを取るために一定の間隔でリズムを刻む音楽用具は何でしょう？,メトロノーム
2014,ノーマル,やけどや外傷が治る際にできる、皮膚の線維成分が異常に増殖し、周囲よりも盛り上がった状態のことを何というでしょう？,ケロイド
2014,ノーマル,ボクシングで、相手の攻撃を防ぐため相手に組み付くことを何というでしょう？,クリンチ
2014,ノーマル,書や絵画が完成した時に、作者が署名・押印することを何というでしょう？,落款(らっかん)
2014,ノーマル,ハワイ王国第7代国王カラカウア王の命令で建てられた、アメリカ合衆国にある唯一の宮殿は何でしょう？,イオラニ宮殿(いおらにきゅうでん)
2014,ノーマル,洗礼名をヨハネ・マリア・ヴィアンネ、本名を清一郎という俳人で、「降る雪や明治は遠くなりにけり」の句で知られるのは誰でしょう？,中村草田男(なかむら・くさたお)
2014,ノーマル,演劇などで終了後演者が舞台上で観客に挨拶することを、英語で何コールというでしょう？,カーテンコール
2014,ノーマル,稲荷神社では代わりに/狐が置かれていることもある、神社の入口や拝殿の前などに一対で向き合う形で置かれる獣の像を何というでしょう？,狛犬(こまいぬ),
2014,ノーマル,南アジアのネパール、スリランカ、パキスタン、インドに共通する通貨単位の名前は何でしょう？,ルピー
2014,ノーマル,昨年(2013年)7月に4000回目となるソロコンサートを日本武道館で開催した、『関白宣言』などで知られるフォーク歌手は誰でしょう？,さだまさし
2014,ノーマル,元々は「仏教における大地の奥底」を表していた、現在では「決して、絶対に」という意味で使われる言葉は何でしょう？,金輪際(こんりんざい)
2014,ノーマル,エクスプローラー1号の観測結果から発見された地球を取り巻く放射線帯を、発見したアメリカの物理学者から何というでしょう？,ヴァン・アレン帯(ゔぁん・あれんおび)
2014,ノーマル,英語で、century(センチュリー)は100年間のことを指しますが、decade(ディケイド)は何年間のことを指すでしょう？,10年間(10ねんかん)
2014,ノーマル,塩引きにされ縄で吊るされた魚の姿を写実的に描いた、明治の洋画家・高橋由一(たかはし・ゆいち)の代表作は何でしょう？,『鮭』(さけ)
2014,ノーマル,政令指定都市で、奥山恵美子(おくやま・えみこ)が市長を務めているのは仙台市ですが、林文子(はやし・ふみこ)が市長を務めているのは何市でしょう？,横浜(よこはま)
2014,ノーマル,姉はヴィーナス、妹はセリーナである、テニスで活躍するアメリカ人姉妹のファミリーネームは何でしょう？,ウィリアムズ
2014,ノーマル,1185年の「屋島の戦い」において、平家の船に掲げられた扇の的を射落とした伝説で知られる源氏方の武将は誰でしょう？,那須与一(なすの・よいち)
2014,ノーマル,カジノのルーレットで、ディーラーがプレイヤーにこれ以上チップを置けないことを伝えるために発する言葉は何でしょう？,no more bet
2014,ノーマル,小説『カルメン』の作者メリメと、オペラ『カルメン』の作曲者ビゼーはともにどこの国の人でしょう？,フランス
2014,ノーマル,「どうやっても思うようには扱えない」という意味のことわざを、調理方法をあらわす言葉を用いて何というでしょう？,煮ても焼いても食えない(にてもやいてもくえない)
2014,ノーマル,88星座のなかで、1等星を2つ持つものは、オリオン座、ケ/ンタウルス座と何座でしょう？,みなみじゅうじ座(みなみじゅうじ),"アクルックスとミモザ(べクルックス)。
南十字座のラテン語名がCrux　＋　α　でAcrux

アクルックスは全天21個の一等星の中で最も南に位置、多重連星。"
2014,ノーマル,夫のとんぼとの間にトトとニニという双子の子供をもうけている、角野栄子(かどの・えいこ)の児童文学『魔女の宅急便』シリーズの主人公は誰でしょう？,キキ
2014,ノーマル,数学の行列の中でも、行の数と列の数が等しいものを特に何行列というでしょう？,正方行列(せいほうぎょうれつ)
2014,ノーマル,青いスーツに赤いネクタイ姿で漫才をする、橋本直(はしもと・すなお)と鰻和弘(うなぎ・かずひろ)からなるお笑いコンビは何でしょう？,銀シャリ(ぎんしゃり)
2014,ノーマル,フランス語で「作品の他に」といった意味の言葉に由来する、西洋料理で出される前菜のことを何というでしょう？,オードブル
2014,ノーマル,相続税や固定資産税を計算する際にも用いられる、道路に面した土地の評価額を何というでしょう？,路線価(ろせんか)
2014,ノーマル,紀元前53年にパルティア遠征の途中で戦死した、カエサル、ポンペイウスとともに第1回三頭政治を行った古代ローマの政治家は誰でしょう？,クラッスス
2014,ノーマル,ワールド・ベースボール・クラシックの2次ラウンドで採用されている、2回負けると敗退となるトーナメントの方式を英語で何というでしょう？,ダブルエリミネーション方式(だぶるえりみねーしょんほうしき)
2014,ノーマル,一見異なるように見えても/実は同じ類の人間であることを、アナグマの別名を使って「同じ穴の何」というでしょう？,狢(むじな)
2014,ノーマル,読売新聞に『土曜夫人』を連載中、33歳の若さで病死した、代表作『夫婦善哉(めおとぜんざい)』で知られる小説家は誰でしょう？,織田作之助(おださくのすけ)
2014,ノーマル,日本のカンピョウの生産の9割以上を占める都道府県はどこでしょう？,栃木(とちぎ)
2014,ノーマル,都道府県知事選挙や衆議院小選挙区では300万円である、選挙に立候補する際に預けなければいけないお金のことを何というでしょう？,供託金(きょうたくきん)
2014,ノーマル,ジフテリアの血清療法を創始したドイツの細菌学者で、1901年に第1回ノーベル生理学・医学賞を受賞したのは誰でしょう？,エミール・アドルフ・フォン・ベーリング
2014,ノーマル,赤星鉄馬(あかぼし・てつま)によってブラックバスが日本で初めて放流された、箱根用水の水源となっている湖は何でしょう？,芦ノ湖(あしのみずうみ)
2014,ノーマル,今年(2014年)2月、フリーアナウンサーの荒井千里(あらい・ちさと)との結婚を発表した、お笑いコンビキャイ～ンのメンバーは誰でしょう？,天野ひろゆき(あまのひろゆき)
2014,ノーマル,日本の和歌集において、歌の作者が不明であったり、作者を明かしたくないときに記された言葉は何でしょう？,詠み人知らず(よみじんちらず)
2014,ノーマル,「Super Urban Intelligent CArd」を略して名付けられた、JR東日本が発行するIC乗車券は何でしょう？,Suica(スイカ)
2014,ノーマル,実現不可能な計画のたとえにも用いられる、『旧約聖書』の「創世記」で人類が建てようとしたとされる塔の名前は何でしょう？,バベルの塔(ばべるのとう)
2014,ノーマル,これまでに亀山薫、神戸尊、甲斐亨を相棒としてきた、水谷豊演じるドラマ『相棒』の主人公は誰でしょう？,杉下右京(すぎしたうきょう)
2014,ノーマル,山頂に「すばる望遠鏡」などの天体望遠鏡が設置されている、アメリカ・ハワイ島の山は何でしょう？,マウナ・ケア
2014,ノーマル,昨年(2013年)10月12日に世界同時発売された、ポケットモンスターシリーズ最新作となる2つのゲームとは「何と何」でしょう？,XとY
2014,ノーマル,発布された年から「天平十五年の格」とも呼ばれる、自分で新しく開墾した耕地の永世私有を認める奈良時代の法令は何でしょう？,墾田永年私財法(こんでんえいねんしざいほう)
2014,ノーマル,一般的には赤ちゃんが生まれてから100日目に行われる、赤ちゃんに食べ物を食べさせる儀式を何というでしょう？,お食い初め(おくいはじめ)
2014,ノーマル,論理を組み立てて議論を展開することを、「何を張る」というでしょう？,論陣(ろんじん)
2014,ノーマル,英語では「inch worm(インチワーム)」という、全身を使って長さを測るように見えることから名がついた、イモムシの一種は何でしょう？,シャクトリムシ
2014,ノーマル,元々は計測機器の精度に関する用語であった、生産経路を明確にして食品の安全性を高めるシステムを英語で何というでしょう？,トレーサビリティ
2014,ノーマル,日本の一般道路において、救急車や消防車が緊急走行する際の制限速度は時速何キロメートルでしょう？,時速80キロメートル(じそく80きろめーとる)
2014,ノーマル,国際サッカー連盟の略称はFIFAですが、欧州サッカー連盟の略称を、アルファベット4文字で何というでしょう？,UEFA(ウエファ)
2014,ノーマル,太平洋に浮かぶギルバート諸島やフェニックス諸島/などが領土に含まれる、首都をタラワに置く国はどこでしょう？,キリバス共和国(キリバス)
2014,ノーマル,和名をムラサキウマゴヤシという、マメ科の多年性植物といえば何でしょう？,アルファルファ
2014,ノーマル,経済学の用語で、完全競争市場において、需要と供給がつりあったときの価格を何価格というでしょう？,均衡価格(きんこうかかく)
2014,ノーマル,別名を「第3インターナショナル」という、1919年にレーニンがモスクワで組織した労働者・共産主義者の国際組織は何でしょう？,コミンテルン
2014,ノーマル,カレーやスープなどを取り分けるときに用いる、金属でできた杓子のことを英語で何というでしょう？,レードル
2014,ノーマル,管の長さが1.2メートルにもなる細長い形をしたトランペットのことを、これが用いられたヴェルディ作曲のオペラの名前から何というでしょう？,アイーダ・トランペット
2014,ノーマル,硫黄酸化物や窒素酸化物などが水に吸収されて生じる、pH5.6以下の雨のことを一般に何というでしょう？,酸性雨(さんせいう)
2014,ノーマル,青年将校ヴロンスキーと激しい恋に落ちる女性を主人公とする、トルストイの小説は何でしょう？,『アンナ・カレーニナ』
2014,ノーマル,オリンピックのスピードスケート個人種目において、1度に滑る選手の数は通常何人でしょう？,2人(2にん)
2014,ノーマル,石油輸出国機構や国際原子力機関の本部が置かれているオーストリアの首都はどこでしょう？,ウィーン
2014,ノーマル,販売中止や値上げなどが起こる前に、安いうちに買っておこうという客が増えて一時的に増加する需要のことを「何需要」というでしょう？,駆け込み需要(かけこみじゅよう)
2014,ノーマル,「福音」という意味がある、キリスト教を信仰するアフリカ系アメリカ人が生み出した音楽のジャンルは何でしょう？,ゴスペル
2014,ノーマル,郵政民営化に伴い、郵政公社の郵便貯金業務を引き継ぐ形で2007年に設立された銀行は何でしょう？,ゆうちょ銀行(ゆうちょぎんこう)
2014,ノーマル,水素と重水素のように、原子番号が同じで質量数の異なる関係の元素を何というでしょう？,同位体(どういたい)
2014,ノーマル,下鴨神社を経て上賀茂神社へ向かう大行列で知られる、5月15日に行われる京都三大祭のひとつは何でしょう？,葵祭(あおいまつり)
2014,ノーマル,下の名前は聖大(しょうた)という、昨年(2013年)、初土俵から3場所での入幕を果たした追手風(おいてかぜ)部屋の力士は誰でしょう？,遠藤(えんどう)
2014,ノーマル,"人口約16,000人のヌークが最大都市である、デンマークが領有する世界最大の島は何でしょう？",グリーンランド
2014,ノーマル,本名をノーマ・ジーン・ベイカーというアメリカの女優で、主な出演作に映画『七年目の浮気』や『お熱いのがお好き』があるのは誰でしょう？,マリリン・モンロー
2014,ノーマル,江戸時代、街道の宿場に設けられた、大名が泊まった旅館のことを何というでしょう？,本陣(ほんじん)
2014,ノーマル,代表作に『ペール・ギュント』『人形の家』などがあり、「近代演劇の祖」と呼ばれるノルウェーの劇作家は誰でしょう？,ヘンリック・イプセン
2014,ノーマル,2026年に完成を予定している、スペイン・バルセロナに建設中の、アントニオ・ガウディが設計した教会は何でしょう？,サグラダ・ファミリア
2014,ノーマル,毎年新年を祝うために行われる「皇居一般参賀」は、何月何日に行われることになっているでしょう？,1月2日(1がつ2)
2014,ノーマル,日本で3番目に長い川でもある、大雪山系を水源とし、日本海に流れこむ北海道の川は何でしょう？,石狩川(いしかりがわ)
2014,ノーマル,英文法で、Iは主格、myは所有格ですが、meは何格でしょう？,目的格(もくてきかく)
2014,ノーマル,桃井かおり、武田鉄矢、高倉健らが出演し、第1回日本アカデミー賞で最優秀作品賞に輝いた山田洋次監督の映画は何でしょう？,『幸福(しあわせ)の黄色いハンカチ』(しあわせのきいろいハンカチ)
2014,ノーマル,揚浜式、入浜式、流下式(りゅうかしき)などの種類がある、かつて日本で塩を作っていた場所のことを何というでしょう？,塩田(しおだ)
2014,ノーマル,1783年にスペインのエルヤル兄弟が「ウォルフラム」と命名/したことから、元素記号「W」で表される金属は何でしょう？,タングステン
2014,ノーマル,今年(2014年)の春、22年ぶりに甲子園出場を果たした、「やまびこ打線」と呼ばれる強打で知られた徳島県の高校はどこでしょう？,池田高校(いけだこうこう)
2014,ノーマル,「キラカワ」「エネループ」「EVOLTA」などの電池のブランドで知られる家電メーカーはどこでしょう？,パナソニック
2014,ノーマル,女子プロゴルファーの智恵(ちえ)、映画コメンテーターの昆(こん)、女優の架純(かすみ)に共通する苗字は何でしょう？,有(あり)
2014,ノーマル,「おててつないで野道をゆけば」という歌い出しで始まる日本の童謡は何でしょう？,『靴が鳴る』(『くつがなる』)
2014,ノーマル,『精神分析入門』や『夢判断』といった著書で知られる、精神分析の創始者ともいわれるオーストリアの精神科医は誰でしょう？,ジークムント・フロイト
2014,ノーマル,「革命未だならず」という言葉を残しこの世を去った、中国の辛亥革命を指導し中華民国臨時大総統となった人物は誰でしょう？,孫文(そんぶん)
2014,ノーマル,カルシトニンやチロキシンといったホルモンを分泌する、喉の気管を取り囲む内分泌腺を何というでしょう？,甲状腺(こうじょうせん)
2014,ノーマル,英語では「ジョイント」という、タイルを貼り付けたときにできる継ぎ目のことを何というでしょう？,目地(めじ)
2014,ノーマル,今月(2014年3月)放送を終了する、フジテレビ系列で平日昼間に放送されている、タモリが司会を務めるバラエティ番組は何でしょう？,『森田一義アワー笑っていいとも!』(『もりたかずよしあわーわらっていいとも!』)
2014,ノーマル,「役に立つ選手」という意味がある、野球やサッカーで、複数のポジションをこなすことができる選手のことを何プレイヤーというでしょう？,ユーティリティプレイヤー
2014,ノーマル,この地を訪れた頼山陽が命名した、大沼、三保の松原とともに新日本三景の一つに数えられている大分県中津市にある渓谷は何でしょう？,耶馬渓(やばけい)
2014,ノーマル,パレスチナの港町・ガザで作られた織物が用いられたことに由来する、傷口を押さえるのに使われる柔らかい布地を何というでしょう？,ガーゼ
2014,ノーマル,野生のペンギンの中で、最も北に生息しているのは何ペンギンでしょう？,ガラパゴスペンギン
2014,ノーマル,直木賞の最年少受賞者は堤千代(つつみ・ちよ)ですが、芥川賞の最年少受賞者は誰でしょう？,綿矢(わたや)りさ(わたや(わたや)りさ)
2014,ノーマル,アメリカンフットボールで、ディフェンス側とオフェンス側を分ける仮想の線のことを何ラインというでしょう？,スクリメージライン
2014,ノーマル,電話で、自分が出られない場合に通話相手に音声を残してもらえる機能のことを何というでしょう？,留守番電話(るすばんでんわ)
2014,ノーマル,イタリア語で「バラの山」という意味がある、イタリアとスイスの国境にある、アルプス山脈で2番目に高い山は何でしょう？,モンテ・ローザ
2014,ノーマル,立憲政友会の総裁として内閣総理大臣に就任した政治家で、昭和7年に五・一五事件で暗殺されたのは誰でしょう？,犬養毅(いぬかい・つよし)
2014,ノーマル,時速1852mを1とする、主に船の速さを表す時に用いられる単位は何でしょう？,ノット
2014,ノーマル,昨年(2013年)11月、トーセンラーに騎乗してマイルチャンピオンシップを制し、史上初となるGI通算100勝を達成した競馬騎手は誰でしょう？,武豊(たけ・ゆたか)
2014,ノーマル,修行のために行方を定めず全国を行脚するお坊さんのことを、「雲」という漢字を使って何というでしょう？,雲水(うんすい)
2014,ノーマル,毎年9月に開催される音楽イベント「イナズマロックフェス」の主催者でもある、T.M.Revolutionのボーカリストは誰でしょう？,西川貴教(にしかわ・たかのり)
2014,ノーマル,元服、婚礼、葬儀、祭祀という人生の4つの大きな儀式のことを四字熟語で何というでしょう？,冠婚葬祭(かんこんそうさい)
2014,ノーマル,高さ85メートルの展望台までエレベーターで拝観できる、世界最大のブロンズ像でもある茨城県の大仏は何でしょう？,牛久大仏(うしくだいぶつ)
2014,ノーマル,7番ピンと10番ピンのみが残ったボウリングのスプリットを、ある動物の目に例えて何というでしょう？,スネークアイ
2014,ノーマル,自然環境を開発による破壊から守るため、周辺住民などが資金を出し合って土地を買収し、保全を行う運動を何というでしょう？,ナショナルトラスト運動(なしょなるとらすとうんどう)
2014,ノーマル,青年ハンス・カストルプが7年間のサナトリウム生活の中で成長していく姿を描いた、トマス・マンの長編小説は何でしょう？,『魔の山』(『まのやま』)
2014,ノーマル,古代ローマで着用されていた「トゥニカ」が語源である、腰までの丈がある女性用の上着を何というでしょう？,チュニック
2014,ノーマル,ことわざで、「先に立たず」といわれるのは後悔ですが、「並び立たず」といわれるのは何でしょう？,両雄(りょうゆう)
2014,ノーマル,国鉄スワローズと読売ジャイアンツに所属し、日本のプロ野球史上唯一の通算400勝をあげた投手は誰でしょう？,金田正一(かねだ・まさいち)
2014,ノーマル,コカ・コーラを発明したジョン・ペンバートンと、ペプシコーラを発明したケイレブ・ブラッドハムは、ともにどんな職業についていた人でしょう？,薬剤師(やくざいし)
2014,ノーマル,ある特定の電波の通信を意図的に妨害し、その電波を受信できないようにすることを英語で何というでしょう？,ジャミング
2014,ノーマル,代表曲に『ドイツレクイエム』などがあるドイツの作曲家で、「ドイツ3B」の一人にも数えられるのは誰でしょう？,ヨハネス・ブラームス
2014,ノーマル,非常に大きな電流が流れたときに、熱で溶けて回路の通電を遮断する部品を何というでしょう？,ヒューズ
2014,ノーマル,バルカッチャの噴水や、映画『ローマの休日』でのジェラートを食べるシーンで有名な、イタリア・ローマにある広場はどこでしょう？,スペイン広場(すぺいんひろば)
2014,ノーマル,ここにボールを置くとトライとなる、ラグビー場の両サイドにある領域を何というでしょう？,インゴール
2014,ノーマル,英語で「孤立」/という意味がある、コンピュータをネットワークに接続せず単独で使うことをさす言葉は何でしょう？,スタンドアローン
2014,ノーマル,政治などにおいて「最優先にあげられる課題」のことを、住所に例えた表現で何というでしょう？,一丁目一番地(いっちょうめいちばんち)
2014,ノーマル,人形浄瑠璃において、情景描写から登場人物まで、1人で物語を語る人のことを何というでしょう？,太夫(たゆう)
2014,ノーマル,1840年に世界初の幼稚園を設立した、ドイツの教育家は誰でしょう？,フリードリヒ・フレーベル
2014,ノーマル,下駄や草履にある、履いた時に足の指を挟む部分のことを何というでしょう？,鼻緒(はなお)
2014,ノーマル,武将・真田幸村の旗印になっている、三途の川の渡し賃を図案化した紋は何でしょう？,六文銭(ろくもんせん)
2014,ノーマル,兄は啓太、弟は悠太である、今年(2014年)の箱根駅伝で東洋大学の総合優勝に大きく貢献した、双子の選手の苗字は何でしょう？,設楽(したら)
2014,ノーマル,「近代彫刻の父」と呼ばれる、『カレーの市民』や『考える人』などの作品を残したフランスの彫刻家は誰でしょう？,オーギュスト・ロダン
2014,ノーマル,健康的に日焼けした肌の色のことを、ある穀物を使って何色というでしょう？,小麦色(こむぎいろ)
2014,ノーマル,学名を「Gallirallus okinawae/(ガッリラルッス・オキナワエ)」という、沖縄本島北部に棲息する鳥は何でしょう？,ヤンバルクイナ
2014,ノーマル,テッペンペンとスゴブルブルという仲間もいる、とんがり星からやって来た東京スカイツリーの公式キャラクターは何でしょう？,ソラカラちゃん
2014,ノーマル,ロシア語で「大河の河口」という意味がある、日本海を北から南に流れる寒流を何海流というでしょう？,リマン海流(リマン)
2014,ノーマル,日本の古典芸能・狂言の二大流派といえば、何流と何流でしょう？,大蔵流(おおくらりゅう)と和泉流(いずみりゅう)(おおくらりゅう(おおくらりゅう)といずみりゅう(いずみりゅう))
2014,ノーマル,相手に悟られないように表情を隠した顔のことを、あるトランプゲームを使って何というでしょう？,ポーカーフェイス
2014,ノーマル,毎年5月の最終日曜日に開催される、優勝祝いに牛乳を飲む習慣で知られるアメリカの自動車レースは何でしょう？,インディ500
2014,ノーマル,洋服の縞模様で、縦縞を「ストライプ」といいますが、横縞を何というでしょう？,ボーダー
2014,ノーマル,バーナビィ・ロスという名義でも作品を発表している、代表作に『ローマ帽子の謎』や『Yの悲劇』があるアメリカの作家は誰でしょう？,エラリー・クイーン
2014,ノーマル,「若い貴族」を意味する言葉にその名を由来する、かつてプロイセンにおいて大きな勢力を持った貴族階級を何というでしょう？,ユンカー
2014,ノーマル,能登半島と本州本土に囲まれている、蜃気楼が見られることで有名な湾はどこでしょう？,富山湾(とやまわん)
2014,ノーマル,ズバリ、マイナス1の逆数はいくつでしょう？,マイナス1
2014,ノーマル,プロデューサーとしてドラマ『踊る大捜査線』シリーズをヒットさせた、昨年(2013年)6月よりフジテレビの代表取締役社長を務める人物は誰でしょう？,亀山千広(かめやま・ちひろ)
2014,ノーマル,唐の詩人・賈島(かとう)の故事に由来する、「文章の語句を練り直しよりよいものにする」という意味の二字熟語は何でしょう？,推敲(すいこう)
2014,ノーマル,黒部ダムがある黒部川第四発電所を所有しているのは、どこの電力会社でしょう？,関西電力(かんさいでんりょく)
2014,ノーマル,漫画『忍者ハットリくん』の主人公ハットリカンゾウは、伊賀流・甲賀流どちらの忍者でしょう？,伊賀流(いがりゅう)
2014,ノーマル,舞台『放浪記』の脚本・演出や、ラジオドラマ『君の名は』の原作を手掛けた劇作家は誰でしょう？,菊田一夫(きくた・かずお)
2014,ノーマル,直訳すると「より小さいパンダ」という意味になる、ネコ目の動物は何でしょう？,レッサーパンダ
2014,ノーマル,後桃園天皇在位中の1772年に「明和」から改められた、五十音順で1番最初にくる日本の元号は何でしょう？,安永(やすなが)
2014,ノーマル,昨年(2013年)、アメリカの債務不履行危機を引き起こした原因の一つである、現政権が進める医療保険制度改革のことを何というでしょう？,オバマケア
2014,ノーマル,紅あずま、鳴門金時、安納芋(あんのういも)といえば、どんな芋の品種でしょう？,サツマイモ
2014,ノーマル,日本語では「聖譚曲」という、ハイドンの『天地創造』やヘンデルの『メサイア』に代表される宗教的音楽劇を何というでしょう？,オラトリオ
2014,ノーマル,ドイツ語で「杖」という意味がある、スキーで滑るときに体を支える道具は何でしょう？,ストック
2014,ノーマル,トルコが面する2つの海・黒海とマルマラ海を結んでいる海峡は何海峡でしょう？,ボスポラス海峡(ぼすぽらすかいきょう)
2014,ノーマル,日本神話において、天岩戸(あまのいわと)にこもった天照大神を外に出すために踊りを踊った女神は誰でしょう？,アメノウズメノミコト
2014,ノーマル,しいたけや竹の子、高野豆腐などで作られることが多い、複数の食材を別々に煮て1つの器に盛り付けた料理を何というでしょう？,炊き合わせ(たきあわせ)
2014,ノーマル,かつて一世を風靡したテクノポップグループ・YMOの3人とは、坂本龍一、細野晴臣(ほその・はるおみ)と誰でしょう？,高橋幸宏(たかはし・ゆきひろ)
2014,ノーマル,「密閉された液体に圧力を加えると、全ての部分に等しく圧力が伝わる」という原理を、提唱したフランスの科学者から何というでしょう？,パスカルの原理(ぱすかるのげんり)
2014,ノーマル,江戸時代では享保、天明、天保のものが有名である、凶作によって食糧が不足し多数の餓死者が出ることを何というでしょう？,飢饉(ききん)
2014,ノーマル,日本国憲法第13条では「基本的人権」はこれのために制限を受けるとされている、「社会構成員全体の共通の利益」のことを指す言葉は何でしょう？,公共の福祉(こうきょうのふくし)
2014,ノーマル,「ジャニタレ」や「ジャニヲタ」などというときの「ジャニ」とは、何という芸能事務所の略でしょう？,ジャニーズ事務所(じゃにーずじむしょ)
2014,ノーマル,著書に『性の歴史』『狂気の歴史』『言葉と物』などがあるフランスの哲学者・思想家は誰でしょう？,ミシェル・フーコー
2014,ノーマル,一般的なトランプ1組52枚のうち、絵札と呼ばれる札は何枚あるでしょう？,12枚(12まい)
2014,ノーマル,『郵便配達夫ルーラン』『タンギー爺さん』『医師ガシェの肖像』などの人物画を残した、オランダ出身の画家は誰でしょう？,フィンセント・ファン・ゴッホ
2014,ノーマル,2016年のリオデジャネイロオリンピックでは、レスリング競技は男女ともいくつの階級で行われるでしょう？,6つ
2014,ノーマル,yがxの関数であるとき、変数xを独立変数というのに対し、変数yを何変数というでしょう？,従属変数(じゅうぞくへんすう)
2014,ノーマル,1815年にワーテルローの戦いでイギリス軍の総司令官としてナポレオンを破った軍人は誰でしょう？,ウェリントン
2014,ノーマル,人が突然行方不明になることを、液体が気体になることに例えて何というでしょう？,蒸発(じょうはつ)
2014,ノーマル,略称を「ほぼ日(にち)」という、コピーライターの糸井重里(いとい・しげさと)が主宰する人気ウェブサイトは何でしょう？,ほぼ日刊イトイ新聞(ほぼにっかんいといしんぶん)
2014,ノーマル,地形や歴史などの面から、県内が「浜通り」「中通り」「会津」の3つの地域に分けられている東北地方の県はどこでしょう？,福島(ふくしま)
2014,ノーマル,国連の専門機関の1つである「世界気象機関」のことを、アルファベット3文字の略称で何というでしょう？,WMO
2014,ノーマル,代表曲に『青春の輝き』『トップ・オブ・ザ・ワールド』がある、リチャードとカレンの兄妹で結成されたポップスデュオは何でしょう？,カーペンターズ
2014,ノーマル,クルーラー、ドレッシング、トーストといった言葉の前に共通してつく、ある国を表す言葉は何でしょう？,フレンチ
2014,ノーマル,化学反応の中でも、物質が電子を受け取る反応を何というでしょう？,還元(かんげん)
2014,ノーマル,講談や映画でおなじみの、大久保彦左衛門とのコンビで事件を解決する魚屋といえば誰でしょう？,一心太助(いっしん・たすけ)
2014,ノーマル,別名を「デイライト・セービング・タイム」という、夏の間に標準時間から一時間進めた時刻を使用する制度を何というでしょう？,サマータイム
2014,ノーマル,ジーン・ウェブスターの小説『あしながおじさん』で、あしながおじさんから奨学金を受ける少女の名前は何でしょう？,ジュディ・アボット
2014,ノーマル,昨年(2013年)8月12日に日本国内の観測史上最高気温41.0度を記録した、高知県の市はどこでしょう？,四万十(しまんと)
2014,ノーマル,リレー競技における最終走者のことを、「いかり」という意味の英語で何というでしょう？,アンカー
2014,ノーマル,イタリアの作曲家レスピーギの「ローマ三部作」といえば、『ローマの噴水』『ローマの松』と何でしょう？,『ローマの祭り』(『ろーまのまつり』)
2014,ノーマル,長年雑誌「詩とメルヘン」の編集を手がけたことでも知られる、アンパンマンの生みの親である絵本作家は誰でしょう？,やなせたかし
2014,ノーマル,明治2年、フランス人技師レオンス・ヴェルニーの設計により日本初の洋式灯台としてつくられた、三浦半島にある灯台は何でしょう？,観音埼灯台(かんのんさきとうだい)
2014,ノーマル,企業が株主に対して、配当以外に商品やサービスを提供する制度を何というでしょう？,株主優待(かぶぬしゆうたい)
2014,ノーマル,「Fire」や「Paperwhite」などのモデルがある、Amazon.comの電子書籍リーダーは何でしょう？,Kindle(キンドル)
2014,ノーマル,犬の種類に名を残す「チワワ」や、調味料に名を残す「タバスコ」といえば、いずれもどこの国の州でしょう？,メキシコ
2014,ノーマル,地球内部の地層の分類で、リソスフェアの下に位置する比較的軟らかい層を何というでしょう？,アセノスフェア
2014,ノーマル,客のふりをして商品を褒めたりすることで、客に買う気持ちを起こさせる人のことを、ある花の名を使って何というでしょう？,サクラ
2014,ノーマル,女優ヴィヴィアン・リーがアカデミー主演女優賞を受賞した2作品とは、『風と共に去りぬ』と何でしょう？,『欲望という名の電車』(『よくぼうというめいのでんしゃ』)
2014,ノーマル,京都の治安維持を担当した、平安時代に置かれた令外官(りょうげのかん)のひとつは何でしょう？,検非違使(けびいし)
2014,ノーマル,切れ味の悪くなったのこぎりを、やすりなどで研いで再び切れやすくすることを何というでしょう？,目立て(めだて)
2014,ノーマル,毎年5月19日の「うちわまき」の行事が有名な、759年、唐の僧侶・鑑真(がんじん)によって建立された奈良のお寺はどこでしょう？,唐招提寺(とうしょうだいじ)
2014,ノーマル,代表作『堕落論』や『桜の森の満開の下』で知られる、新潟県出身の作家は誰でしょう？,坂口安吾(さかぐち・あんご)
2014,ノーマル,昨年(2013年)行われたベルリン・マラソンにおいて、男子マラソンの世界記録を樹立した、ケニアの陸上選手は誰でしょう？,ウィルソン・キプサング・キプロティチ
2014,ノーマル,人気俳優の奥さんで、中尾彬(なかお・あきら)の妻は池波志乃(いけなみ・しの)ですが、中尾明慶(なかお・あきよし)の妻である女優は誰でしょう？,仲里衣紗(なか・りいさ)
2014,ノーマル,妊娠中に子宮内で胎児を包んでいる膜が破れ、中の羊水が出てくることを何というでしょう？,破水(はすい)
2014,ノーマル,刑事裁判の最初に行なわれる、裁判官が被告人に氏名や年齢などを尋ねることを何というでしょう？,人定質問(じんていしつもん)
2014,ノーマル,その花は徳島県の県の花にもなっている、料理の風味付けなどに用いられる徳島原産の柑橘類は何でしょう？,すだち
2014,ノーマル,自分とは全く無関係である他人のことを、ある色を用いて「何の他人」というでしょう？,赤(あか)
2014,ノーマル,1467年に起こった応仁の乱の時に位に就いていた、漢字にして4文字と最も長い諡(おくりな)をもつ天皇は誰でしょう？,後土御門天皇(ごつちみかど-)
2014,ノーマル,佛教大学、龍谷大学、同志社大学、立命館大学といった大学が共通してキャンパスを持つ都道府県はどこでしょう？,京都(きょうと)
2014,ノーマル,ルビーやサファイアなどがこれの一種である、酸化アルミニウムの結晶からなる鉱物を何というでしょう？,コランダム
2014,ノーマル,2番目の妻は政治家の片山さつきである、今年(2014年)の東京都知事選挙で当選した元厚生労働大臣は誰でしょう？,舛添要一(ますぞえ・よういち)
2014,ノーマル,バレーボールで、サーブレシーブをレセプションというのに対し、スパイクレシーブを何というでしょう？,ディグ
2014,ノーマル,卒業式の定番曲『仰げば尊し』の歌詞に登場する唯一の昆虫は何でしょう？,ホタル
2014,ノーマル,屋根裏暮らしの画家に月が地上の出来事を語り聞かせるという内容の、アンデルセンの童話は何でしょう？,『絵のない絵本』(『えのないえほん』)
2014,ノーマル,現在行われている5つのジャンボ宝くじのうち、一年で最初に発売・抽選が行われるのは何でしょう？,グリーンジャンボ宝くじ(ぐりーんじゃんぼたからくじ)
2014,ノーマル,仏教の一派、本山修験宗の総本山である寺院で、京野菜のかぶやだいこんの名前にもなっているのはどこでしょう？,聖護院(しょうごいん)
2014,ノーマル,ビリヤードで、的玉を狙いにくい配置にし、相手にターンを回すテクニックを何というでしょう？,セーフティ
2014,ノーマル,今年(2014年)開通100周年を迎える、大西洋とカリブ海を結ぶ運河は何でしょう？,パナマ運河(ぱなまうんが)
2014,ノーマル,「女房と畳は新しいほどよい」と逆の意味のことわざを、ある調味料を使って「女房と何は古いほうがよい」というでしょう？,味噌(みそ)
2014,ノーマル,「飛んでいる矢は止まっている」/「アキレスと亀」のパラドックスで知られる、古代ギリシアの自然哲学者は誰でしょう？,ゼノン
2014,ノーマル,「憎しと思えば七五三六一坊主にハチが刺す」といえば、どんなものの覚え歌として知られる文章でしょう？,魔方陣(まほうじん)
2014,ノーマル,輪切りにした人参や大根などを皮をむくように回しながら長く薄く切る野菜の切り方を何というでしょう？,かつらむき
2014,ノーマル,戦前には塩原や日光などにもあったが、現在は那須、葉山、須崎の三か所に設けられている、皇室の別邸のことを何というでしょう？,御用邸(ごようてい)
2014,ノーマル,別名をアメリカヤマボウシという春に白や赤の花を咲かせる植物で、一青窈のヒット曲のタイトルにもなっているのは何でしょう？,ハナミズキ
2014,ノーマル,1980年、『死者の木霊(ししゃのこだま)』でデビューした日本の小説家で、探偵・浅見光彦の生みの親として知られるのは誰でしょう？,内田康夫(うちだ・やすお)
2014,ノーマル,フランス料理ではジャガイモの拍子木切りを指す言葉としても用いられる、パリのセーヌ川にかかる最も古い橋は何でしょう？,ポン・ヌフ
2014,ノーマル,丘灯至夫(おか・としお)作詞の童謡『ねこふんじゃった』で、ねこが蹴飛ばしたのは何でしょう？,金魚ばち(きんぎょばち)
2014,ノーマル,弟に同じく俳優の真之介がいる、映画『川の底からこんにちは』やテレビドラマ『Woman』などで主演を務めた沖縄県出身の女優は誰でしょう？,満島ひかり(まんしまひかり)
2014,ノーマル,紀元前に西地中海の覇権を巡り、ローマとカルタゴが3回にわたって行った戦争のことを何というでしょう？,ポエニ戦争(ぽえにせんそう)
2014,ノーマル,芸術作品のなかでも、展示空間とその配置全体が作品となっている形態のことを、「設置」を意味する英語で何というでしょう？,インスタレーション
2014,ノーマル,夜に漁を行う漁船が、魚を集めるために灯す明かりを何というでしょう？,漁火(いさりび)
2014,ノーマル,アイドルグループ・SKE48で人気を二分する「珠理奈」「玲奈」といえば、二人に共通する苗字は何でしょう？,松井(まつい)
2014,ノーマル,他の元素と反応しにくいという性質がある、元素周期表第18族に属する元素のことを、総称して何というでしょう？,希ガス元素(まれがすげんそ)
2014,ノーマル,意見が対立して議論がまとまらない様子を、「甲」と「乙」の2文字を使った四字熟語で何というでしょう？,甲論乙駁(こうろんおつばく)
2014,ノーマル,「この法律は、日本国内において罪を犯したすべての者に適用する」を第1条第1項とする、六法のひとつは何でしょう？,刑法(けいほう)
2014,ノーマル,アレキサンダー大王の家庭教師も務めていた、様々な学問体系を構築し「万学の祖」と称された古代ギリシャの哲学者は誰でしょう？,アリストテレス
2014,ノーマル,イラクの建築家ザハ・ハディドがデザインした案に基づき建替えが行われる、2020年東京オリンピックの中心会場となる予定の競技場はどこでしょう？,国立競技場(こくりつきょうぎじょう)
2014,ノーマル,元々江戸時代の街道における分岐点を指した言葉で、山形県の酒田や北海道の江差(えさし)に伝わる民謡の名前にもなっているのは何でしょう？,追分(おいわけ)
2014,ノーマル,テレビゲーム『スーパーマリオブラザーズ』で100個取ると残り人数が1つ増えるのはどんなものでしょう？,コイン
2014,ノーマル,「気体の体積は圧力に反比例し、絶対温度に比例する」という法則を、イギリスとフランスの2人の物理学者の名前をとって何というでしょう？,ボイル・シャルルの法則(ぼいる・しゃるるのほうそく)
2014,ノーマル,好文木、花の兄、春告草といえば、春に見頃を迎える何という植物の別名でしょう？,梅(うめ)
2014,ノーマル,山口県の錦川にかかる全長193.3メートルの橋で、「日本三奇橋」のひとつにも数えられているのは何でしょう？,錦帯橋(きんたいきょう)
2014,ノーマル,映画やドラマの中で使用されたBGMなどの音楽をまとめて、音源化したCDアルバムのことを英語で何というでしょう？,サウンドトラック
2014,ノーマル,昭和10年に同人雑誌『星座』に発表された、第1回芥川賞を受賞した石川達三の小説は何でしょう？,『蒼氓』(そうぼう)
2014,ノーマル,一種類の豆だけからなるコーヒーのことを、「ブレンドコーヒー」に対して「何コーヒー」というでしょう？,ストレートコーヒー
2014,ノーマル,演劇用語で、幕が開いたときすでに役者が舞台上にいることを「何付き」というでしょう？,板付き(いたつきき)
2014,ノーマル,健康診断で使われる「オージオメーター」といえば、何を測る機械でしょう？,聴力(ちょうりょく)
2014,ノーマル,法を授けた証として師匠が弟子に与えた、禅宗における高僧の肖像画を何というでしょう？,頂相(ちんぞう)
2014,ノーマル,ソチオリンピック女子パラレル大回転で銀メダルを獲得し、日本人女性として始めてスノーボード競技でメダルを獲得した選手は誰でしょう？,竹内智香(たけうち・ともか)
2014,ノーマル,わずかな前触れから将来の変化を察知することを、「一葉落ちて何を知る」というでしょう？,天下の秋(てんかのあき)
2014,ノーマル,現在日本で発行されている普通切手で、一番額面が大きいのは500円切手ですが、二番目に大きいのは何円切手でしょう？,350円切手(350)
2014,ノーマル,旧約聖書に登場する怪力の持ち主とペリシテ人の美女とのやり取りを題材とした、サン=サーンス作曲のオペラは何でしょう？,『サムソンとデリラ』
2014,ノーマル,フィリピンの元大統領を記念して制定された、「アジアのノーベル賞」と呼ばれる賞は何でしょう？,マグサイサイ賞(まぐさいさいしょう)
2014,ノーマル,登山で人気の「高尾山」がある、東京都の市はどこでしょう？,八王子(はちおうじ)
2014,ノーマル,体操競技において、コールマン、トカチェフ、コバチといえば、何という種目の技の名前でしょう？,鉄棒(てつぼう)
2014,ノーマル,数学で、「1より大きい整数のうち、1とその数以外の自然数で割り切れない数」のことを何というでしょう？,素数(そすう)
2014,ノーマル,映画やドラマにおける撮影終了のことを、手回しカメラのハンドルにちなんだ和製英語で何というでしょう？,クランクアップ
2014,ノーマル,25人枠と40人枠の2種類がある、メジャーリーグにおける選手登録枠を英語で何というでしょう？,ロースター
2014,ノーマル,鎌倉時代に開かれた仏教の宗派で、浄土宗の開祖は法然ですが、浄土真宗の開祖は誰でしょう？,親鸞(しんらん)
2014,ノーマル,昨年(2013年)、エッセイ『野心のすすめ』がベストセラーとなった小説家は誰でしょう？,林真理子(はやし・まりこ)
2014,ノーマル,十二支に登場する動物のうち、星占いの12星座にも登場するのは、何と何でしょう？,牛と羊(うしとひつじ)
2014,ノーマル,英語では「コンプリートメタモルフォージス」という、昆虫が卵、幼虫、サナギを経て成虫になることを何というでしょう？,完全変態(かんぜんへんたい)
2014,ノーマル,オーストラリアのタスマニア島に名を残すアベル・タスマンはどこの国の探検家でしょう？,オランダ
2014,ノーマル,1995年に、エイズ患者への募金活動の一環として製作され大ヒットした、桑田佳祐とMr.Childrenによるチャリティーシングルは何でしょう？,『奇跡の地球』(きせきのほし)
2014,ノーマル,正式には「エリザベスタワー」と呼ばれる、ロンドンのウェストミンスター宮殿に併設されている時計台の愛称は何でしょう？,ビッグ・ベン
2014,ノーマル,日本語では片眼鏡(かためがね)という、かつて貴族の男性が身につけていたレンズが片方しか無いメガネを何というでしょう？,モノクル
2014,ノーマル,テレビ業界において、プライムタイムに含まれてゴールデンタイムに含まれない1時間とは、何時から何時まででしょう？,午後10時から午後11時(ごご10ときからごご11とき)
2014,ノーマル,鹿の肩甲骨を焼き、その割れ具合で吉凶を占った、古代の日本で行われた占いの一種は何でしょう？,太占(ふとまに)
2014,ノーマル,研究論文を学術雑誌に掲載する前に、専門家によって内容を審査することを何というでしょう？,査読(さどく)
2014,ノーマル,野菜ジュースのメーカーで、「1日分の野菜」を発売しているのは伊藤園ですが、「野菜1日これ一本」を発売している会社はどこでしょう？,カゴメ
2014,ノーマル,ジュリアス・シーザーが「賽は投げられた」と言って渡ったとされる、イタリア北部を流れる川は何でしょう？,ルビコン川(るびこんかわ)
2014,ノーマル,厚生労働省が設置する「ハローワーク」の正式名称は何でしょう？,公共職業安定所(こうきょうしょくぎょうあんていところ)
2014,ノーマル,トーマス・バッハの後を受け、現在、国際オリンピック委員会の会長を務める人物は誰でしょう？,カースティ・コベントリー
2014,ノーマル,別名を「ペトリ皿」という、細菌を培養する際などに用いられる、底の浅い透明な容器をドイツ語で何というでしょう？,シャーレ
2014,ノーマル,ニッポン放送の『オールナイトニッポン』で、1994年から現在まで木曜日のパーソナリティを担当しているお笑いコンビは何でしょう？,ナインティナイン
2014,ノーマル,12歳の少女ドロレスに/思いを寄せる主人公ハンバート・ハンバートの姿を描いた、ウラジミール・ナボコフの小説は何でしょう？,『ロリータ』(ロリータ)
2014,ノーマル,小売店などで、帳簿の数字と実際の数との差を調べるために定期的に行われる在庫調査のことを何というでしょう？,棚卸(たなおろし)
2014,ノーマル,日本の都道府県で、人口密度が最も高いのは東京都ですが、最も低いのはどこでしょう？,北海道(ほっかいどう)
2014,ノーマル,大相撲で、平幕の力士が横綱に勝つことを、特に何というでしょう？,金星(きんぼし)
2014,ノーマル,椋鳩十(むく・はとじゅう)の小説『大造じいさんとガン』に登場する、ガンの頭領の名前は何でしょう？,残雪(ざんせつ)
2014,ノーマル,B級グルメの日本一を決める「B-1グランプリ」で、投票の際に用いられるものは何でしょう？,割り箸(わりばし)
2014,ノーマル,相手を立てるときには「持たせ」、彩りを加えるときには「添える」といわれるものは何でしょう？,華(はな)
2014,ノーマル,英語では「ポインティリズム」と呼ばれる、ジョルジュ・スーラが名手として知られる絵画の技法は何でしょう？,点描法(てんびょうほう)
2014,ノーマル,最大風速54メートル以上と定義されている、台風の強さを表す言葉のうち最も強いものを表す言葉は何でしょう？,猛烈な(もうれつな)
2014,ノーマル,家具を運ぶときに傷がつくのを防ぐため、布や板で運搬物などを保護することを、漢字二文字で何というでしょう？,養生(ようじょう)
2014,ノーマル,今年(2014年)没後20周年を迎える、かつて「音速の貴公子」と呼ばれた、ブラジルのF1ドライバーは誰でしょう？,アイルトン・セナ
2014,ノーマル,英語で海の生き物のタコはオクトパスといいますが、空に揚げるタコは何というでしょう？,カイト
2014,ノーマル,1895年に締結された日清戦争の講和条約のことを、それが締結された地名を取って何条約というでしょう？,下関条約(しものせきじょうやく)
2014,ノーマル,ギリシャ語で「位置の学問」という意味がある、日本語では「位相幾何学」と呼ばれる数学の分野は何でしょう？,トポロジー
2014,ノーマル,あらゆる物事に対して不吉であるが、正午に限って吉である、今日(2014年3月23日)の六曜は何でしょう？,赤口(しゃっこう)
2014,ノーマル,代表作に『8・1・3(はちいちさん)』『奇岩城(きがんじょう)』などの「怪盗ルパン」シリーズがある、フランスの推理小説家は誰でしょう？,モーリス・ルブラン
2014,ノーマル,「思いつめて気持ちが抑えられないこと」を、ある武器と防具の名前を用いて何というでしょう？,矢も盾もたまらない(やもたてもたまらない)
2014,ノーマル,トップ、ストレーナー、ボディといった部品から構成される、カクテルを作るときに使う道具は何でしょう？,シェイカー
2014,ノーマル,日本の市で、白石市(しろいしし)があるのは宮城県ですが、黒石市(くろいしし)があるのは何県でしょう？,青森(あおもり)
2014,ノーマル,同名のゲームはファミコン本体と同時発売された、ほうれん草が好物の船乗りを主人公とするアニメは何でしょう？,『ポパイ』
2014,ノーマル,預金口座を転々とさせるなど、犯罪が絡んだ資金の出どころを偽装する行為を何というでしょう？,マネー・ローンダリング
2014,ノーマル,本殿の修理が終わった昨年(2013年)には「平成の大遷宮」が行われた、大国主命(おおくにぬしのみこと)を祀る島根県の神社はどこでしょう？,出雲大社(いずもたいしゃ)
2014,ノーマル,植物で、単子葉類の葉脈の形を平行脈といいますが、双子葉類の葉脈の形を何というでしょう？,網状脈(もうじょうみゃく)
2014,ノーマル,数え年で男性の本厄にあたる3つの年齢とは、25歳、42歳と何歳でしょう？,61歳(61とし)
2014,ノーマル,野外での観察を重視し自然の美を題材とした、コローやミレーに代表される、19世紀フランスの風景画家グループを何というでしょう？,バルビゾン派(ばるびぞんは)
2014,ノーマル,3世代にわたるマフィア・コルレオーネ一家の歴史を描いた、フランシス・コッポラ監督の人気映画シリーズは何でしょう？,『ゴッドファーザー』
2014,ノーマル,小倉百人一首の第1番の歌の作者は天智天皇ですが、第2番の歌の作者である彼の娘は誰でしょう？,持統天皇(じとうてんのう)
2014,ノーマル,漢字では「簓(たけかんむりに彫刻の彫)」と書く、鍋にこびりついた汚れなどを取るのに用いる、細かく割った竹を束ねた台所用品は何でしょう？,ささら
2014,ノーマル,童謡『数字の歌』で、「おたまじゃくし」と歌われている数字は何でしょう？,9
2014,ノーマル,最初に煎じたお茶を「出花」というのに対し、何度も煎じて薄くなったお茶のことを、「出る」という漢字を用いて何というでしょう？,出涸らし(でが-)
2014,ノーマル,1937年にアメリカのレイクハースト飛行場で爆発事故を起こし飛行船衰退のきっかけを作った、ドイツの大型飛行船は何でしょう？,ヒンデンブルク号(ひんでんぶるくごう)
2014,ノーマル,ラテン語の「ろうそく」という意味の言葉に由来する、SI基本単位における光度(こうど)の単位は何でしょう？,カンデラ
2014,ノーマル,野球においてファーストとキャッチャーの選手が使用する、/親指と他の指が分かれたグラブを何というでしょう？,ミット
2014,ノーマル,岐阜県、長野県、富山県の3県で県の鳥となっている鳥は何でしょう？,ライチョウ
2014,ノーマル,『酒は涙か溜息か』/や『悲しい酒』などのヒット曲を作曲し、国民栄誉賞も受賞した日本の作曲家は誰でしょう？,古賀政男(こがまさお)
2014,ノーマル,落語の用語で「ツ離れ」とは、客が何人以上入っていることを意味するでしょう？,10人(10にん)
2014,ノーマル,イタリア料理で出されるデザートのことを、「甘い」という意味のイタリア語で何というでしょう？,ドルチェ
2014,ノーマル,酸素を貯蔵する役割を果たしている色素たんぱく質の一種で、動物の筋肉が赤色である原因となっているのは何でしょう？,ミオグロビン
2014,ノーマル,藤巻忠俊の人気漫画『黒子のバスケ』で、主人公である黒子のフルネームは何でしょう？,黒子テツヤ(くろこてつや)
2014,ノーマル,スペイン語で「肥沃(ひよく)な土地」という意味がある、多くのカジノが名を連ねることで有名な、アメリカ・ネバダ州の都市はどこでしょう？,ラスベガス
2014,ノーマル,母校でもあるトロント大学で教授を務めたカナダの数学者で、数学界最高の栄誉といわれる賞に名を残すのは誰でしょう？,ジョン・フィールズ
2014,ノーマル,資産家のフィリーズ･フォッグが2万ポンドを賭けた旅に挑戦するという内容の、ジュール･ヴェルヌの小説は何でしょう？,『八十日間世界一周』(『はちじゅうにちかんせかいいっしゅう』)
2014,ノーマル,ポンプの水が出ないときに、/上から注ぐ水を何というでしょう？,呼び水(よびみず)
2014,ノーマル,西国三十三箇所の16番札所と25番札所に共通するお寺の名前で、特に16番札所の本堂前にある舞台が有名なのは何でしょう？,清水寺(きよみずでら)
2014,ノーマル,サッカーのワールドカップで、試合中の選手交代は各チーム何人まで行うことができるでしょう？,3人(3にん)
2014,ノーマル,おばあさんが金属製のヘラ/を用いて盛り付けたことから名前がついた、秋田の名物アイスは何でしょう？,ババヘラ
2014,ノーマル,ネコが前足で物を掻き寄せる動作に由来する、横から余計な手出しをするという意味の言葉は何でしょう？,ちょっかい
2014,ノーマル,パリにあるシンボルがタイトルとなっている、医師ラヴィックと女優ジョアンの恋を描いたドイツの作家レマルクの代表作は何でしょう？,『凱旋門』(『がいせんもん』)
2014,ノーマル,企業の最高経営責任者はCEOといいますが、最高執行責任者をアルファベット3文字で何というでしょう？,COO
2014,ノーマル,歌舞伎の『仮名手本忠臣蔵(かなでほんちゅうしんぐら)』などで、雪が降るときの効果音として用いられる楽器は何でしょう？,太鼓(たいこ)
2014,ノーマル,関西国際空港が位置するのは大阪湾ですが、中部国際空港が位置するのは何湾でしょう？,伊勢湾(いせわん)
2014,ノーマル,裏返しにした碁笥(ごけ)の蓋に載せるのが一般的である、囲碁の対局中に相手から取った石のことを何というでしょう？,あげはま
2014,ノーマル,レンコンはハス科に属していますが、和名を「オカレンコン」というオクラは何科に属しているでしょう？,アオイ科(あおいか)
2014,ノーマル,正式には「ミュンヘン音楽学校の合唱曲練習書」という、ドイツの音楽家フランツ・ヴュルナーによって作られた合唱の教則本は何でしょう？,コールユーブンゲン
2014,ノーマル,昨年(2013年)、4番目と5番目の衛星にそれぞれ「ケルベロス」「ステュクス」という名前が付いた準惑星は何でしょう？,冥王星(めいおうせい)
2014,ノーマル,ここを越えなければストーンは失格となる、カーリングで、ハウスの手前に引かれたラインを何というでしょう？,ホッグライン
2014,ノーマル,『幻の華』や『かぼちゃ』など、モチーフ全体を水玉模様で埋め尽くす作品で知られる現代美術家は誰でしょう？,草間彌生(くさま・やよい)
2014,ノーマル,物事がうまく進行するように導くことを、船の進む方向を操作するために必要な装置の名を使って「何を取る」というでしょう？,舵(かじ)を取る(かじ(かじ)をとる)
2014,ノーマル,近代看護制度を創始した人物である、クリミア戦争で傷病兵の看護に活躍したイギリス人は誰でしょう？,フローレンス・ナイチンゲール
2014,ノーマル,部屋などへ入る際、相手にその意思を知らせるためにドアを軽く叩くことを英語で何というでしょう？,ノック
2014,ノーマル,キリスト教の聖職者で「牧師」といえば、カトリック、プロテスタントのどちらの司祭のことでしょう？,プロテスタント
2014,ノーマル,ソニー・ロリンズ、ジョン・コルトレーン、チャーリー・パーカーといえばどんな楽器の奏者として有名な人物でしょう？,サックス
2014,ノーマル,ヒトパルボウイルスB19によって引き起こされる「伝染性紅斑」のことを、ほっぺたの色がある果物のようになることから俗に何病というでしょう？,りんご病(りんごびょう)
2014,ノーマル,名古屋テレビ塔、大阪通天閣、東京タワーを設計し、「塔博士」と呼ばれた建築家は誰でしょう？,内藤多仲(ないとう・たちゅう)
2014,ノーマル,マラソンやトライアスロンの試合前に、エネルギー源を補給するため、炭水化物を多く摂取することを何というでしょう？,カーボローディング
2014,ノーマル,ハイブッシュやラビットアイといった品種がある、果実にアントシアニンを含むことで知られるツツジ科の植物は何でしょう？,ブルーベリー
2014,ノーマル,日中戦争の際には国民政府が臨時の首都とした、北京、上海、天津とともに中国の直轄市となっている都市はどこでしょう？,重慶(じゅうけい/チョンチン)
2014,ノーマル,現在は神奈川県の歴史博物館になっている、1275年頃に北条実時(ほうじょう・さねとき)が建設した私設図書館は何でしょう？,金沢文庫(かねさわぶんこ)
2014,ノーマル,観客の反応を見るために、映画の内容や出演者などを一切知らせずに行う試写会のことを英語で何というでしょう？,スニークプレビュー
2014,ノーマル,ハロウィンで、仮装した子供たちが近所の家の玄関先で唱える、「ご馳走をくれないと悪戯するよ」という意味の言葉は何でしょう？,トリック・オア・トリート
2014,ノーマル,ニュートンが確立した「運動の三法則」のうち、運動方程式を定めているのは第何法則でしょう？,第二法則(だいにほうそく)
2014,ノーマル,ことわざで、若いころに身につけた技能のことを、「昔とった何」というでしょう？,杵柄(きねづか)
2014,ノーマル,男子は1チーム10人、女子は1チーム12人で行われる、カナダの夏の国技であるスポーツは何でしょう？,ラクロス
2014,ノーマル,アンデス高原一帯にケチュア族が築いた、1533年にスペイン人のピサロによって征服された帝国は何でしょう？,インカ帝国(いんかていこく)
2014,ノーマル,21世紀に入ってからはトルコ、ルーマニア、ジンバブエなどが行った、通貨単位の切り上げや切り下げのことを何というでしょう？,デノミネーション
2014,ノーマル,冒頭の一節「春眠暁を覚えず」が有名な、唐の詩人・孟浩然(もうこうねん)の代表作は何でしょう？,『春暁』(しゅんぎょう)
2014,ノーマル,立てこもりやハイジャック事件に駆けつけて対処する、日本の警察の特殊急襲部隊を、アルファベット3文字で何というでしょう？,SAT(サット)
2014,ノーマル,日本では俳優・松本幸四郎(まつもと・こうしろう)のライフワークとして有名な、セルバンテスの小説『ドン・キホーテ』を下敷きにしたミュージカルは何でしょう？,『ラ・マンチャの男』(『ら・まんちゃのおとこ』)
2014,ノーマル,火星の大気の中で、95%と最も多くの割合を占める気体は何でしょう？,二酸化炭素(にさんかたんそ)
2014,ノーマル,日本では労働組合法第7条で禁止されている、労働者が労働組合に加入しないことを条件として行う雇用契約を何というでしょう？,黄犬契約(おうけんけいやく)
2014,ノーマル,これまでに光GENJI、NYC、Sexy Zoneなどによって歌われた、アニメ『忍たま乱太郎』のオープニング曲は何でしょう？,『勇気100%』(『ゆうき100%』)
2014,ノーマル,歯医者さんの用語で、「プラーク」は歯垢のことですが、「タータ」は何のことでしょう？,歯石(しせき)
2014,ノーマル,ミュンヘン一揆の後に獄中で口述筆記された、ドイツの政治家アドルフ・ヒトラーの著書は何でしょう？,『わが闘争』(『わがとうそう』)
2014,ノーマル,1974年から、水球の公式戦376連勝という記録を残した日本の大学はどこでしょう？,日本体育大学(にほんたいいくだいがく)
2014,ノーマル,目隠しをして、鼻や口などのパーツを顔の正しい位置に置く、正月によく行われる遊びは何でしょう？,福笑い(ふくわらい)
2014,ノーマル,一般に、ピアノの弾き方を「運指(うんし)」というのに対し、バイオリンの弾き方を同じく「運」という字を使って何というでしょう？,運弓(うんきゅう)
2014,ノーマル,『私家版日本語文法』『自家製文章読本(ぶんしょうどくほん)』などのエッセイ集や、小説『吉里吉里人(きりきりじん)』で知られる作家は誰でしょう？,井上ひさし(いのうえひさし)
2014,ノーマル,ラテン語で「炎」という意味の言葉に由来する名前を持つ、和名を「ベニヅル」という鳥は何でしょう？,フラミンゴ
2014,ノーマル,企業や団体などにおいて、同じ学校の出身者によって作られる勢力のことを漢字2文字で何というでしょう？,学閥(がくばつ)
2014,ノーマル,正式名称を「フランス・バニング・コック隊長の市民隊」という、オランダの画家レンブラントの代表作は何でしょう？,『夜警』(『やけい』)
2014,ノーマル,俳句において、「や」「かな」「けり」などの、句を区切る働きをする語のことを特に何というでしょう？,切れ字(きれじ)
2014,ノーマル,日本語では「解職請求」と訳される、国民・住民の意思により公職にある者を解任する手続きのことを何というでしょう？,リコール
2014,ノーマル,セーターなどに見られる菱形のチェックのことを、あるスコットランドの地名から何というでしょう？,アーガイル
2014,ノーマル,歴代モーニング娘。のメンバーの中で最も長期間在籍している、現在のモーニング娘。'14(ワンフォー)のリーダーは誰でしょう？,道重さゆみ(みちしげさゆみ)
2014,ノーマル,スピードやフュージョンなどの種目がある、2本のロープの中をジャンパーが跳ぶ縄跳びの一種を何というでしょう？,ダブルダッチ
2014,ノーマル,ASEANに加盟している10カ国のうち、唯一の内陸国はどこでしょう？,ラオス人民民主共和国(らおすじんみんみんしゅきょうわこく)
2014,ノーマル,小麦粉を練った生地の中にひき肉や玉ねぎを入れ、油で揚げて作られる、ロシアの惣菜パンは何でしょう？,ピロシキ
2014,ノーマル,化学で、一種類の元素だけで構成される物質を「単体」というのに対し、二種類以上の元素が結合してできた物質を何というでしょう？,化合物(かごうぶつ)
2014,ノーマル,観光素材の数、客車の数、九州の県の数から名づけられた、昨年(2013年)10月から運行されたJR九州の豪華列車は何でしょう？,ななつ星(in九州)
2014,ノーマル,「先のことはまったく予想がつかないものだ」という慣用句を、ある長さの単位を用いて何というでしょう？,一寸先は闇(ちょっとさきはやみ)
2014,ノーマル,石川県かほく市には彼の記念館がある、『善の研究』などの著書で知られる日本の哲学者は誰でしょう？,西田幾多郎(にしだきたろう)
2014,ノーマル,日本法律学校を前身とする大学は日本大学ですが、英吉利(イギリス)法律学校を前身とするのは現在の何大学でしょう？,中央大学(ちゅうおうだいがく)
2014,ノーマル,今年(2014年)2月14日にシングル『MyVOICE(マイボイス)』でソロデビューした、かつての人気グループFUNKY MONKEY BABYSのリーダーは誰でしょう？,ファンキー加藤(ふぁんきーかとう)
2014,ノーマル,「牛の囲い場」という意味がある、野球で投手が登板する前に投球練習を行う場所を何というでしょう？,ブルペン
2014,ノーマル,1943年にイングヴァル・カンプラードがスウェーデンで創業した、世界有数の家具チェーン店は何でしょう？,IKEA(イケア)
2014,ノーマル,現在発行されている通常の500円硬貨に含まれる3種類の金属は、銅、亜鉛と何でしょう？,ニッケル
2014,ノーマル,組織や場所、時間にとらわれず働く/スタイルのことを、英語で「遊牧民」を意味する言葉から何というでしょう？,ノマド
2014,ノーマル,昨年(2013年)、奥村直樹(おくむらなおき)が3代目の理事長に就任した、日本の航空・宇宙開発を担う機関は何でしょう？,JAXA(ジャクサ)
2014,ノーマル,ムロアジやトビウオを使ってつくられる、伊豆諸島名産の独特の臭いをもつ干物は何でしょう？,くさや
2014,ノーマル,江戸時代の金貨の単位で、1両の4分の1は分(ぶ)ですが、1分の4分の1は何でしょう？,朱(しゅ)
2014,ノーマル,ベルリンの大通り・ウンターデンリンデンの西の端にある城門で、東西ドイツ統合の象徴とされるのは何でしょう？,ブランデンブルク門(ぶらんでんぶるくもん)
2014,ノーマル,思想・信条などの背景にある考え方や精神的な支えのことを、「背骨」を意味する英語で何というでしょう？,バックボーン
2014,ノーマル,友寄英哲(ともより・ひであき)、後藤裕之(ごとう・ひろゆき)、原口證(はらぐち・あきら)といえば、何の暗記で有名な人物でしょう？,円周率(えんしゅうりつ)
2014,ノーマル,代表作『浮世風呂』『浮世床』で知られる、江戸時代後期の戯作作家は誰でしょう？,式亭三馬(しきてい・さんば)
2014,ノーマル,映画や演劇などで、いくつかの独立した短編を集め、/全体として一つの作品となるように構成したものを何というでしょう？,オムニバス
2014,ノーマル,その名はグラン・サン・ベルナール峠にある修道院で雪上救助犬として活躍していたことに由来する、スイス原産の大型犬は何でしょう？,セント・バーナード
2014,ノーマル,いりこ、ほしあわび、ふかのひれなどがその中身であった、江戸時代の長崎貿易で中国向けの重要な輸出品であった品物のことを何というでしょう？,俵物(たわらもの)
2014,ノーマル,国旗国歌法によって定められている、日本の国歌は何でしょう？,『君が代』(『きみがよ』)
2014,ノーマル,タイトスカートの中でも特に腰から裾のラインがまっすぐなものを、ある文房具に似ていることから何というでしょう？,ペンシルスカート
2014,ノーマル,スキーの種目の中でも、エアリアルやモーグル/などのことを、総称して何スキーというでしょう？,フリースタイルスキー(フリースタイル)
2014,ノーマル,海を渡るときの海図によく用いられる、考案者であるオランダ人地理学者の名前がついた地図の図法は何でしょう？,メルカトル図法(めるかとるずほう)
2014,ノーマル,出入りが激しいことを「門前市をなす」というのに対し、訪れる人がなくて寂れていることを「門前何を張る」というでしょう？,雀羅(じゃくら)
2014,ノーマル,本名を竹内照雄(てるお)という、NHKの長寿番組『ためしてガッテン』の司会としても知られる人気落語家は誰でしょう？,立川志の輔(たてかわ・しのすけ)
2014,ノーマル,モザンビーク、カーボベルデ、ギニアビサウ、ブラジルに共通する公用語は何語でしょう？,ポルトガル語(ぽるとがるご)
2014,ノーマル,息子の光信や孝信(も画家として知られる、代表作に『唐獅子図屏風』『洛中洛外図屏風』がある室町時代の画人は誰でしょう？,狩野永徳(かのう・えいとく)
2014,ノーマル,金箔はこの性質を用いて作られている、金属に打撃を加えると板状に延びる性質を漢字2文字で何というでしょう？,展性(てんせい)
2014,ノーマル,昨年(2013年)はオラクル・チーム・USAが優勝した、1851年から続く世界最古のヨットレースは何でしょう？,アメリカスカップ
2014,ノーマル,クラシック音楽で、作品番号を表すアルファベット2文字は何でしょう？,Op
2014,ノーマル,皆既日食の前後に、太陽光が一か所だけ漏れて強く輝く現象を、ある宝石の名前を使って何というでしょう？,ダイヤモンドリング
2014,ノーマル,古代日本で使われた、和同開珎(わどうかいちん)から乾元大宝(けんげんたいほう)までの12種類の銅銭を何というでしょう？,皇朝十二銭(こうちょうじゅうにせん)
2014,ノーマル,北半球で一番高い山はエベレストですが、南半球で一番高い山は何でしょう？,アコンカグア
2014,ノーマル,メキシコ料理のソース・ワカモレやお寿司のカリフォルニア・ロールには欠かせない、和名をワニナシという果物は何でしょう？,アボカド
2014,ノーマル,辛抱強く忍耐することを、達磨大師(だるまだいし)が長年壁に向かって悟りを得た故事から「面壁何年」というでしょう？,九年(くねん)
2014,ノーマル,星座の「いて座」のモデルになっている、ギリシア神話に登場する半人半馬の賢者は誰でしょう？,ケイローン
2014,ノーマル,「究極」という意味がある、フライングディスクをパスしながら得点を競うスポーツは何でしょう？,アルティメット
2014,ノーマル,熟したりんごやいちご、柑橘類に多く含まれており、ジャムのとろみを生み出す成分として知られる水溶性の食物繊維は何でしょう？,ペクチン
2014,ノーマル,代表作に映画『うる星やつら2ビューティフル・ドリーマー』や『GHOST IN THE SHELL攻殻機動隊-』がある、日本のアニメーション監督は誰でしょう？,押井守(おしい・まもる)
2014,ノーマル,マヨット、レユニオン、マルティニーク、グアドループ、ギアナという5つの海外県を持つ、ヨーロッパの国はどこでしょう？,フランス
2014,ノーマル,奴隷制の惨状を描いた著書『アンクル・トムの小屋』で知られるアメリカの女性作家は誰でしょう？,ストウ夫人(すとうふじん)
2014,ノーマル,おいしい蕎麦の条件といわれる「三たて」といえば、「挽きたて」「打ちたて」と何でしょう？,ゆでたて
2014,ノーマル,国内では「アンジー」の愛称で親しまれている、現在3期目を務めるドイツの首相は誰でしょう？,アンゲラ・ドロテア・メルケル
2014,ノーマル,楽譜に用いられる、「ト音記号」「ヘ音記号」「ハ音記号」を総称して何記号というでしょう？,音部記号(おとぶきごう)
2014,ノーマル,テニスで、前に出てきた相手に対し、脇を抜いていくショットを何というでしょう？,パッシングショット
2014,ノーマル,一般的な天気図において、等圧線は普通何ヘクトパスカルごとに描かれるでしょう？,4ヘクトパスカル
2014,ノーマル,西郷隆盛が、子供たちが努力をしなくなるのを危惧して「児孫(じそん)のために買わない」といったものは何でしょう？,美田(びでん)
2014,ノーマル,主に西洋画を描くときに用いられる、絵の具を混ぜ合わせるのに使う、手持ちの板を何というでしょう？,パレット
2014,ノーマル,2001年公開の映画『チョコレート』で、黒人として初めてアカデミー主演女優賞を受賞したアメリカの女優は誰でしょう？,ハル・ベリー
2014,ノーマル,ギリシア語の「種族」とラテン語の「殺戮」/という言葉を組み合わせて作られた、大量虐殺を意味する言葉は何でしょう？,ジェノサイド
2014,ノーマル,コミュニケーションアプリのLINEで発言の代わりに使われる、人気のキャラクターなどを使った小さなアイコンを何というでしょう？,スタンプ
2014,ノーマル,東経25度線や北緯22度線に国境が引かれている、首都をカイロに置くアフリカの国はどこでしょう？,エジプト
2014,ノーマル,もともとは神が地上に下りること/をいった、退職した官僚が、関係の深い民間企業に再就職することを何というでしょう？,天下り(あまくだり)
2014,ノーマル,スーパーミニウサギやタテゴトアザラシなどの生き物が描かれたパッケージが特徴的な、ネピア社の高級ティッシュペーパーブランドは何でしょう？,鼻セレブ(はなせレブ)
2014,ノーマル,左足を高く上げる独特の投球フォームから「和製ライアン」と呼ばれる、東京ヤクルトスワローズの投手は誰でしょう？,小川泰弘(おがわ・やすひろ)
2014,ノーマル,煙をろ過するために、タバコの吸い口側についている層を何というでしょう？,フィルター
2014,ノーマル,Synthetic Personality Inventoryの頭文字を取った、リクルートキャリア提供の適性検査の一種は何でしょう？,SPI
2014,ノーマル,"全20巻に4,500首以上の歌が収められている、現存する最古の和歌集は何でしょう？",『万葉集』(『まんようしゅう』)
2014,ノーマル,19世紀半ばに世界初の海底ケーブルが設置された、フランスとイギリスの間にある海峡は何でしょう？,ドーバー海峡(どーばーかいきょう)
2014,ノーマル,森昌行が社長を務める、タレントのビートたけしやたけし軍団らが所属する芸能事務所は何でしょう？,オフィス北野(おふぃすきたの)
2014,ノーマル,南米の高地に生息する、グアナコ、ビクーニャ、リャマ、アルパカといえば、いずれも何科の動物でしょう？,ラクダ科(らくだか)
2014,ノーマル,ギターのネックにあたる部分を、三味線では何というでしょう？,棹(さお)
2014,ノーマル,後にユリウス2世によって廃止されている、1494年にスペインとポルトガルの間で結ばれた領土分割条約は何でしょう？,トルデシリャス条約(とるでしりゃすじょうやく)
2014,ノーマル,人間の生前の名前のことを、/死んだあとお坊さんがつける「戒名(かいみょう)」に対して何というでしょう？,俗名(ぞくみょう)
2014,ノーマル,ギリシャ神話で、文芸や音楽など人間のあらゆる知的活動を司る9人の女神たちを何というでしょう？,ミューズ
2014,ノーマル,世界遺産にも登録されている「厳島神社」がある、広島県の市はどこでしょう？,廿日市(はつかいち)
2014,ノーマル,炭酸飲料のペットボトルの底にある、圧力を分散するための5つの凹みのことを、英語の「花びら」に由来する言葉で何というでしょう？,ペタロイド
2014,ノーマル,陸上100m走の世界記録保持者で、男子はウサイン・ボルトですが、女子は誰でしょう？,フローレンス・グリフィス=ジョイナー
2014,ノーマル,和歌山県串本町にある、本州最南端の岬はどこでしょう？,潮岬(しおのみさき)
2014,ノーマル,茶室で茶釜を釣ったり、囲炉裏の上から鍋を釣ったり/するのに用いる、高さを自由に変えられるかぎを何というでしょう？,自在鉤(じざいかぎ)
2014,ノーマル,フランス語で「暖炉」という意味がある、劇場で、入口と観客席の間にあるホールを指す言葉は何でしょう？,ホワイエ
2014,ノーマル,2012年9月に設置された、日本の原子力利用の安全確保を目的とする、環境省の外局は何でしょう？,原子力規制委員会(げんしりょくきせいいいんかい)
2014,ノーマル,安藤百福(あんどう・ももふく)によって創業された、インスタントラーメンを世界で最初に売り出した食品会社は何でしょう？,日清食品(にっしんしょくひん)
2014,ノーマル,16世紀末にサファヴィー朝の首都に定められ、その繁栄ぶりから「世界の半分」と称されたイランの都市はどこでしょう？,イスファハーン
2014,ノーマル,昨年(2013年)の世界水泳で、日本人として初めて個人メドレーで金メダルを獲得した選手は誰でしょう？,瀬戸大也(せと・だいや)
2014,ノーマル,太陽系の8つの惑星のうち、内惑星でも外惑星でもない唯一の惑星は何でしょう？,地球(ちきゅう)
2014,ノーマル,自身の小説から「団塊の世代」という言葉を広めた作家は誰でしょう？,堺屋太一(さかいや・たいち)
2014,ノーマル,船の航行で「取り舵」といえば、進行方向に対して右・左のどちらに曲がることでしょう？,左(ひだり)
2014,ノーマル,民法第732条で禁止されている、すでに配偶者がいるにもかかわらず、別の人物と婚姻関係を結ぶ行為を何というでしょう？,重婚(じゅうこん)
2014,ノーマル,アンディ、オラフ、スパイクといった兄弟がいる、漫画『ピーナッツ』に登場するチャーリー・ブラウンの飼い犬は何でしょう？,スヌーピー
2014,ノーマル,酒に酔って良い気分になることを、羽が生え仙人になって天に登るという意味の四字熟語で何というでしょう？,羽化登仙(うかとうせん)
2014,ノーマル,現在命名されている元素の中で最も原子番号が大きい、原子番号116の元素は何でしょう？,リバモリウム
2014,ノーマル,本名を鎌田善人/という、代表曲に『雪國』『俺ら東京さ行ぐだ』がある歌手は誰でしょう？,吉幾三(よしいくぞう)
2014,ノーマル,東京証券取引所が1999年に開設した、成長可能性のあるベンチャー企業を対象とした株式市場は何でしょう？,マザーズ
2014,ノーマル,毛利元就のいわゆる「三本の矢」の教えを受けたとされる3人の息子とは、毛利隆元、吉川元春と誰でしょう？,小早川隆景(こばやかわ・たかかげ)
2014,ノーマル,食材の「油揚げ」は、何を油で揚げたものでしょう？,豆腐(とうふ)
2014,ノーマル,いずれもひらがなで表記される「あま市」「みよし市」といえば、どこの都道府県にある市でしょう？,愛知(あいち)
2014,ノーマル,1974年にイギリス人女性レスリー・スコットが開発した、スワヒリ語で「組み立てる」という意味があるおもちゃは何でしょう？,ジェンガ
2014,ノーマル,野田洋次郎がボーカルを務める、『有心論』『オーダーメイド』などの代表曲がある日本のロックバンドは何でしょう？,RADWIMPS(ラッドウィンプス)
2014,ノーマル,青緑色のものが一般的な、ビリヤード台の表面を覆う大きな布のことを何というでしょう？,ラシャ
2014,ノーマル,16世紀後半に女真(じょしん)族を統一し、清の前身である後金を建国した人物は誰でしょう？,ヌルハチ
2014,ノーマル,ボウリングで、1投目で倒せなかったピンを、2投目ですべて倒すことを何というでしょう？,スペア
2014,ノーマル,原題を「ラ・トラビアータ」という、高級娼婦のヴィオレッタを主人公とするヴェルディのオペラ作品は何でしょう？,『椿姫』(つばきひめ)
2014,ノーマル,沖縄ではアバサーと呼ばれて食用にされる、体全体にたくさんのトゲを持つことからその名がついた魚は何でしょう？,ハリセンボン
2014,ノーマル,どこにも非の打ち所がない様子を、傷ひとつない宝玉にたとえて何というでしょう？,完璧(かんぺき)
2014,ノーマル,携帯ゲーム機の「NintendoDSi」と「Nintendo3DS」で、通常より大型の機種に共通してつくアルファベット2文字は何でしょう？,LL
2014,ノーマル,タレントのミッツ・マングローブの叔父にあたるアナウンサーは誰でしょう？,徳光和夫(とくみつ・かずお)
2014,ノーマル,ウガンダ、タンザニア、ケニアの3ヶ国にまたがっている、アフリカ大陸最大の湖はどこでしょう？,ヴィクトリア湖(ゔぃくとりあみずうみ)
2014,ノーマル,処理の流れが複雑で非常に読みづらいプログラムのコードのことを、ある食べ物を使って何というでしょう？,スパゲッティコード
2014,ノーマル,東京都港区にある曹洞宗の寺院で、切腹した赤穂浪士たちの墓地があることで知られるのはどこでしょう？,泉岳寺(せんがくじ)
2014,ノーマル,和服で、背中の中心の縫い目から袖口までの長さを何というでしょう？,裄(ゆき)
2014,ノーマル,ダーツでは1ラウンド中に3本全てをブルに入れること、サッカーでは1試合に1人で3得点をあげることを指す言葉は何でしょう？,ハットトリック
2014,ノーマル,アメリカの連邦議会で、上院の任期は6年ですが、下院の任期は何年でしょう？,2年(2ねん)
2014,ノーマル,琴の名手である盲目の美女/とその奉公人・佐助との愛を描いた、谷崎潤一郎の小説は何でしょう？,『春琴抄』(しゅんきんしょう),"1933谷崎潤一郎
春琴は大阪の豪商の娘。"
2014,ノーマル,この日に七草粥を食べることから別名を「七草の節句」という、1月7日にあたる五節句の1つは何でしょう？,人日(じんじつ)の節句(にんにち(じんじつ)のせっく)
2014,ノーマル,統計学で、度数の分布を見やすくするために描かれる棒グラフを特に何というでしょう？,ヒストグラム
2014,ノーマル,(2014年時点で)ブラジル代表のネイマール、アルゼンチン代表のメッシ、スペイン代表のイニエスタが所属するスペインのサッカークラブはどこでしょう？,FCバルセロナ
2014,ノーマル,自分から進んで災いの中に飛び込むことを、「飛んで火に入る何」というでしょう？,夏の虫(なつのむし)
2014,ノーマル,孝徳天皇の即位に伴い、西暦645年に制定された、日本で最初の元号は何でしょう？,大化(たいか)
2014,ノーマル,アンジャベル、じゃこうなでしこ、オランダセキチクなどの別名を持つ、ナデシコ科の多年草は何でしょう？,カーネーション
2014,ノーマル,夏にはSUMMER SONICの東京会場としても使用されている、プロ野球・千葉ロッテマリーンズの本拠地球場はどこでしょう？,QVCマリンフィールド
2014,ノーマル,話が本筋からそれてしまうことを、鉄道に例えて何というでしょう？,脱線(だっせん)
2014,ノーマル,『世代』『地下水道』『灰とダイヤモンド』からなる「抵抗三部作」で有名な、ポーランドの映画監督は誰でしょう？,アンジェイ・ワイダ
2014,ノーマル,「袖(そで)」という意味がある、トレーディングカードを保護するためのビニールの袋を何というでしょう？,スリーブ
2014,ノーマル,祖納(そない)、久部良(くぶら)、比川(ひがわ)という3つの集落がある、日本で最も西に位置する島は何でしょう？,与那国島(よなぐにじま)
2014,ノーマル,人気の軽ワゴン車「N BOX」を販売している自動車メーカーはどこでしょう？,ホンダ
2014,ノーマル,『後漢書』に記された大秦王安敦(たいしんおうあんとん)とはこの人物であるとされる、ローマ帝国の五賢帝最後の皇帝は誰でしょう？,マルクス・アウレリウス・アントニヌス
2014,ノーマル,毎年元日に、実業団日本一をかけたニューイヤー駅伝が行われる都道府県はどこでしょう？,群馬(ぐんま)
2014,ノーマル,約5億4000万年前から4億9000万年前までの時期を指す、古生代の最初に当たる地質時代の区分は何でしょう？,カンブリア紀(かんぶりあき)
2014,ノーマル,1台のピアノを2人で演奏することを、日本語で何というでしょう？,連弾(れんだん)
2014,ノーマル,竜の血を浴びたことで背中の1箇所を除いて不死身となった、叙事詩『ニーベルンゲンの歌』の主人公は誰でしょう？,ジークフリート
2014,ノーマル,神崎武法(かんざき・たけのり)、太田昭宏(おおた・あきひろ)、山口那津男といえば、何という政党の歴代トップを務めた人物でしょう？,公明党(こうめいとう)
2014,ノーマル,ここぞという場面で着る服と、競馬でジョッキーが着る服に共通する呼び名は何でしょう？,勝負服(しょうぶふく)
2014,ノーマル,食事代と交通費を先方が持つことを、人の身体の2つの部分を用いて「何付き」というでしょう？,顎足付き(あごあしつき)
2014,ノーマル,岩崎う大(いわさき・うだい)と槙尾(まきお)ユースケの2人からなる、昨年の『キングオブコント2013』で優勝したお笑いコンビは何でしょう？,かもめんたる
2014,ノーマル,ニュージーランドの人口の約3割が集中する、同国最大の都市はどこでしょう？,オークランド
2014,ノーマル,日本において、出生届は子供が生まれた日から何日以内に出す必要があるでしょう？,14日(14)
2014,ノーマル,命題「AならばBである」に対する、「BでなければAでない」という命題を何というでしょう？,対偶(たいぐう)
2014,ノーマル,日本の大学・四国大学が本部を置く都道府県はどこでしょう？,徳島(とくしま)
2014,ノーマル,キュリー夫人ことマリー・キュリーと娘のイレーヌ・キュリーがともに受賞したノーベル賞の部門は何でしょう？,化学賞(かがくしょう)
2014,ノーマル,洗礼名はドン・バルトロメオである、1563年に日本初のキリシタン大名となった人物は誰でしょう？,大村純忠(おおむら・すみただ)
2014,ノーマル,裏ごししたジャガイモに小麦粉などをねりこんで作られる、イタリアの団子状パスタは何でしょう？,ニョッキ
2014,ノーマル,京都を舞台にした『有頂天家族』『夜は短し歩けよ乙女』などの作品で知られる小説家は誰でしょう？,森見登美彦(もりみ・とみひこ)
2014,ノーマル,一人で大勢の敵に対抗できるほど強いさまを、漢数字の「一」と「千」を使った四字熟語で何というでしょう？,一騎当千(いっきとうせん)
2014,ノーマル,今シーズンよりJリーグのFC岐阜で指揮を取る、現役時代はヴェルディ川崎などで活躍したサッカー指導者は誰でしょう？,ラモス瑠偉(-るい)
2014,ノーマル,エタノールが酸化するとアセトアルデヒドになりますが、アセトアルデヒドが酸化すると何になるでしょう？,酢酸(さくさん)
2014,ノーマル,「鶏頭(けいとう)の十四五本もありぬべし」「柿くへば鐘が鳴るなり法隆寺」などの俳句を残した、明治時代の俳人は誰でしょう？,正岡子規(まさおか・しき)
2014,ノーマル,いいかげんに言うなどしてその場をしのぐことを、「お茶をどうする」というでしょう？,濁す(にごす)
2014,ノーマル,『北の宿から』『UFO』『勝手にしやがれ』などのヒット曲を手がけた作詞家は誰でしょう？,阿久悠(あく・ゆう)
2014,ノーマル,ディスプレイの反射や自動車のヘッドライトを向けられたときなどに感じる過度な「まぶしさ」のことを英語で何というでしょう？,グレア
2014,ノーマル,書道で使用する硯(すずり)において、墨汁を貯/めておく部分を何というでしょう？,海(うみ)
2014,ノーマル,ロシアではクリル列島と呼ばれる、北海道の東に連なる列島は何でしょう？,千島列島(ちしまれっとう)
2014,ノーマル,陸上競技における選手の胴体部分と、彫刻における胴体だけの像を表す際に、共通して用いられるイタリア語は何でしょう？,トルソー
2014,ノーマル,「本能寺の変」で知られる京都の本能寺は何宗の寺院でしょう？,法華宗(ほっけ)
2014,ノーマル,2020年東京オリンピックの担当大臣も兼任する、現在の文部科学大臣は誰でしょう？,下村博文(しもむら・はくぶん)
2014,ノーマル,細い管に入っている液体に見られる、半球状に曲がった液面のことを何というでしょう？,メニスカス
2014,ノーマル,元々はハンガリーのある町で作られた馬車を指した言葉で、現在ではスポーツの技術指導者を指すようになったのは何でしょう？,コーチ
2014,ノーマル,著書に『意志と表象としての世界』がある、ドイツの哲学者は誰でしょう？,アルトゥル・ショーペンハウアー
2014,ノーマル,テレビ東京ホールディングスの筆頭株主である新聞社はどこでしょう？,日本経済新聞社(にほんけいざいしんぶんしゃ)
2014,ノーマル,昭和26年の第1回『NHK紅白歌合戦』で勝利したのは、紅組、白組のどちらだったでしょう？,白組(しろぐみ)
2014,ノーマル,アメリカ合衆国の中央銀行に相当する「連邦準備制度理事会」のことをアルファベット3文字で何というでしょう？,FRB
2014,ノーマル,イタリア語で「まじめな」/という意味がある、ザ・ダイソーに次ぎ業界第2位の売上高を誇る100円ショップチェーンは何でしょう？,セリア
2014,ノーマル,1人で活動する芸人のことを、サイコロで「1」を意味する言葉から何というでしょう？,ピン芸人(ぴんげいにん)
2014,ノーマル,設計した彫刻家バルトルディの母親がモデルとされる、ニューヨークのリバティ島に立つ世界遺産は何でしょう？,自由の女神(じゆうのめがみ)
2014,ノーマル,日本語では「恒常性」と呼ばれる、外部環境が変化しても体の内部の状態を一定に保とうとする仕組みを何というでしょう？,ホメオスタシス
2014,ノーマル,1962年に史上最年少で新人王を獲得した往年のプロ野球選手と、「憲政の神様」と呼ばれた政治家に共通する氏名は何でしょう？,尾崎行雄(おざき・ゆきお)
2014,ノーマル,古代イスラエルの指導者モーセが、神から十戒を授かったとされる山は何でしょう？,シナイ山(しないやま)
2014,ノーマル,ことわざの「頭かくして尻隠さず」や「けんもほろろ」の由来となった鳥は何でしょう？,キジ
2014,ノーマル,宝塚音楽学校の校章にデザインされている、一般的には47本の弦で構成される楽器は何でしょう？,ハープ
2014,ノーマル,高等学校の「公民科」に含まれる3つの科目とは、倫理、政治・経済と何でしょう？,現代社会(げんだいしゃかい)
2014,ノーマル,『みんな我が子』『セールスマンの死』『るつぼ』などの代表作がある、アメリカの劇作家は誰でしょう？,アーサー・ミラー
2014,ノーマル,かき氷の中でも、甘く煮た小豆と抹茶シロップをトッピングしたものを何というでしょう？,宇治金時(うじきんとき)
2014,ノーマル,フランス語で「切り取る」という意味がある、雑誌などについている割引券を指す言葉は何でしょう？,クーポン
2014,ノーマル,保険で、本契約とは別に、本人の希望に応じて付け加える契約のことを何というでしょう？,特約(とくやく)
2014,ノーマル,ノルマンディーの女性貴族ジャンヌの波乱の生涯を描いた、モーパッサンの小説は何でしょう？,『女の一生』(『おんなのいっしょう』)
2014,ノーマル,46才以上のみに受験資格が与えられる、剣道における最高段位は何段でしょう？,八段(はちだん)
2014,ノーマル,薬を売るための長いセリフが見どころとなっている、歌舞伎十八番の演目のひとつは何でしょう？,『外郎売』(ういろううり)
2014,ノーマル,手を引き込まれることもあるため注意が必要である、開いたドアを収納するスペースのことを何というでしょう？,戸袋(とぶくろ)
2014,ノーマル,乾燥させたものは「当薬」と呼ばれて珍重された、1000回振り出してもまだ苦いことからその名が付いたリンドウ科の植物は何でしょう？,センブリ
2014,ノーマル,ウィリアム・アダムスやヤン・ヨーステンが乗船していた、1600年に現在の大分県に漂着したオランダ船は何でしょう？,リーフデ号(りーふでごう)
2014,ノーマル,21世紀のロンドンを舞台に、作家コナン・ドイルが生みだした名探偵の活躍を描く、イギリスの人気ドラマは何でしょう？,『Sherlock』(シャーロック)
2014,ノーマル,火山ガラスや石英などからなる白い堆積物の総称/で、特に九州南部に広がる台地で知られるのは何でしょう？,シラス
2014,ノーマル,アメリカンフットボールで、反則があった場合に審判が投げ込む旗は何色でしょう？,黄色(きいろ)
2014,ノーマル,新選組を題材にした小説で、『燃えよ剣』の作者は司馬遼太郎ですが、『壬生義士伝(みぶぎしでん)』の作者は誰でしょう？,浅田次郎(あさだ・じろう)
2014,ノーマル,「継(つぎ)」「大名」「町」などの種類があった、江戸時代に書簡や荷物を届けた職業は何でしょう？,飛脚(ひきゃく)
2014,ノーマル,夫に俳優の江口洋介がいる、『気分爽快』や『私がオバさんになっても』などのヒット曲で知られる歌手は誰でしょう？,森高千里(もりたか・ちさと)
2014,ノーマル,クラブで活躍する職業で、「DJ」といえばディスク・ジョッキーの略ですが、「VJ」といえば何の略でしょう？,ビジュアル・ジョッキー
2014,ノーマル,2013年版までの『能率手帳』から名前を変更した、日本能率協会マネジメントセンターが発行する手帳のブランドは何でしょう？,NOLTY(ノルティ)
2014,ノーマル,翌日の来場を願うという目的で、大相撲の一日の取り組みの後に打たれる太鼓を特に何というでしょう？,はね太鼓(はねたいこ)
2014,ノーマル,電報の中でも、通夜や葬儀に際して送られるものを何というでしょう？,弔電(ちょうでん)
2014,ノーマル,アイドルグループTOKIOのメンバーのうち、グループ名と同じ東京都出身である唯一のメンバーは誰でしょう？,国分太一(こくぶん・たいち)
2014,ノーマル,唱歌『四季の歌』の1番の歌詞に登場する花は何でしょう？,すみれ
2014,ノーマル,1895年、日本で初めて路面電車が走った都市はどこでしょう？,京都(きょうと)
2014,ノーマル,雪や雲により視界全体が覆われたときに、方向・距離などの見当がつかなくなる現象を何というでしょう？,ホワイトアウト
2014,ノーマル,昨日(2014年3月22日)からイベント「AnimeJapan 2014」が開催されている、東京都江東区に位置するイベント会場は何でしょう？,東京ビッグサイト(とうきょうびっぐさいと)
2014,ノーマル,自動車を駅周辺の駐車場に停めた後、電車やバスに乗り換えて移動することを、「何アンド何」というでしょう？,パーク・アンド・ライド
2014,ノーマル,日本神話で、借りた釣り針を無くしてしまったのは、海幸彦(うみさちひこ)、山幸彦(やまさちひこ)のどちらでしょう？,山幸彦(やまさちひこ)
2014,ノーマル,ピスタチオ、アップル、ミント、エメラルドといった種類がある色は何でしょう？,グリーン
2014,ノーマル,英語で「ごまかし」という意味がある、モータースポーツのサーキット上に設けられた角度の急なコーナーを何というでしょう？,シケイン
2014,ノーマル,ドプチェク第一書記のもとで行われた、1968年に起きたチェコの自由化運動のことを、中心となった都市から何というでしょう？,プラハの春(ぷらはのはる)
2014,ノーマル,将棋を使った遊び「はさみ将棋」で使われる、唯一の駒は何でしょう？,歩兵(ふひょう)
2014,ノーマル,日本語吹き替え版では唐沢寿明がその声を演じている、アニメ映画『トイ・ストーリー』の主人公であるカウボーイの人形は何でしょう？,ウッディ
2014,ノーマル,北海道の野付半島や京都の天橋立が有名な、沿岸流によって運ばれた砂がくちばし状に堆積した地形を何というでしょう？,砂嘴(さし)
2014,ノーマル,数学で「複素平面」を作る2つの軸とは、実軸と何軸でしょう？,虚軸(きょじく)
2014,ノーマル,石油系の有機溶剤を使う洗濯の方法を、普通何クリーニングというでしょう？,ドライクリーニング
2014,ノーマル,大勝軒の創業者・山岸一雄(やまぎし・かずお)が考案した特製もりそばが元祖とされる、茹でた中華麺をスープに浸して食べる麺料理を何というでしょう？,つけ麺(つけめん)
2014,ノーマル,1985年に白血病のため27歳の若さでこの世を去った、映画『鬼龍院花子の生涯』の松恵役や、ドラマ『西遊記』の三蔵法師役で知られる女優は誰でしょう？,夏目雅子(なつめ・まさこ)
2014,ノーマル,登山用語で、ピッケルや杖を使ってブレーキをかけながら雪の斜面を滑り降りることを何というでしょう？,グリセード
2014,ノーマル,履いた靴の上からかゆい所を掻くということから転じて、思い通りにいかず、もどかしいさまを意味する四字熟語は何でしょう？,隔靴掻痒(かっかそうよう)
2014,ノーマル,昭和2年に狐ケ崎遊園地のコマーシャルソングとして作られた、お茶の葉を摘むハサミの音を題材にした静岡県の民謡は何でしょう？,『ちゃっきり節』(『ちゃっきりふし』)
2014,ノーマル,サン・マルコ美術館やウフィツィ美術館がある、イタリア・トスカーナ州の都市はどこでしょう？,フィレンツェ
2014,ノーマル,アカ、ムラサキ、バフンなどの種類がある、その卵巣や精巣が珍味として知られる棘皮動物(きょくひどうぶつ)は何でしょう？,ウニ
2014,ノーマル,鎌倉時代や室町時代にたびたび出された、売買や貸し借りの契約を無効にする法令を何というでしょう？,徳政令(とくせいれい)
2014,ノーマル,人気アニメの『あの日見た花の名前を僕達はまだ知らない』『らき☆すた』『クレヨンしんちゃん』の主な舞台である都道府県はどこでしょう？,埼玉(さいたま)
2014,ノーマル,「電流の強さは、電圧に比例する」という法則を、提唱したドイツの物理学者の名前から誰の法則というでしょう？,オームの法則(おーむのほうそく)
2014,ノーマル,慣用句で、なまけるときは惜しみ、苦労するときは折り、一生を終えるときは埋(うず)める体の一部はどこでしょう？,骨(ほね)
2014,ノーマル,時事を絡めた広告のダジャレが印象的な、朝日新聞出版が発行する週刊誌は何でしょう？,『AERA』(アエラ)
2014,ノーマル,歌舞伎の劇場で、囃子方(はやしかた)がいる席のことを特に何というでしょう？,下座(げざ)
2014,ノーマル,東京の原宿駅から明治/通りに伸びている通りで、個性的なファッション店が立ち並ぶことで知られるのはどこでしょう？,竹下通り(たけしたどおり),
2014,ノーマル,主人公のまいが、魔女を自称する祖母のもとで自立するまでの姿を描いた、梨木香歩(なしき・かほ)の小説は何でしょう？,『西の魔女が死んだ』(『にしのまじょがしんだ』)
2014,ノーマル,自由な議論を通じて新たなアイディアや解決策を引き出す、「ブレスト」とも略される手法は何でしょう？,ブレインストーミング
2014,ノーマル,核を持っている細胞を真核細胞というのに対して、核を持っていない細胞を何というでしょう？,原核細胞(げんかくさいぼう)
2014,ノーマル,本名を瀧正則(たき・まさのり)という、俳優としても活躍する、音楽ユニット・電気グルーヴのメンバーは誰でしょう？,ピエール瀧(ぴえーるたき)
2014,ノーマル,ドクター・マーチンやジョージ・コックスのものが有名な、底がゴムでできている靴のことを何というでしょう？,ラバーソール
2014,ノーマル,賭けトランプに熱中する青年士官・ゲルマンの破滅を描いた、ロシアの作家・プーシキンの短編小説は何でしょう？,『スペードの女王』(『すぺーどのじょおう』)
2014,ノーマル,1944年に結ばれ、IMFと世界銀行の設立が決められた国際協定のことを、それが結ばれたアメリカの街の名前から何というでしょう？,ブレトンウッズ協定(ぶれとんうっずきょうてい)
2014,ノーマル,これまでに牝馬(ひんば)として日本ダービーを制した競走馬は、ヒサトモ、クリフジと何でしょう？,ウオッカ
2014,ノーマル,オリーブの栽培でも有名な、小説『二十四の瞳』の舞台になった瀬戸内海に浮かぶ島はどこでしょう？,小豆島(しょうどしま)
2014,ノーマル,土地の値段が非常に高いことを例えて、「土一升に何一升」というでしょう？,金一升(かねいっしょう)
2014,ノーマル,天体の表面に見られる、隕石の衝突や火山活動によってできたとされる窪みを何というでしょう？,クレーター
2014,ノーマル,ベルギー人・ナゲルマケールスらが1883年に運行を開始した豪華列車で、アガサ・クリスティの小説の題材にもなっているのは何でしょう？,オリエント急行(おりえんときゅうこう)
2014,ノーマル,「山ふぐの刺身」とは、一般にどんな食べ物を使った刺身でしょう？,こんにゃく
2014,ノーマル,江戸落語で、前座、二つ目を経て到達する最も上の階級のことを何というでしょう？,真打(しんうち)
2014,ノーマル,「シュレディンガーの猫」のように、理想的な状況を想定して考察を行うことを実験になぞらえて何というでしょう？,思考実験(しこうじっけん)
2014,ノーマル,麻雀で、自分で引いた牌であがることを「ツモ」といいますが、他人の捨てた牌であがることを普通何というでしょう？,ロン
2014,ノーマル,1946年から毎年秋に「芸術祭」を主催している、文部科学省の外局は何でしょう？,文化庁(ぶんかちょう)
2014,ノーマル,日本の交通標識の「ロータリーあり」に描かれている3本の矢印は、時計回り、反時計回りのどちらでしょう？,時計回り(とけいまわり)
2014,ノーマル,昨年(2013年)9月29日に亡くなった、代表作にドラマ化された『白い巨塔』『華麗なる一族』などがある女性小説家は誰でしょう？,山崎豊子(やまさき・とよこ)
2014,ノーマル,ベートーヴェンの交響曲第3番『英雄』は、もともと誰を讃えて作曲されたでしょう？,ナポレオン
2014,ノーマル,サーフィンにおいて、サーファーが乗る楕円形の板のことを何というでしょう？,サーフボード
2014,ノーマル,日本の都道府県で、豊田スタジアムがあるのは愛知県ですが、日産スタジアムがあるのは何県でしょう？,神奈川(かながわ)
2014,ノーマル,漢字では「家の鴨(いえのかも)」と書く、マガモを飼いならして家畜にした鳥は何でしょう？,アヒル
2014,ノーマル,日光東照宮の国宝『眠り猫』の作者とされる、江戸時代の彫刻家は誰でしょう？,左甚五郎(ひだり・じんごろう)
2014,ノーマル,英語圏のメールなどで使用される略語「BTW」とは、何という言葉を略したものでしょう？,By The Way
2014,ノーマル,スタジオジブリの映画『風立ちぬ』で主人公のモデルとなった、ゼロ戦の設計主任を務めたことで知られる航空技術者は誰でしょう？,堀越二郎(ほりこし・じろう)
2014,ノーマル,世界中の中華街に見られる、中国三国時代の武将・関羽を祀った霊廟のことを何というでしょう？,関帝廟(かんていびょう)
2014,ノーマル,矢橋帰帆島(やばせきはんとう)、沖島(おきのしま)、竹生島(ちくぶじま)といえば、何という湖の中にある島でしょう？,琵琶湖(びわこ)
2014,ノーマル,ドラマの中で食べる料理や破る手紙など、一回の演技にしか使えない小道具をまとめて何というでしょう？,消え物(きえもの)
2014,ノーマル,1983年から陸上の世界選手権で6連覇/を達成し、「鳥人(ちょうじん)」と呼ばれた、ウクライナの棒高跳び選手は誰でしょう？,セルゲイ・ブブカ
2014,ノーマル,603年に「冠位十二階」が定められたときの日本の天皇は誰だったでしょう？,推古天皇(すいこ-)
2014,ノーマル,屋根の軒先(のきさき)に取り付けられ、雨水を集めて地上へと流す装置を何というでしょう？,樋(とい)
2014,ノーマル,少女漫画雑誌の出版社で、「りぼん」は集英社、「なかよし」は講談社ですが、「ちゃお」はどこでしょう？,小学館(しょうがくかん)
2014,ノーマル,現在(2014年)発行されている52円切手の図柄になっている、気象庁の開花予想にも用いられている桜の品種は何でしょう？,ソメイヨシノ
2014,ノーマル,吉野ヶ里遺跡のものが有名な、弥生時代につくられた周りに濠(ほり)を巡らせた集落のことを何というでしょう？,環濠集落(かんごうしゅうらく)
2014,ノーマル,遺伝子が異なる細胞が共存している生物個体のことを、ギリシャ神話の怪物にちなんで何というでしょう？,キメラ
2014,ノーマル,妊娠してから数えで10カ月目のことを、出産予定の月という意味の言葉で一般に何というでしょう？,臨月(りんげつ)
2014,ノーマル,競り上げ式の「イングリッシュ」、競り下げ式の「ダッチ」などの種類がある、希望者に入札金額を競わせる売買方式を何というでしょう？,オークション
2014,ノーマル,暦の「3月」や天体の「火星」の英語名の由来となっている、ローマ神話の戦いの神は誰でしょう？,マルス
2014,ノーマル,東京23区のうち、東京駅丸の内口があるのは何区でしょう？,千代田(ちよだ)
2014,ノーマル,日本人投手の田澤純一・上原浩治らの活躍により、昨年(2013年)のワールドシリーズを制したメジャーリーグのチームはどこでしょう？,ボストン・レッドソックス
2014,ノーマル,長崎市の出島橋が現存する日本最古のものである、桁の部分に三角形の集まりを用いた構造をもつ橋のことを何というでしょう？,トラス橋(とらすはし)
2014,ノーマル,オージーラムやオージービーフといえば、共通して原産国となっている国はどこでしょう？,オーストラリア
2014,ノーマル,「ライカの神様」や「スナップの達人」と呼ばれた、朝日新聞社主催の写真賞に名を残す日本のカメラマンは誰でしょう？,木村伊兵衛(きむら・いへい)
2014,ノーマル,ドイツの法学者・ラートブルフによって提唱された、宗教的・政治的な思想に基づいてなされる犯罪のことを何犯というでしょう？,確信犯(かくしんはん)
2014,ノーマル,楽器を用いず歌声だけで旋律を奏でる合唱曲のことを、「礼拝堂風に」という意味のイタリア語で何というでしょう？,ア・カペラ
2014,ノーマル,「ツリパン」とも呼ばれる、上下一体型のレスリングのユニフォームを、英語で何というでしょう？,シングレット
2014,ノーマル,産地である兵庫県の地名にちなんでこう呼ばれる、花崗岩の建築材料としての別名は何でしょう？,御影石(みかげいし)
2014,ノーマル,日本テレビ系列の人気番組『笑点』の大喜利コーナーでは、座布団を何枚集めると賞品がもらえることになっているでしょう？,10枚(10まい)
2014,ノーマル,元素の周期表で、水素の1段下にあるのはリチウムですが、リチウムの1段下にあるのは何でしょう？,ナトリウム
2014,ノーマル,ずばり、日本銀行券の製造を担当する独立行政法人は何でしょう？,国立印刷局(こくりついんさつきょく)
2014,ノーマル,中国の三国時代の初代皇帝で、蜀は劉備、呉は孫権ですが、魏は誰でしょう？,曹丕(そうひ)
2014,ノーマル,救世観音像(くぜかんのんぞう)を本尊とする、奈良の法隆寺にある八角形のお堂のことを何というでしょう？,夢殿(ゆめどの)
2014,ノーマル,「わんわん」や「がらがら」などといった擬声語や擬態語のことを、フランス語で何というでしょう？,オノマトペ
2014,ノーマル,二十四節気のうち、漢字の雨という字が使われているのは雨水と何でしょう？,穀雨(こくう)
2014,ノーマル,その名はイギリスのバージニア植民地初代総督にちなんでいる、州都をドーバーに置くアメリカの州は何でしょう？,デラウェア州(でらうぇあしゅう)
2014,ノーマル,昨年(2013年)9月に人工物として初めて太陽圏を脱出したことが発表された、1977年にNASAが打ち上げた無人探査機は何でしょう？,ボイジャー1号(ぼいじゃー1ごう)
2014,ノーマル,核兵器を持たない国が保有国と同盟を結ぶことで見込まれる抑止力のことを、頭上を守る道具にたとえて何というでしょう？,核の傘(かくのかさ)
2014,ノーマル,東京でストリッパーをしている「おきん」が里帰りして起こす騒動を描いた、日本初の総天然色映画は何でしょう？,『カルメン故郷に帰る』(『かるめんこきょうにかえる』)
2014,ノーマル,お菓子メーカー「カルビー」の名前の由来となった2つの栄養素とは、カルシウムと何でしょう？,ビタミンB1
2014,ノーマル,レオ・レオーニの童話『スイミー』で、スイミーの身体の色は何色でしょう？,黒(くろ)
2014,ノーマル,昨年(2013年)発足した日本の国家安全保障会議の4大臣会合に出席するのは、内閣総理大臣、外務大臣、防衛大臣と誰でしょう？,内閣官房長官(ないかくかんぼうちょうかん)
2014,ノーマル,神社の境内にある、お守りの購入や祈祷の受付を行うための建物を何というでしょう？,社務所(しゃむしょ)
2014,ノーマル,幕末・明治期に活躍した歌人・中島歌子の生涯を描いた、朝井まかての第150回直木賞受賞作は何でしょう？,『恋歌』(れんか)
2014,ノーマル,映画の監督をすることを、監督が手に持つあるものを使って「何をとる」というでしょう？,メガホン
2014,ノーマル,昨年(2013年)には女性初の奨励会三段昇段も果たしている、「出雲のイナズマ」の二つ名で知られる女流棋士は誰でしょう？,里見香奈(さとみ・かな)
2014,ノーマル,戦後、日本のTVAと呼ばれる大規模な開発が行われた、岩手県から宮城県にかけて流れる東北地方最大の河川は何でしょう？,北上川(きたかみかわ)
2014,ノーマル,本名を高森朝樹(たかもり・あさき)という、往年のスポコン漫画『あしたのジョー』や『巨人の星』の原作者は誰でしょう？,梶原一騎(かじわら・いっき)
2014,ノーマル,劇中歌『狩人の合唱』が有名な、結婚を懸けて射撃大会に挑むマックスを主人公とするウェーバーのオペラは何でしょう？,『魔弾の射手』(まだんのしゃしゅ)
2014,ノーマル,旧約聖書に登場する「ヘテ人(びと)」にちなんで命名された、世界で初めて鉄器文化を築いたとされる民族は何でしょう？,ヒッタイト
2014,ノーマル,ベンチの反対側に設置されている、アイスホッケーで、反則を犯した選手を一定時間収容する場所を何というでしょう？,ペナルティーボックス
2014,ノーマル,ジェイムズ・ジョイスの小説『ユリシーズ』の舞台にもなっている、アイルランドの首都はどこでしょう？,ダブリン
2014,ノーマル,日本語では「糖原質(とうげんしつ)」と訳される、肝臓や筋肉組織などにエネルギー源として蓄積されている多糖類は何でしょう？,グリコーゲン
2014,ノーマル,幼い頃からの友達のことを、ある遊び道具を用いて「何の友」というでしょう？,竹馬の友(ちくばのとも)
2014,ノーマル,1692年に刊行された井原西鶴の浮世草子で、「大晦日は一日千金(おおつごもりはいちじつせんきん)」という副題が付けられているのは何でしょう？,『世間胸算用』(せけんむねさんよう)
2014,ノーマル,茶に関する日本最古の書『喫茶養生記』/も著している、臨済宗の開祖は誰でしょう？,栄西(えいさい)
2014,ノーマル,バイクレースの種目「モトクロス」とは、モーターサイクルと何という英語を組み合わせた言葉でしょう？,クロスカントリー
2014,ノーマル,和名を「マンネンロウ」といい、ラテン語で「海の露(つゆ)」を意味する言葉から名付けられたシソ科のハーブは何でしょう？,ローズマリー
2014,ノーマル,日本の国会では議員総数の3分の1以上にあたる、議会で議事を進めるために必要な最小限の出席数のことを何というでしょう？,定足数(ていそくすう)
2014,ノーマル,ンゴロンゴロ保全地域、セレンゲティ国立公園、キリマンジャロ国立公園といった世界遺産がある国はどこでしょう？,タンザニア
2014,ノーマル,数学で、多角形の外角の和は常に何度になるでしょう？,360度(360),
2014,ノーマル,日本のツアーでは尾崎将司が記録している、ゴルフで自分の年齢より少ないスコアでホールアウトすることを何というでしょう？,エージシュート
2014,ノーマル,和食の作法で、汁物は食べる人から見て左右どちらに置くことになっているでしょう？,右(みぎ)
2014,ノーマル,頼る相手を選ぶならば、力のあるものが良いということを、「寄らば何の陰」というでしょう？,大樹(たいじゅ)
2014,ノーマル,エッカーマンとの対話集でも有名な、小説『若きウェルテルの悩み』や詩劇『ファウスト』などの作品で知られるドイツの作家は誰でしょう？,ヨハン・ヴォルフガング・フォン・ゲーテ
2014,ノーマル,昨年(2013年)7月に、シングル『友達より大事な人』で歌手デビューした、人気の若手女優は誰でしょう？,剛力彩芽(ごうりき・あやめ)
2014,ノーマル,1595年に豊臣秀吉が創建した天台宗の寺院で、大坂の陣のきっかけとなった釣り鐘で有名なのはどこでしょう？,方広寺(ほうこうてら)
2014,ノーマル,日本にある美術大学の中で、唯一の国立大学は何でしょう？,東京芸術大学(とうきょうげいじゅつだいがく)
2014,ノーマル,女優のジュリエッタ・マシーナを妻に持った、代表作に『道』『甘い生活』があるイタリアの映画監督は誰でしょう？,フェデリコ・フェリーニ
2014,ノーマル,「女子20㎞」「男子20㎞」「男子50km」の3種目がオリンピックで行われている、陸上競技の種目は何でしょう？,競歩(きょうほ)
2014,ノーマル,動物行動学を創始した20世紀オーストリアの人物で、特に「刷り込み」の研究で有名なのは誰でしょう？,コンラート・ローレンツ
2014,ノーマル,イタリア語で「停止」という意味がある、音符や休符の長さを十分に延長させる音楽記号は何でしょう？,フェルマータ
2014,ノーマル,グラウビュンデン州などで話されている、フランス語、イタリア語、ドイツ語とともにスイスの公用語となっている言語は何でしょう？,ロマンシュ語(ろまんしゅご)
2014,ノーマル,「自己の危難を顧みず人命の救助に尽力した者」に与えられる、日本の褒章は何でしょう？,紅綬褒章(こうじゅほうしょう)
2014,ノーマル,NTTが運営する電話の3桁番号サービスで、災害伝言ダイヤルは何番でしょう？,171
2014,ノーマル,トイレットペーパーやクレジットカードなどにみられる、表面に凹凸模様をつける加工法を何というでしょう？,エンボス加工(えんぼすかこう)
2014,ノーマル,童謡『一番星みつけた』で、一番星を見つけたのは何の木の上と歌われているでしょう？,杉(すぎ)
2014,ノーマル,世界の島の中で一番人口が多い、インドネシアの首都・ジャカルタがある島はどこでしょう？,ジャワ島(じゃわしま)
2014,ノーマル,物理学において、力を加えても/変形しないと仮定された物体のことを何というでしょう？,剛体(ごうたい)
2014,ノーマル,昭和38年、当時のプロ野球コミッショナー内村祐之(うちむら・ゆうし)が制定した、野球の硬式球につけられる縫い目の数はいくつでしょう？,108
2014,ノーマル,代表作に『審判』『変身』『城』などがある、チェコの作家は誰でしょう？,フランツ・カフカ
2014,ノーマル,質屋で客が質草を出した時に、質屋が現金と共に出す預かり証を何というでしょう？,質札(しちふだ)
2014,ノーマル,物事の本質をとらえていない様子を、カメラに例えて「何が外れる」というでしょう？,ピント
2014,ノーマル,けん玉で、剣先(けんさき)を手で持ち、玉を中皿に乗せる基本技を、あるものの形に似ていることから何というでしょう？,ろうそく
2014,ノーマル,垓下(がいか)の戦いで敵に囲まれた項羽の逸話に由来する、周囲を敵に囲まれることを意味する四字熟語は何でしょう？,四面楚歌(しめんそか)
2014,ノーマル,エル・グレコの『受胎告知』や、モネの『睡蓮』などの作品が所蔵されている、岡山県倉敷市にある美術館は何でしょう？,大原美術館(おおはらびじゅつかん)
2014,ノーマル,女王クレオパトラ7世の自殺により紀元前30年に滅亡した、古代エジプトの王朝は何でしょう？,プトレマイオス朝(ぷとれまいおすあさ)
2014,ノーマル,2分音符の2倍の長さを持つ音符を「何音符」というでしょう？,全音符(ぜん)
2014,ノーマル,ヒンズー教の神々で、ガネーシャの外見は象ですが、ハヌマーンの外見はどんな動物でしょう？,猿(さる)
2014,ノーマル,ミモレット、ロックフォール、カマンベールといえば、いずれもどこの国原産のチーズでしょう？,フランス
2014,ノーマル,ブラジルの伝統競技ペテカをもとに考案された、羽根のついたボールを手で打ちあうスポーツを何というでしょう？,インディアカ
2014,ノーマル,「木曾路はすべて山の中である」という書き出しで始まる、島崎藤村の長編小説は何でしょう？,『夜明け前』(『よあけまえ』)
2014,ノーマル,昨年(2013年)12月に運行を開始した、ANAホールディングスが全面出資する新しい格安航空会社は何でしょう？,バニラエア
2014,ノーマル,ビニールハウスなどを使わずに、普通の畑で栽培することを「温室栽培」に対して何というでしょう？,露地栽培(ろじさいばい)
2014,ノーマル,10世紀にデンマークとノルウェーを統一したハラルド・ブロタンの異名にちなんで名付けられた、ワイヤレス通信の規格は何でしょう？,Bluetooth
2014,ノーマル,詩人・アポリネールとの恋愛でも知られる、代表作に『招待』や『二人の少女』があるフランスの画家は誰でしょう？,マリー・ローランサン
2014,ノーマル,湿った空気が山を越え、乾燥した熱風となって吹き下ろす現象を何というでしょう？,フェーン現象(ふぇーんげんしょう)
2014,ノーマル,4人の息子はそれぞれ公卿として活躍し、娘は聖武天皇の皇后となった、藤原鎌足の次男である奈良時代の貴族は誰でしょう？,藤原不比等(ふじわらのふひと)
2014,ノーマル,スペイン語で「豊かな海岸」という意味がある、首都をサンホセにおく中央アメリカの国はどこでしょう？,コスタリカ
2014,ノーマル,飛行機が失速し、螺旋を描きながら垂直に落下することを、ある工具の名前を使って「何落下」というでしょう？,きりもみ落下(きりもみらっか)
2014,ノーマル,多くの人を動員して物事を処理することを、何戦術というでしょう？,人海戦術(じんかいせんじゅつ)
2014,ノーマル,ボケの松本人志と、ツッコミの浜田雅功からなる、人気お笑いコンビは何でしょう？,ダウンタウン
2014,ノーマル,クルミと黒砂糖を包んだ団子を様々な具材とともに煮込んで作る、岩手の郷土料理は何でしょう？,まめぶ汁(まめぶしる)
2014,ノーマル,かつてイギリスの20ポンド紙幣の肖像にもなっていた、代表曲に『愛の挨拶』や『威風堂々』があるイギリスの作曲家は誰でしょう？,エドワード・エルガー
2014,ノーマル,今年(2014年)生誕150年を迎える日本の化学者で、昆布のうまみ成分がグルタミン酸であることを発見したのは誰でしょう？,池田菊苗(いけだ・きくなえ)
2014,ノーマル,漢数字で、一の部首は「一」、十の部首は「十」ですが、百の部首は何でしょう？,白(しろ)
2014,ノーマル,海外におけるチップにあたる、旅館の仲居さんなどにお礼として渡す少額のお金のことを何というでしょう？,心づけ(こころづけ)
2014,ノーマル,企業が利害関係者に自らの情報を公開する「企業情報開示」のことを、英語で何というでしょう？,ディスクロージャー
2014,ノーマル,ダルビッシュ有が所属しているのはテキサス・レンジャーズですが、/樽美酒研二(だるびっしゅ・けんじ)が所属しているエアーバンドは何でしょう？,ゴールデンボンバー
2014,ノーマル,ウジェーヌ・バタイユの『微笑』、マルセル・デュシャンの『L.H.O.O.Q.(エラショオキュー)』といえば、ともに何という絵画を題材とした作品でしょう？,『モナ・リザ』
2014,ノーマル,第一次は桂太郎内閣の際に、第二次は清浦圭吾内閣の際に起こった、政党内閣をつくろうとした政治運動のことを何というでしょう？,護憲運動(ごけんうんどう)
2014,ノーマル,精神医学を題材に、『24人のビリー･ミリガン』『アルジャーノンに花束を』などの作品を書いたアメリカの作家は誰でしょう？,ダニエル･キイス
2014,ノーマル,肉や魚を使わない料理のことを、仏教用語を用いて何料理というでしょう？,精進料理(しょうじんりょうり)
2014,ノーマル,アルファベット2文字でPVと略される、大型スクリーンでスポーツの試合などを中継し、集まったファンが観戦するイベントを何というでしょう？,パブリックビューイング
2014,ノーマル,青森県の北部に大きく突き出している2つの半島は、東側の下北半島と西側の何半島でしょう？,津軽半島(つがるはんしま)
2014,ノーマル,平行でない2辺の長さが等/しい台形のことを何というでしょう？,等脚台形(とうきゃくだいけい)
2014,ノーマル,「銃の指紋」といわれることもある、銃から発射された弾丸に付く溝のことを何というでしょう？,ライフルマーク
2014,ノーマル,インドの国歌『ジャナ・ガナ・マナ』の作詞・作曲を行った、同国の詩人は誰でしょう？,ラビンドラナート・タゴール
2014,ノーマル,1258年にフラグ率いるモンゴル軍によって滅ぼされた、バグダードに都をおいたイスラーム王朝は何でしょう？,アッバース朝(あっばーすあさ)
2014,ノーマル,本名を堀越孝俊(ほりこし・たかとし)という、妻にキャスターの小林麻央がいる歌舞伎俳優は誰でしょう？,市川海老蔵(いちかわえびぞう)
2014,ノーマル,動物の皮や骨などから煮出したタンパク質を精製/したもので、ゼリーやババロアなどの材料に使用されるのは何でしょう？,ゼラチン
2014,ノーマル,『ジョン万次郎漂流記』『山椒魚』『黒い雨』などの作品を残した小説家は誰でしょう？,井伏鱒二(いぶせ・ますじ)
2014,ノーマル,柔道で、互いに自由に技をかけ合って練習することを何というでしょう？,乱取り(らんどり)
2014,ノーマル,「北極点」があるのは、北緯何度でしょう？,90度(90ど)
2014,ノーマル,医療現場でよく問題にされる、患者の「生活の質」のことを、アルファベット3文字で何というでしょう？,QOL
2014,ノーマル,明治21年に大日本帝国憲法の草案審議のために設置され、その後も昭和22年まで存在した天皇の諮問機関は何でしょう？,枢密院(すうみついん)
2014,ノーマル,代表曲に『赤いランプの終列車』や『お富さん』がある、昭和を代表する演歌歌手は誰でしょう？,春日八郎(かすが・はちろう)
2014,ノーマル,ゲーム『パズル&ドラゴンズ』で、画面内に表示されるパズルブロックの数はいくつでしょう？,30個(30こ)
2014,ノーマル,テレビ番組で、メイン映像とは別に画面の隅に表示された中継現場などの映像のことを普通何というでしょう？,ワイプ
2014,ノーマル,全天88星座のうち、最も面積が広い星座は何座でしょう？,うみへび座(うみへびざ)
2014,ノーマル,鉄道で車体の向きを変える転車台や、レコードを乗せる回転盤のことを英語で何というでしょう？,ターンテーブル
2014,ノーマル,本名を梅谷松太郎(うめたに・まつたろう)という、『国定忠治』などの作品で知られる日本の作家は誰でしょう？,子母澤寛(しもざわ・かん)
2014,ノーマル,ドイツ・ポツダムにあるロココ様式の宮殿で、フランス語で「憂いのない」という意味の名がつけられたのは何でしょう？,サンスーシ宮殿(さんすーしきゅうでん)
2014,ノーマル,ベルトや靴についている、固定用の金具を英語で何というでしょう？,バックル
2014,ノーマル,昨年(2013年)誕生した、イギリスのウィリアム王子とキャサリン夫人の長男の名前は何でしょう？,ジョージ
2014,ノーマル,結晶水を含む結晶が、空気中でその水分を失う現象を漢字2文字で何というでしょう？,風解(ふうかい)
2014,ノーマル,古典舞踊の「カヒコ」と現代舞踊の「アウアナ」がある、ハワイの伝統的な民族舞踊といえば何でしょう？,フラ
2014,ノーマル,俗に「月下氷人」といわれるのは、一昔前の結婚式に欠かせなかったどんな人でしょう？,仲人(なこうど)
2014,ノーマル,アメリカの海軍士官学校の通称となっている、メリーランド州の都市はどこでしょう？,アナポリス
2014,ノーマル,その名前はMountain、Ocean、Sunという言葉の頭文字から取られた、売上高日本第2位のハンバーガーチェーンは何でしょう？,モスバーガー
2014,ノーマル,俳優の松田龍平・翔太兄弟の父親は松田優作ですが、母親である女優は誰でしょう？,松田美由紀(まつだ・みゆき)
2014,ノーマル,大相撲で、幕内から陥落した力士が、再び幕内に上がることを何というでしょう？,返り入幕(かえりにゅうまく)
2014,ノーマル,人間では血友病などに代表される、性染色体上の遺伝子によって決まる遺伝を何遺伝というでしょう？,伴性遺伝(ばんせいいでん)
2014,ノーマル,「地球に食料を、生命にエネルギーを。」をテーマとして、来年(2015年)万国博覧会が開かれるイタリアの都市はどこでしょう？,ミラノ
2014,ノーマル,1958年にフランス第五共和政を成立させ、その初代大統領に就任した政治家は誰でしょう？,シャルル・ド=ゴール
2014,ノーマル,横浜F・マリノスの栗原勇蔵(くりはら・ゆうぞう)と、横浜DeNAベイスターズの三浦大輔に共通するニックネームは何でしょう？,ハマの番長(はまのばんちょう)
2014,ノーマル,プロパノール、エタノール、メタノールなど、官能基がヒドロキシル基である有機化合物を総称して何というでしょう？,アルコール
2014,ノーマル,公営ギャンブルや宝くじにおいて、当選者がいなかったときに、/配当金を次回に持ち越すことを英語で何というでしょう？,キャリーオーバー
2014,ノーマル,那覇空港と首里を結ぶ、沖縄県の那覇市内を走るモノレールの愛称は何でしょう？,ゆいレール
2014,ノーマル,これ以上一円たりともお金を出さないということを、かつての粗悪なお金に例えて「何一文出せない」というでしょう？,びた一文(びたいちぶん)
2014,ノーマル,『国家』『饗宴』『ソクラテスの弁明』といった著書がある、古代ギリシャの哲学者は誰でしょう？,プラトン
2014,ノーマル,1999年に地方自治法の改正によって創設された、20万人以上の人口を条件とする日本の都市区分は何でしょう？,特例(とくれい)
2014,ノーマル,往年の映画シリーズで、『若大将』シリーズの主演は加山雄三ですが、『無責任』シリーズの主演は誰でしょう？,植木等(うえき・ひとし)
2014,ノーマル,1984年に現在のTOTOにより商標登録された、温水洗浄便座の愛称としておなじみの言葉は何でしょう？,ウォシュレット
2014,ノーマル,かつては高血圧などに対して行われていた、治療の目的で患者の血液の一部を抜くことを何というでしょう？,瀉血(しゃけつ)
2014,ノーマル,ゲーム『太鼓の達人』の定番曲であり、2000年にはWhiteberry(ホワイトベリー)によるカバーもヒットした、JITTERIN'JINN(ジッタリンジン)のシングル曲は何でしょう？,『夏祭り』(『なつまつり』)
2014,ノーマル,1415年にコンスタンツ公会議の結果火あぶりの刑に処された、チェコにおける宗教改革を主導した人物は誰でしょう？,ヤン・フス
2014,ノーマル,学習帳のうち、使う教科があらかじめ定められておらず、ページに罫線やマス目がないものを、特に何というでしょう？,自由帳(じゆうちょう)
2014,ノーマル,今年(2014年)のFIFAワールドカップ出場国の中で唯一、初出場となるヨーロッパの国はどこでしょう？,ボスニア・ヘルツェゴビナ
2014,ノーマル,「願はくは花のしたにて春死なんそのきさらぎの望月の頃」と詠み、旧暦2月16日に亡くなった平安時代の歌人は誰でしょう？,西行(さいぎょう)
2014,ノーマル,本名を川田耕作という舞台演出家で、劇団WAHAHA本舗の主宰者であるのは誰でしょう？,喰始(たべ・はじめ)
2014,ノーマル,夏に入ってから芽を出すことから名付けられた、抹茶を入れる茶器の名前になっている植物は何でしょう？,ナツメ
2014,ノーマル,元々は官職を辞めて民間人になることを指す言葉である、政権を失った政党が野党に転落することを漢字2文字で何というでしょう？,下野(げや)
2014,ノーマル,モンタギュー家の一人息子とキャピュレット家の一人娘との悲恋を描いた、シェイクスピアの戯曲は何でしょう？,『ロミオとジュリエット』
2014,ノーマル,人間の身体に必要な「三大栄養素」と呼ばれる3つの栄養素とは、脂質、たんぱく質と何でしょう？,炭水化物(たんすいかぶつ)
2014,ノーマル,世界の川の中で、流域面積が一番広いのは何川でしょう？,アマゾン川(あまぞんかわ)
2014,ノーマル,眼鏡のフレームや櫛によく使われる、海亀の一種タイマイの甲羅を加工した工芸品は何でしょう？,鼈甲(べっこう)
2014,ノーマル,19世紀後半のフランスで、政府主導の美術展に対抗して始まった、出品自由で審査を行わない展覧会を何というでしょう？,アンデパンダン
2014,ノーマル,【問題不備】現在、日本の国会議員の定数は衆議院と参議院を合わせて何人でしょう？,722人(722にん)
2014,ノーマル,すい臓にある組織・ランゲルハンス島の発見者であるランゲルハンスは、現在でいうどこの国の病理学者でしょう？,ドイツ
2014,ノーマル,朝鮮で「東学党の乱」が起こった1894年の十干十二支は、今年(2014年)と同じ何だったでしょう？,甲午(こうご/きのえうま)
2014,ノーマル,ギリシャ語で「宝物庫」という意味の言葉に由来する、語句を類義語、反義語などに分類した辞書を指す言葉は何でしょう？,シソーラス
2014,ノーマル,ヤード・ポンド法における重さの単位で、1ポンドは何オンスでしょう？,16オンス
2014,ノーマル,1964年の東京オリンピックで、日本女子バレーボールチームが金メダルを獲得したとき、決勝戦で戦った相手国はどこでしょう？,ソビエト連邦(そびえとれんぽう)
2014,ノーマル,『マイルズ・アウェイ』『ハング・アップ』『ライク・ア・ヴァージン』などの曲で知られる、アメリカの女性歌手は誰でしょう？,マドンナ
2014,ノーマル,日本の都道府県で、「万博記念公園駅」という鉄道駅があるのは、大阪府とどこでしょう？,茨城(いばらき)
2014,ノーマル,童話『オズの魔法使い』に登場する、主人公・ドロシーの飼い犬の名前は何でしょう？,トト
2014,ノーマル,歌舞伎などにおいて、舞台上の建物が崩れる仕掛けを何というでしょう？,屋台崩し(やたいくずし)
2014,ノーマル,奴隷となってしまった黒人男性・ソロモンの姿を描いた、今月(2014年3月)3日に第86回アカデミー作品賞を受賞した映画は何でしょう？,『それでも夜(よ)は明ける』(『それでもよる(よ)はあける』)
2014,ノーマル,100回以上のシルクロード訪問を重ね作品を残した、代表作に『仏教伝来』や『大唐西域壁画』がある日本画家は誰でしょう？,平山郁夫(ひらやま・いくお)
2014,ノーマル,漫画『スラムダンク』では庶民シュートと呼ばれた、バスケットボールの基本となるランニングシュートは何でしょう？,レイアップシュート
2014,ノーマル,冬至になると太陽がこの線の真上に来るため「冬至線」とも呼ばれている、南緯23度26分の緯線を何というでしょう？,南回帰線(みなみかいきせん)
2014,ノーマル,お笑いコンビ・ロンドンブーツ1号2号の2人に共通する苗字は何でしょう？,田(た)
2014,ノーマル,化学名を「アセチルサリチル酸」という、解熱剤や鎮痛剤に使われる薬は何でしょう？,アスピリン
2014,ノーマル,晩年は野菜などの絵を描いた色紙を多く残している、代表作に『友情』がある白樺派の作家は誰でしょう？,武者小路実篤(むしゃのこうじ・さねあつ)
2014,ノーマル,故事成語で、2つの物の間が非常に狭くて近いことを、1本の帯のような川にたとえて何というでしょう？,一衣帯水(いちいたいすい)
2014,ノーマル,現在の国連加盟国をアルファベット順に並べたとき、最初に来る国はどこでしょう？,アフガニスタン
2014,ノーマル,一般的には一番外側に設けられる、トラックなどが低速で走るために上り坂に設けられる車線のことを特に何というでしょう？,登坂車線(とはんしゃせん)
2014,ノーマル,野球の試合の中でも特に昼間/に行うものを、「ナイトゲーム」に対して何というでしょう？,デーゲーム,
2014,ノーマル,赤と青緑、黄色と青紫のような、色相環(しきそうかん)のちょうど正反対にある2つの色の関係を何というでしょう？,補色(ほしょく)
2014,ノーマル,『およぐのだいすき』『おねしょでしょん』などの作品に登場する、キヨノサチコが生み出した白ネコのキャラクターは何でしょう？,ノンタン
2014,ノーマル,1955年に第1回アジア・アフリカ会議が開催された、インドネシアの都市はどこでしょう？,バンドン
2014,ノーマル,手品や漫才など、寄席で行われる落語以外の演芸を何というでしょう？,色物(いろもの)
2014,ノーマル,よく土産物として売られている、水と白い粉が入った透明な容器の中にミニチュアを入れた置物のことを何というでしょう？,スノードーム
2014,ノーマル,マルコム・フォーリーとジョン・レノンが提唱した、/被災地や戦争の跡地などを巡る観光のことを「何ツーリズム」というでしょう？,ダークツーリズム(ダーク)
2014,ノーマル,「十字」や「側副」などの種類がある、人間の骨同士を繋いでいる線維性の組織を何というでしょう？,靭帯(じんたい)
2014,ノーマル,RED RICE、SHOCK EYE、HAN-KUN、若旦那の4人からなる、『純連歌(じゅんれんか)』『睡蓮花(すいれんか)』などのヒット曲があるレゲエグループは何でしょう？,湘南乃風(しょうなんのかぜ)
2014,ノーマル,「一眼レフ」などというときの「レフ」とは何という言葉の略でしょう？,レフレックス
2014,ノーマル,今年(2014年)1月にマッシミリアーノ・アッレグリの後を受け、セリエA・ACミランの監督に就任した、スリナム出身のオランダ人サッカー指導者は誰でしょう？,クラレンス・セードルフ
2014,ノーマル,そばつゆに入れるネギやわさびなどのように、風味を増して食欲をそそるために用いる食材や調味料のことを何というでしょう？,薬味(やくみ)
2014,ノーマル,1927年の上海を舞台に蒋介石率いる国民党の共産党との争いを描いた、アンドレ・マルローの小説は何でしょう？,『人間の条件』(『にんげんのじょうけん』)
2014,ノーマル,近江商人の基本精神としていわれる「三方(さんぽう)よし」といえば、売り手よし、買い手よしと何でしょう？,世間よし(せけんよし)
2014,ノーマル,現在は5年に1度、ポーランドの首都ワルシャワで開催される、世界有数のピアノコンクールは何でしょう？,ショパン国際ピアノ・コンクール(しょぱんこくさいぴあの・こんくーる)
2014,ノーマル,相撲で取組み中に一方が負傷したときに、引き分けとなることを何というでしょう？,痛みわけ(いたみわけ)
2014,ノーマル,現在の千円札に描かれている「逆さ富士」が映っている湖はどこでしょう？,本栖湖(もとすこ)
2014,ノーマル,明治4年に太政大臣/(だじょうだいじん)に就任した人物で、歴史上最後の太政大臣であるのは誰でしょう？,三条実美(さんじょう・さねとみ)
2014,ノーマル,野球の金属バットの素材として使われることも多い、1906年頃にドイツの冶金(やきん)学者ウィルムが発見した合金は何でしょう？,ジュラルミン
2014,ノーマル,発展途上国の製品を適正な価格で取引することで、生産者の生活向上を支える仕組みのことを「何トレード」というでしょう？,フェアトレード
2014,ノーマル,本名を亀井静子という歌手で、『買物ブギ』『東京ブギウギ』などのヒット曲を歌い、「ブギの女王」と呼ばれたのは誰でしょう？,笠置シヅ子(かさぎ・しづこ)
2014,ノーマル,物事を深く隠すことを「おくびにも出さない」といいますが、この「おくび」とは何のことでしょう？,げっぷ
2014,ノーマル,『海洋自由論』や『戦争と平和の法』などの著書があり、「国際法の父」と呼ばれるオランダの法学者は誰でしょう？,フーゴー・グロティウス
2014,ノーマル,よくある質問を意味する「FAQ」とは、何という言葉の略でしょう？,Frequently askedquestion
2014,ノーマル,生殖細胞ができるときに起こる、染色体の減少を伴う細胞分裂のことを何というでしょう？,減数分裂(げんすうぶんれつ)
2014,ノーマル,「僕は三十七歳で、そのときボーイング747のシートに座っていた」という書き出しで始まる、1987年に刊行された村上春樹のベストセラー小説といえば何でしょう？,『ノルウェイの森』(『のるうぇいのもり』)
2014,ノーマル,そのスピード感から「氷上のF1」と称される、ハンドル付きのソリを用いて行う冬のスポーツは何でしょう？,ボブスレー
2014,ノーマル,都市部の電車で多く見られる、線路と平行な向きに細長く設置された座席のことを何というでしょう？,ロングシート
2014,ノーマル,2001年の今日・3月23日に大気圏上で廃棄処分された、旧ソビエト連邦の宇宙ステーションは何でしょう？,ミール
2014,ノーマル,ミネラルやビタミンが豊富に含まれるため「飲むサラダ」という別名をもつ、南米原産のお茶は何でしょう？,マテ茶(まてちゃ)
2014,ノーマル,日本の湖の中で4番目に面積が広い、福島県にある湖は何でしょう？,猪苗代湖(いなわしろこ)
2014,ノーマル,かつては高価だったロウソクを指したともいわれる言葉で、転じて手持ちの衣装の中で最高の晴れ着を意味するのは何でしょう？,一張羅(いっちょうら)
2014,ノーマル,1950年代にオーバル・ライン、チューリップ・ライン、Aラインなどを発表したフランスのファッションデザイナーは誰でしょう？,クリスチャン・ディオール
2014,ノーマル,昨年(2013年)、タレント・松浦亜弥との結婚が報じられた、ダンスボーカルユニット・w‐inds.(ウインズ)のメンバーは誰でしょう？,橘慶太(たちばな・けいた)
2014,ノーマル,御家人の権利義務や道徳などが盛り込まれている、1232年に北条泰時によって制定された法令は何でしょう？,御成敗式目(ごせいばいしきもく)
2014,ノーマル,気象庁の元予報官・倉嶋厚(くらしま・あつし)による造語である、夜間の最低気温が25度以上の日を指す言葉は何でしょう？,熱帯夜(ねったいや)
2014,ノーマル,日本プロ野球で、42歳4ヶ月と史上最年長で2000本安打を達成した選手は誰でしょう？,谷繁元信(たにしげ・もとのぶ)
2014,ノーマル,代表作に『ピエタ』/や『ダビデ像』などがある、ルネサンス期イタリアの芸術家は誰でしょう？,ミケランジェロ,
2014,ノーマル,大文字では万有引力定数、小文字では重力加速度を表すアルファベット1文字は何でしょう？,g
2014,ノーマル,経済用語で、事業に投じた費用のうち、事業を撤退・縮小しても回収できないものを特に何というでしょう？,埋没費用(まいぼつひよう)
2014,ノーマル,用心の上にも用心深く物事を行うことを、「何を叩いて渡る」というでしょう？,石橋(いしばし)
2014,ノーマル,自然科学をテーマとした新書「ブルーバックス」を発行している出版社はどこでしょう？,講談社(こうだんしゃ)
2014,ノーマル,教会で行われる結婚式で、花嫁が父親とともに通る通路を何というでしょう？,バージンロード
2014,ノーマル,明治維新で活躍した大久保利通、西郷隆盛といえば、何藩出身の人物でしょう？,薩摩藩(さつまはん)
2014,ノーマル,世界の航空業界に影響力を持つ「エアポート・オブ・ザ・イヤー」で2013年の1位を獲得した、シンガポールのハブ空港はどこでしょう？,シンガポール・チャンギ国際空港(しんがぽーる・ちゃんぎこくさいくうこう)
2014,ノーマル,代表曲に『少女A』『セカンド・ラブ』『ミ・アモーレ』などがある、昭和を代表する女性歌手は誰でしょう？,中森明菜(なかもり・あきな)
2014,ノーマル,英語では「wasted vote」という、選挙で落選者に投じられた票を何というでしょう？,死票(しひょう)
2014,ノーマル,現在のプロ野球12球団の中で、クライマックスシリーズに出場したことがない唯一の球団はどこでしょう？,横浜DeNAベイスターズ(よこはまDeNAべいすたーず)
2014,ノーマル,ギリシア神話で、アポロンの双子の妹にあたる月と狩猟の女神は誰でしょう？,アルテミス
2014,ノーマル,タクシーや電車で、乗車するために必要になる最低運賃のことを特に何運賃というでしょう？,初乗り運賃(はつのりうんちん)
2014,ノーマル,怒ったときには「上げ」、心配があるときには「くもらせ」、不快に思うときには「ひそめる」、顔の部分はどこでしょう？,眉(まゆ)
2014,ノーマル,アヒンサーの教えにより、生き物を絶対に殺してはいけないという掟がある、インド発祥の宗教は何でしょう？,ジャイナ教(じゃいなきょう)
2014,ノーマル,1グラムの物質の温度を摂氏1度だけ高くするのに必要な熱量のことを何というでしょう？,比熱(ひねつ)
2014,ノーマル,正式名称を「蓮華王院本堂(れんげおういんほんどう)」という、毎年1月の通し矢の行事で知られる、京都市にある御堂はどこでしょう？,三十三間堂(さんじゅうさんげんどう)
2014,ノーマル,『オルフェウスの窓』や『ベルサイユのばら』など、ヨーロッパ史を題材とした作品を得意とする漫画家は誰でしょう？,池田理代子(いけだ・りよこ)
2014,ノーマル,和歌において、古くから歌に詠み込まれてきた名所旧跡のことを何というでしょう？,歌枕(うたまくら)
2014,ノーマル,津軽海峡に引かれた生物境界線のことを、イギリスの動物学者の名から何線というでしょう？,ブラキストン線(ぶらきすとんせん)
2014,ノーマル,ジャムやクリームを挟んだパリ式がよく知られている、アーモンド、卵白、砂糖を材料とした、カラフルな焼き菓子は何でしょう？,マカロン
2014,ノーマル,人間の肩で、なだらかに下がった肩をなで肩というのに対し、角ばった肩のことを何というでしょう？,いかり肩(いかりかた)
2014,ノーマル,アメリカ領事のシャープレスや、ヒロインに愛される海軍士官ピンカートンなどが登場する、プッチーニのオペラは何でしょう？,『蝶々夫人』(『ちょうちょうふじん』)
2014,ノーマル,お笑いトリオ・ダチョウ倶楽部のメンバーは、肥後克広、寺門ジモンと誰でしょう？,上島竜兵(うえしま・りゅうへい)
2014,ノーマル,昨年(2013年)はイギリスのクリス・フルームが総合優勝を果たした、世界最大の自転車ロードレースの名前は何でしょう？,ツール・ド・フランス
2014,ノーマル,その名はアメリカンフットボールのポジション「クォーターバック」に由来する、「1000円カット」で有名な理容チェーンはどこでしょう？,QBハウス
2014,ノーマル,一級河川の中で全長が最も短い静岡県を流れる川で、長良川、四万十川とともに「日本三大清流」に数えられるのは何でしょう？,柿田川(かきたがわ)
2014,ノーマル,政党のうち、政権を構成しているものを与党というのに対し、政権を構成していないものを何というでしょう？,野党(やとう)
2014,ノーマル,SNSのTwitterで、投稿を時系列に並べて表示したものを何というでしょう？,タイムライン
2014,ノーマル,幼名を吉法師(きっぽうし)といった、桶狭間の戦いで今川義元の大軍を破った戦国大名は誰でしょう？,織田信長(おだ・のぶなが)
2014,ノーマル,ニュージーランドの5ドル紙幣に描かれている、人類初のエベレスト登頂に成功した登山家は誰でしょう？,サー・エドモンド・ヒラリー
2014,ノーマル,狩りの時に小熊を見逃したというセオドア・ルーズベルトにちなんで名付けられた、熊のぬいぐるみを指す言葉は何でしょう？,テディベア
2014,ノーマル,イヤーチップとチェストピースをチューブでつないだ形状になっている、医者が心拍や呼吸音などを聴くための道具は何でしょう？,聴診器(ちょうしんき)
2014,ノーマル,『小倉百人一首』の競技かるたで、1文字目で下の句が確定する「1字決まり」の札は合計何枚あるでしょう？,7枚(7まい)
2014,ノーマル,現在の大相撲の本場所で、初日、中日、千秋楽は、いずれも何曜日に行われているでしょう？,日曜日(にちようび)
2014,ノーマル,牛や羊などが食べ物を一旦飲み込んでから口の中に戻し、噛み直して再び飲み込むことを何というでしょう？,反芻(はんすう)
2014,ノーマル,フランスではモン・セルヴァン、イタリアではモンテ・チェルビノと呼ばれる山を、日本では普通何と呼んでいるでしょう？,マッターホルン
2014,ノーマル,1871年にドイツを統一してドイツ帝国の宰相となり、「鉄血宰相」と呼ばれた政治家は誰でしょう？,オットー・ビスマルク
2014,ノーマル,ドルビー・シアターで授賞式が行われる、オスカー像と呼ばれるトロフィーでも知られるアメリカの映画賞は何でしょう？,アカデミー賞(あかでみーしょう)
2014,ノーマル,達磨大師(だるまだいし)が揚子江を1枚の葉に乗って下った故事からペンネームをつけた、代表作に『にごりえ』や『たけくらべ』がある女流作家は誰でしょう？,樋口一葉(ひぐち・いちよう)
2014,ノーマル,英語で、多数派を「マジョリティー」というのに対し、少数派を何というでしょう？,マイノリティー
2014,ノーマル,代表作に『無我』や『生生流転(せいせいるてん)』がある、朦朧体を創始した日本画家は誰でしょう？,横山大観(よこやま・たいかん)
2014,ノーマル,「金山寺味噌」は和歌山県の名産品ですが、「八丁味噌」は何県の名産品でしょう？,愛知(あいち)
2014,ノーマル,えびす様のような、耳たぶが大きく肉厚な耳のことを特に何耳というでしょう？,福耳(ふくみみ)
2014,ノーマル,オランダ植民地時代はニューアムステルダムと呼ばれた、「ビッグアップル」という愛称で知られるアメリカの都市はどこでしょう？,ニューヨーク
2014,ノーマル,「コモチカンラン」や「ヒメカンラン」とも呼ばれる、シチューなどに用いられる小さな球状の野菜は何でしょう？,芽キャベツ(めきゃべつ)
2014,ノーマル,「プラットフォーム」と呼ばれる平坦な作りのつま先が特徴である、バレエを踊るときに履く靴のことを何というでしょう？,トゥシューズ
2014,ノーマル,「丸」「十字」「波」「四角」「星」の5種類からなる、超能力実験用のカードを何というでしょう？,ESPカード
2014,ノーマル,隋の時代に始まり清の時代まで続けられた、中国の官吏(かんり)登用試験は何でしょう？,科挙(かきょ)
2014,ノーマル,エドガー・アラン・ポーの小説『モルグ街の殺人』に登場する、世界初の名探偵とされる貴族の名前は何でしょう？,C・オーギュスト・デュパン
2014,ノーマル,童謡『金太郎』で、金太郎がかついでいる道具は何でしょう？,まさかり
2014,ノーマル,通貨危機などに際して、複数の国の中央銀行が一斉に通貨の売りや買いを行うことを漢字四文字で何というでしょう？,協調介入(きょうちょうかいにゅう)
2014,ノーマル,16進数では12、SI接頭辞では100分の1、元素記号では炭素をあらわすアルファベット1文字は何でしょう？,C
2014,ノーマル,歌手の前川清、美輪明宏、福山雅治に共通する出身都道府県はどこでしょう？,長崎(ながさき)
2014,ノーマル,囲碁で、自分の地(じ)にも相手の地(じ)にもならない目のことを何というでしょう？,駄目(だめ)
2014,ノーマル,リトルローディという愛称で知られる、アメリカ50州で最も面積が小さい州はどこでしょう？,ロードアイランド州(ろーどあいらんどしゅう)
2014,ノーマル,化学で使われる指標「pH(ペーハー)」で、室温において「中性」を示す数値はいくつでしょう？,7
2014,ノーマル,2010年に映画化された『インシテミル』や、デビュー作『氷菓』などの作品で知られる日本の小説家は誰でしょう？,米澤穂信(よねざわ・ほのぶ)
2014,ノーマル,本名を穐吉定次(あきよし・さだじ)という、前人未到の69連勝の記録を持つ、昭和を代表する大横綱は誰でしょう？,双葉山(ふたばやま)
2014,ノーマル,世界で初めてヨーグルトの工業化に成功したアイザック・カラソーの息子・ダニエルにちなんで名付けられた、ヨーグルトのブランドは何でしょう？,ダノン
2014,ノーマル,「人返しの法」や「上知令(あげちれい)」などの政策が行われた、老中・水野忠邦による江戸三大改革の1つは何でしょう？,天保の改革(てんぽうのかいかく)
2014,ノーマル,もともとは舞台を賑やかにするために楽器の演奏を入れることで、転じて物事を大げさに宣伝することを何というでしょう？,鳴り物入り(なりものいれり)
2014,ノーマル,かつてのナンバースクールで、旧制一高は現在の東京大学ですが、旧制二高は現在の何大学でしょう？,東北大学(とうほくだいがく)
2014,ノーマル,アカバ湾、オマーン湾、アデン湾、ペルシャ湾、紅海などに囲まれている、世界最大の半島は何でしょう？,アラビア半島(あらびあはんしま)
2014,ノーマル,歌舞伎十八番の1つ『助六』で、主人公の助六と恋に落ちる遊女の名前は何でしょう？,揚巻(あげまき)
2014,ノーマル,1961年、ボストーク1号に搭乗し世界初の宇宙飛行士となった、「地球は青かった」という名言で知られる人物は誰でしょう？,ユーリイ・ガガーリン
2014,ノーマル,医療では心拍数、オーケストラではホルン、野球ではホームランを表すアルファベット2文字は何でしょう？,HR
2014,ノーマル,日本神話で、スサノオノミコトが退治したという、8つの頭、8つの尻尾を持つ大蛇を何というでしょう？,ヤマタノオロチ
2014,ノーマル,漫画を描くときはクリスチーネ剛田と名乗っている、漫画『ドラえもん』に登場するジャイアンの妹は誰でしょう？,ジャイ子(じゃいこ)
2014,ノーマル,毎年11月15日頃に、子供の成長を祝って神社などにお参りする行事を、それを行うときの子供の年齢から何というでしょう？,七五三(しちごさん)
2014,ノーマル,アイスホッケーで、相手チームの選手が味方チームの選手より少なくなった状態を何というでしょう？,パワープレー
2014,ノーマル,目をぱっちり見せるために、まつげを挟んで上向きにそらせる化粧道具を何というでしょう？,アイラッシュカーラー
2014,ノーマル,ネマティックやスメクティックなどの種類がある、ディスプレイに用いられる固体と液体の中間的な状態を何というでしょう？,液晶(えきしょう)
2014,ノーマル,宴会をするために使われることが多い、屋根と座敷を備えた船のことを何というでしょう？,屋形船(やかたぶね)
2014,ノーマル,東京国際フォーラムには彼の作品の常設美術館がある、『にんげんだもの』などの詩集で知られる書家・詩人は誰でしょう？,相田みつを(あいだ-)
2014,ノーマル,ことわざで、「サンマが出ると引っ込む」とされている職業は何でしょう？,あんま
2014,ノーマル,作曲家のメンデルスゾーン、ワーグナー、ベートーベンといえば、どこの国の出身でしょう？,ドイツ
2014,ノーマル,毎年1月3日に東京ドームで行われる、アメリカンフットボールの日本一決定戦は何でしょう？,ライスボウル
2014,ノーマル,イタリア語で「炭焼き風の」/という意味がある、ベーコン、チーズ、卵などを使ったスパゲティ料理は何でしょう？,カルボナーラ
2014,ノーマル,1964年のヴェニス憲章に基づいて翌年に設立された、UNESCO(ユネスコ)の記念物と遺跡の保護に関する諮問機関(しもんきかん)は何でしょう？,ICOMOS(イコモス)
2014,ノーマル,アメリカ合衆国の1ドル紙幣の肖像になっている、同国の初代大統領は誰でしょう？,ジョージ・ワシントン
2014,ノーマル,人間の体で、腎臓から送られてくる尿を一時的に溜めておき排出に備える、袋状の器官のことを何というでしょう？,膀胱(ぼうこう)
2014,ノーマル,キュウリやフキなどに色を出すために、まな板の上で塩を振って転がす下処理のことを何というでしょう？,板摺(いたずり)
2014,ノーマル,『ヘルプ!』や『レット・イット・ビー』などの曲で知られる、ポール・マッカートニーやジョン・レノンらが所属していたイギリスのロックバンドは何でしょう？,ザ・ビートルズ
2014,ノーマル,サラリーマンの心得としてよく紹介される「ホウレンソウ」とは、報告、連絡と何のことでしょう？,相談(そうだん)
2014,ノーマル,標高1982mと四国の最高峰である、愛媛県中央部にそびえる山は何でしょう？,石鎚山(いしづちさん)
2014,ノーマル,算数で、掛け算の答えを「積」といいますが、割り算の答えを漢字1文字で何というでしょう？,商(しょう)
2014,ノーマル,V6の岡田准一が主人公の黒田官兵衛を演じる、今年(2014年)のNHK大河ドラマは何でしょう？,『軍師官兵衛』(ぐんしかんべえ)
2014,ノーマル,「葛根湯(かっこんとう)で風邪治る」が名前の由来となっている、第一三共ヘルスケアが販売する風邪薬は何でしょう？,カコナール
2014,ノーマル,『白痴(はくち)』『未成年』『罪と罰』『カラマーゾフの兄弟』などの著書で知られる、ロシアの小説家は誰でしょう？,フョードル・ドストエフスキー
2014,ノーマル,英語では「アストロノミカル・ユニット」という、地球と太陽の平均距離を1とする距離の単位は何でしょう？,天文単位(てんもんたんい)
2014,ノーマル,設備投資によって起こる、およそ7年から10年を周期とする景気の循環を、発見者の名にちなんで何というでしょう？,ジュグラーの波(じゅぐらーのなみ)
2014,ノーマル,日本の歩行者用信号機で、青信号に描かれている人は左右どちらを向いているでしょう？,左(ひだり)
2014,ノーマル,ガビアル科、アリゲーター科、クロコダイル科の3種類に分けられる爬虫類は何でしょう？,わに
2014,ノーマル,"英語でのタイトルを『Like Father,Like Son』という、昨年(2013年)のカンヌ映画祭で審査員特別賞を受賞した、是枝裕和(これえだ・ひろかず)監督の映画は何でしょう？",『そして父になる』(『そしてちちになる』)
2014,ノーマル,いわゆる「三段論法」における3つの命題とは、大前提、小前提と何でしょう？,結論(けつろん)
2014,ノーマル,プロ野球の球団の1つ、広島東洋カープのカープが指すのは何という魚でしょう？,鯉(こい)
2014,ノーマル,1534年にイグナティウス・デ・ロヨラを中心に設立された、日本でも布教を行っているカトリックの修道会は何でしょう？,イエズス会(イエズスかい)
2014,ノーマル,日本の政令指定都市のうち、都道府県庁所在地でないのは、川崎市、相模原市、浜松市、堺市とどこでしょう？,北九州(きたきゅうしゅう)
2014,ノーマル,アラビア語で「立方体」という意味があり、イスラム教の聖地になっている、メッカにある神殿は何でしょう？,カーバ神殿(かーばしんでん)
2014,ノーマル,黒岩涙香(くろいわ・るいこう)が自身の新聞「萬朝報(よろずちょうほう)」で募集して名前が決まった、五目並べを競技化した遊びは何でしょう？,連珠(れんじゅ)
2014,ノーマル,ゴルフのインコースとアウトコースのうち、1番ホールから9番ホールまでのことを指すのはどちらでしょう？,アウトコース
2014,ノーマル,「花の色はうつりにけりないたづらにわが身世にふるながめせし間に」という歌を詠んだ、六歌仙唯一の女流歌人は誰でしょう？,小野小(おのしょう)
2014,ノーマル,当初は「北極と赤道をつなぐ子午線の長さの1000万分の1の距離」と定められていた、長さの単位といえば何でしょう？,メートル
2014,ノーマル,日本のテーマパークで、「東京ドイツ村」があるのは千葉県ですが、「志摩スペイン村」があるのはどこの都道府県でしょう？,三重(みえ)
2014,ノーマル,童謡『紅葉(もみじ)』で、「松を彩る」と歌われている植物は楓(かえで)と何でしょう？,蔦(つた)
2014,ノーマル,結晶の形がザクロに似ていることから「ザクロ石」という別名がある宝石は何でしょう？,ガーネット
2014,ノーマル,オックスフォード大学の数学講師を本業としていた、童話『不思議の国のアリス』の作者は誰でしょう？,ルイス・キャロル
2014,ノーマル,オーバーエイジ枠をのぞくと、オリンピックの男子サッカーに出場できるのは、何歳以下の選手でしょう？,23歳(23とし)
2014,ノーマル,表には出てこずに物事を裏から支える人のことを、俗に「縁の下の何」というでしょう？,力持ち(ちからもち)
2014,ノーマル,学校教育法の第7章の表題となっている、一般の中学校と高等学校の教育を一貫して行う学校のことを何というでしょう？,中等教育学校(ちゅうとうきょういくがっこう)
2014,ノーマル,女優の名前で、華(はる)、瞳、メイサといえば、共通する苗字は何でしょう？,黒木(くろき)
2014,ノーマル,「この世をばわが世とぞ思ふ望月のかけたることもなしと思へば」という歌を詠んだことで知られる、平安時代の貴族は誰でしょう？,藤原道長(ふじわらどうちょう)
2014,ノーマル,主力商品「ガリガリくん」を中心にアイスの製造販売を行う、埼玉県深谷市に本社を置く企業はどこでしょう？,赤城乳業(あかぎにゅうぎょう)
2014,ノーマル,水などの溶媒に溶かした際、溶液中で電離してイオンを生じる物質を何というでしょう？,電解質(でんかいしつ)
2014,ノーマル,かつては「レニングラード」と呼ばれていた、ロシア美術館やエルミタージュ美術館などがあるロシアの都市はどこでしょう？,サンクト・ペテルブルク
2014,ノーマル,椚ヶ丘(くぬぎがおか)中学校のおちこぼれクラスの担任に、謎の生物「殺(ころ)せんせー」が就任するというストーリーの、松井優征(まつい・ゆうせい)の漫画は何でしょう？,『暗殺教室』(『あんさつきょうしつ』)
2014,ノーマル,西暦800年、教皇レオ3世から西ローマ帝国皇帝の冠を授かり、西ローマ帝国を復活させたフランク王国の王は誰でしょう？,カール大帝(かーるたいてい)
2014,ノーマル,英語で、「ドッグフィッシュ」という魚はサメですが、「キャットフィッシュ」という魚は何でしょう？,なまず
2014,ノーマル,代表作に「三姉妹探偵団」や「三毛猫ホームズ」などのシリーズがある日本の作家は誰でしょう？,赤川次郎(あかがわ・じろう)
2014,ノーマル,ラテン語で「物まねする」という意味の名を持つマメ科の植物で、ゆで卵をちりばめたサラダの名前にも使われているのは何でしょう？,ミモザ
2014,ノーマル,プロレスやボクシングの興行で賑わうことから「格闘技のメッカ」と呼ばれる、東京ドームシティにある多目的ホールはどこでしょう？,後楽園ホール(こうらくえんほーる)
2014,ノーマル,かつての日本で、奉公人が正月と盆の16日に親元へ帰るのを許されたことを何といったでしょう？,薮入り(やぶいり)
2014,ノーマル,イリオス遺跡、カッパドキア、トプカプ宮殿などの観光地がある国といえばどこでしょう？,トルコ
2014,ノーマル,ベニー・グッドマンとともに「スウィングの王様」と称される、『ムーンライト・セレナーデ』などの名曲を残したジャズ奏者は誰でしょう？,グレン･ミラー
2014,ノーマル,京都・三条京阪(さんじょうけいはん)にある土下座姿の銅像で知られる、「寛政の三奇人」の1人に数えられる江戸時代の思想家は誰でしょう？,高山彦九郎(たかやま・ひこくろう)
2014,ノーマル,メジャーリーグで活躍するイチローは、右打者、左打者のどちらでしょう？,左打者(ひだりだしゃ)
2014,ノーマル,扇情的な作風がたびたび物議を醸した、代表作に『オランピア』や『草上の昼食』がある19世紀フランスの画家は誰でしょう？,エドゥアール・マネ
2014,ノーマル,株式会社SCRAPが企画・運営を行う、参加者が様々なヒントをもとに、ある場所から脱出するイベントは何でしょう？,リアル脱出ゲーム(りあるだっしゅつげーむ)
2014,ノーマル,銀行の預金口座のうち、小切手や手形の決済に利用されるもののことを何というでしょう？,当座預金(とうざよきん)
2014,ノーマル,ウィリアム・マッキンリー高校の合唱部を舞台に学生たちの群像劇を描いた、アメリカの人気ドラマは何でしょう？,『glee』(グリー)
2014,ノーマル,薬を服用するタイミングをいう言葉で、食事をしてから約2時間後のことを漢字2文字で何というでしょう？,食間(しょっかん)
2014,ノーマル,御伽草子『一寸法師』に登場する、振れば何でも願いが叶う道具は何でしょう？,打出の小槌(うちいでのこづち)
2014,ノーマル,ラング・ド・シャークッキーの間にホワイトチョコレート/を挟んでいる、石屋製菓から発売されている北海道銘菓は何でしょう？,「白い恋人」(「しろいこいびと」)
2014,ノーマル,ずばり、1から10000までの数字を全て足すといくつになるでしょう？,5000万5000(5000まん5000)
2014,ノーマル,現在はチリの領土となっている、モアイ像で有名な島は何でしょう？,イースター島(イースター)
2014,ノーマル,コンピュータのマウスの基本操作で、ボタンを一回押してすぐに離すことを何というでしょう？,クリック
2014,ノーマル,良いことには邪魔が入りやすく長続きしないという意味のことわざを、「月に叢雲、花に何」というでしょう？,風(かぜ)
2014,ノーマル,競馬で「万馬券」とは、オッズが何倍以上の馬券を指すでしょう？,100倍(100ばい)
2014,ノーマル,別名を「山形星」や「錨星(いかりぼし)」という、日本では北の夜空にほぼ一年中見えるW字形の星座は何座でしょう？,カシオペヤ座(かしおぺやざ)
2014,ノーマル,形を整えたり、新しい枝に栄養を行き渡らせたりするために、植物の枝を切る作業のことを何というでしょう？,剪定(せんてい)
2014,ノーマル,日本の自衛隊を、担当する領域から大きく3つに分けると、陸上自衛隊、海上自衛隊と何でしょう？,航空自衛隊(こうくうじえいたい)
2014,ノーマル,詩や文を作るときに多くの参考書を広げ散らかすことを、獲った魚を並べるカワウソの習性に例えて何というでしょう？,獺祭(だっさい)
2014,ノーマル,漫画『キン肉マン』のロビンマスクの必殺技の名前にもなっている、ロンドンの観光名所である、テムズ川にかかる橋は何でしょう？,タワーブリッジ
2014,ノーマル,今年(2014年)第1回公演から100周年を迎える、兵庫県を本拠とする女性だけで構成された歌劇団は何でしょう？,宝塚歌劇団(たからづかかげきだん)
2014,ノーマル,「木の芽(きのめ)田楽」などというときの「木の芽」とは、一般に何の芽のことを指すでしょう？,サンショウ
2014,ノーマル,「繁栄によって平和と幸福を」という英語の頭文字から社名をつけた、松下幸之助が創設した出版社は何でしょう？,PHP研究所(PHPけんきゅうしょ)
2014,ノーマル,かつての大統領・朴正煕(パク・チョンヒ)の娘である、現在の韓国の大統領は誰でしょう？,朴槿恵(パク・クネ)
2014,ノーマル,美味しいものを食べ慣れて味の良し悪しがわかるようになることを、体の一部分を使って「どこが肥える」というでしょう？,舌(した)
2014,ノーマル,第6代皇帝アウラングゼーブの時代に最大領土となった、16世紀から19世紀にかけてインドで栄えた帝国は何でしょう？,ムガル帝国(むがるていこく)
2014,ノーマル,イグアノドンやプテラノドンなどの恐竜の名前に付けられている「ドン」とは、ギリシャ語で何という意味があるでしょう？,歯(は)
2014,ノーマル,『ハートブレイク・ホテル』『監獄ロック』『ラブ・ミー・テンダー』などの曲で知られる、アメリカのミュージシャンは誰でしょう？,エルビス・プレスリー
2014,ノーマル,競泳の背泳ぎ、平泳ぎ、バタフライのうち、100mの世界記録が最も遅いのはどれでしょう？,平泳ぎ(ひらおよぎ)
2014,ノーマル,言葉を巧みに飾り、顔つきをやわらげて人の機嫌をとることを、「色」という漢字を使った四字熟語で何というでしょう？,巧言令色(こうげんれいしょく)
2014,ノーマル,袋に溜めた空気を押し出すことでリードを振動させる、スコットランドの民族楽器は何でしょう？,バグパイプ
2014,ノーマル,その投球フォームは「トルネード投法」と呼ばれた、日米通算で201勝をあげ、今年(2014年)野球殿堂入りしたプロ野球選手は誰でしょう？,野茂英雄(のも・ひでお)
2014,ノーマル,ブランデーをしみこませた角砂糖に火をつけて入れ、溶かして飲むコーヒーを何というでしょう？,カフェ・ロワイヤル
2014,ノーマル,リージェント・ストリート、ベイカー・ストリート、アビー・ロードといった通りが走るヨーロッパの都市はどこでしょう？,ロンドン
2014,ノーマル,現在の日本の内閣を構成する大臣の中で、近代内閣制度発足時から名称が変わっていない2つとは、何大臣と何大臣でしょう？,外務大臣と内閣総理大臣(がいむだいじんとないかくそうりだいじん)
2014,ノーマル,列氏80度、華氏212度、373.15ケルビンといえば、いずれも摂氏何度のことでしょう？,100度(100ど)
2014,ノーマル,ルーブル美術館に展示されている絵画の中で最も大きい、イタリアの画家ヴェロネーゼの代表作は何でしょう？,『カナの婚礼』(『かなのこんれい』)
2014,ノーマル,来年(2015年)春から、「かがやき」「はくたか」「つるぎ」「あさま」の4つの車両が運行する新幹線の路線は何でしょう？,北陸新幹線(ほくりくしんかんせん)
2014,ノーマル,現在は東京未来大学の名誉学長を務めている、パズル本『頭の体操』シリーズの著者として知られる心理学者は誰でしょう？,多湖輝(たご・あきら)
2014,ノーマル,初めはセネカに師事し善政を行いながらも、のちに暴君となった、ローマ帝国第5代皇帝は誰でしょう？,ネロ
2014,ノーマル,『函館の女(ひと)』『まつり』『与作』などの曲で知られる演歌歌手は誰でしょう？,北島三郎(きたじまさぶろう)
2014,ノーマル,時間の単位「秒」の定義に用いられている、原子番号55、元素記号Csの元素は何でしょう？,セシウム
2014,ノーマル,メグ、ジョー、ベス、エイミーのマーチ家4姉妹の姿を描いた、ルイーザ・オルコットの小説は何でしょう？,『若草物語』(『わかくさものがたり』)
2014,ノーマル,英語では「ベンディングマシン」などという、お金を入れて商品を購入できる機械を何というでしょう？,自動販売機(じどうはんばいき)
2014,ノーマル,つま先立ちで深く腰をおろした、剣道や相撲の試合で始めと終わりにとられる姿勢は何でしょう？,蹲踞(そんきょ)
2014,ノーマル,現存する日本最古のものは神戸市の中山手通(なかやまてどおり)にある、イスラム教の礼拝堂を何というでしょう？,モスク
2014,ノーマル,研究・報告したドイツの地質学者の名に由来する、かつて日本に生息していた小型の象は何でしょう？,ナウマン象(なうまんぞう)
2014,ノーマル,『E.T.』『ジュラシック・パーク』『シンドラーのリスト』などの作品を監督した、アメリカの映画監督は誰でしょう？,スティーヴン・スピルバーグ
2014,ノーマル,幅の広い道は「広小路」といいますが、行き止まりになっている道は「何小路」というでしょう？,袋小路(ふくろこうじ)
2014,ノーマル,フェアバンクス、ジュノー、アンカレッジといえば、アメリカの何州にある都市でしょう？,アラスカ州(あらすかしゅう)
2014,ノーマル,密教芸術などに描かれる両界曼陀羅の「両界」とは、金剛界と何界でしょう？,胎蔵界(たいぞうかい)
2014,ノーマル,香りの良さから「香魚(こうぎょ)」の別名を持つ、よく塩焼きにして「蓼酢(たでず)」をつけて食べられる魚は何でしょう？,鮎(あゆ)
2014,ノーマル,フェンシングで行われる3つの種目とは、エペ、サーブルと何でしょう？,フルーレ
2014,ノーマル,1964年にノーベル文学賞の受賞を辞退した、『嘔吐』や『存在と無』などの著書で知られるフランスの哲学者は誰でしょう？,ジャン=ポール・サルトル
2014,ノーマル,旧社名を福武書店(ふくたけしょてん)といった企業で、「こどもちゃれんじ」や「進研ゼミ」を展開するのはどこでしょう？,ベネッセコーポレーション
2014,ノーマル,その名はギリシャ神話に登場する巨人の名前にちなむ、アフリカ北西部を東西に走る山脈は何でしょう？,アトラス山脈(あとらすさんみゃく)
2014,ノーマル,コンピューターのキーボードで、漢字変換や空白の入力に用いる、一般に横幅が長くなっているキーは何でしょう？,スペースキー
2014,ノーマル,1583年に豊臣秀吉と柴田勝家との間で行われた合戦のことを、その舞台となった地名から何というでしょう？,賤ヶ岳の戦い(しずがたけのたたかい)
2014,ノーマル,オールド・トラフォードを本拠地とする、プレミアリーグの名門サッカークラブはどこでしょう？,マンチェスター・ユナイテッド
2014,ノーマル,句読点や送り仮名、返り点などがついていない原文のままの漢文のことを特に何というでしょう？,白文(はくぶん)
2014,ノーマル,スポーツなどにおける一進一退の接戦のことを、公園にある遊具を用いた表現で何というでしょう？,シーソーゲーム
2014,ノーマル,イギリスの制度を参考にして今年(2014年)1月に導入された「少額投資非課税制度」のことを何というでしょう？,NISA(ニーサ)
2014,ノーマル,家電製品が作動中であることを示すランプを何というでしょう？,パイロットランプ
2014,ノーマル,本名を倉科岳文(くらしな・たけふみ)という、自作のパラパラ漫画で再ブレイクを果たしているお笑い芸人は誰でしょう？,鉄拳(てっけん)
2014,ノーマル,普段から自家用車をよく運転する人のことを、「ペーパードライバー」に対して何というでしょう？,オーナードライバー
2014,ノーマル,昨年(2013年)夏に国立科学博物館で開かれた「深海」展ではこれの標本が展示された、世界最大の無脊椎動物は何でしょう？,ダイオウイカ
2014,ノーマル,徳川家光が武家諸法度で制度化した、諸大名に対し原則1年おきに江戸と国元との往復を義務付けた制度を何というでしょう？,参勤交代(さんきんこうたい)
2014,ノーマル,100kmを走るウルトラマラソンでは10時間以内に、フルマラソンでは2時間10分以内に完走することを、特に何というでしょう？,サブテン
2014,ノーマル,日本の都道府県庁所在地の中で唯一、名前がひらがなで表記されるのはどこでしょう？,さいたま
2014,ノーマル,1989年に愛知県衛生対策審議会歯科専門部会が提唱した、80歳まで20本以上の歯を残そうとする運動は何でしょう？,8020運動(はちまるにまるうんどう)
2014,ノーマル,お初と徳兵衛の悲恋を描いた、近松門左衛門の浄瑠璃作品は何でしょう？,『曽根崎心中』(『そねざきしんじゅう』)
2014,ノーマル,アメリカ合衆国の第35代大統領を務め、ニューヨークの空港やフロリダ州の宇宙センターに名を残す政治家は誰でしょう？,ジョン・フィッツジェラルド・ケネディ
2014,ノーマル,旧ソ連の科学者アレクセイ・パジトノフらによって開発された、テトリミノと呼ばれるブロックを横一列に並べて消すパズルゲームは何でしょう？,テトリス
2014,ノーマル,作曲家の作品整理番号で、ケッヘル番号はモーツァルトですが、ホーボーケン番号は誰でしょう？,フランツ・ハイドン
2014,ノーマル,ことわざで、「何事でも死んでしまったら意味がない」ということを、「命あっての何」というでしょう？,物種(ものだね)
2014,ノーマル,ふつう結婚指輪をつけるのは、どの指でしょう？,左手の薬指(ひだりてのくすりゆび)
2014,ノーマル,現在は元東京都職員の鈴木直道(すずき・なおみち)が市長を務める、国際映画祭や特産品のメロンで知られる北海道の都市はどこでしょう？,夕張(ゆうばり)
2014,ノーマル,麦茶、緑茶、烏龍茶のうち、原料にお茶の葉を使わないのはどれでしょう？,麦茶(むぎちゃ)
2014,ノーマル,土器が発見された東京都文京区の地名から名づけられた、縄文時代と古墳時代の間に当たる時代区分は何でしょう？,弥生時代(やよいじだい)
2014,ノーマル,考え方や好みは各自異なるということを、漢数字の「十」を2回使った四字熟語で何というでしょう？,十人十色(じゅうにんといろ)
2014,ノーマル,高校を退学処分になった主人公・ホールデンが寮を飛び出してからの3日間が描かれている、J・D・サリンジャーの小説は何でしょう？,『ライ麦畑でつかまえて』(『らいむぎばたけでつかまえて』)
2014,ノーマル,バイオリンにある4つの弦とはE線、A線、D線と何でしょう？,G線(Gせん)
2014,ノーマル,460ナノメートル前後の波長を持つ光のことで、液晶画面を見ることによる眼精疲労の原因ともいわれるのは何でしょう？,ブルーライト
2014,ノーマル,かつて「モーターボート競走」や「競艇」と呼ばれていた競技の、現在の正式な名前は何でしょう？,ボートレース
2014,ノーマル,ワインの醸造所を「ワイナリー」といいますが、ビールの醸造所を何というでしょう？,ブリュワリー
2014,ノーマル,演劇や舞台などで、公開間近に舞台上で行われる総稽古のことをドイツ語で何というでしょう？,ゲネプロ
2014,ノーマル,大阪府で大阪市、堺市についで3番目に人口が多い、近鉄花園ラグビー場がある市はどこでしょう？,東大阪(ひがしおおさか)
2014,ノーマル,622年にムハンマドがメッカからメディナに移住した出来事のことを、アラビア語で「移住」を意味する言葉から何というでしょう？,ヒジュラ
2014,ノーマル,昨年(2013年)、未発表作品の『グロテスク』と『シレーネ』が発掘された、エコール・ド・パリを代表する日本の画家は誰でしょう？,藤田嗣治(ふじた・つぐはる)
2014,ノーマル,「まいごのまいごのこねこちゃん」と歌い出す、おなじみの童謡のタイトルは何でしょう？,『犬のおまわりさん』(『いぬのおまわりさん』)
2014,ノーマル,『ストリートファイター』『バイオハザード』『モンスターハンター』などの人気シリーズで知られるゲームメーカーは何でしょう？,カプコン
2014,ノーマル,小麦栽培が盛んなカナダの「平原3州」といえば、アルバータ州、サスカチュワン州と何州でしょう？,マニトバ州(まにとばしゅう)
2014,ノーマル,イベントの司会者を指す「MC」とは、何という英語を略したものでしょう？,マスターオブセレモニー
2014,ノーマル,「分け入っても分け入っても青い山」などの句を残した、自由律俳句を代表する俳人は誰でしょう？,種田山頭火(たねだ・さんとうか)
2014,ノーマル,2020年に東京で開催されるオリンピックは、夏のオリンピック、冬のオリンピックのどちらでしょう？,夏のオリンピック(なつのおりんぴっく)
2014,ノーマル,江戸時代に徳川吉宗が設置したものが始まりである、庶民が意見や不満を投書するための箱のことを何というでしょう？,目安箱(めやすはこ)
2014,ノーマル,昨年(2013年)の『NHK紅白歌合戦』で卒業を発表した、第2回・第4回総選挙では1位となったAKB48のメンバーは誰でしょう？,大島優子(おおしま・ゆうこ)
2014,ノーマル,数学において、ある出来事が必ず起こるとき、それが起こる確率はいくつでしょう？,1
2014,ノーマル,日本で発行される運転免許証の帯の色は、金、青と、免許を初めて取得したときの何色でしょう？,緑(みどり)
2014,ノーマル,ゴルフの練習場の中でも、同じ場所でボールを繰り返し打つ形式の練習場を特に何というでしょう？,打ちっぱなし(うちっぱなし)
2014,ノーマル,九州国立博物館や、菅原道真をまつった天満宮があることで知られる福岡県の都市はどこでしょう？,太宰府(だざいふ)
2014,ノーマル,えびすぐさ、かおよぐさなどの別名があるボタン科の多年草で、美人の立ち姿の形容にも使われるのは何でしょう？,芍薬(しゃくやく)
2014,ノーマル,複式簿記で、取引を借方(かりかた)と貸方(かしかた)に分けて、それぞれにおいて勘定科目と金額を記録することを何というでしょう？,仕訳(しわけ)
2014,ノーマル,スリークッションや四つ玉などのルールがある、ポケットのないテーブルで行うビリヤードを何というでしょう？,キャロムビリヤード
2014,ノーマル,昔話で、『さるかに合戦』ではさるを押しつぶし、『花咲かじいさん』では燃やされてしまうものは何でしょう？,臼(うす)
2014,ノーマル,イワシやハタハタを長時間塩漬けにして作られる、秋田県の特産品である魚醤(ぎょしょう)は何でしょう？,しょっつる
2014,ノーマル,イギリスで近代建築を学び、日本銀行本店や東京駅を設計した、明治・大正期の建築家は誰でしょう？,辰野金吾(たつの・きんご)
2014,ノーマル,オランダ語で「階段」という意味の言葉が語源である、飛行機の乗り降りのために設けられる階段のことを何というでしょう？,タラップ
2014,ノーマル,文語文法における「係助詞」のうち、唯一結びが已然形になるのは何でしょう？,こそ
2014,ノーマル,表計算ソフト「Excel」において、一般的に番号が数字で表されるのは行、列のどちらでしょう？,行(ぎょう)
2014,ノーマル,サッカー選手で、ドイツ代表のマヌエル・ノイアー、日本代表の川島永嗣(かわしま・えいじ)といえば、共通するポジションはどこでしょう？,ゴールキーパー
2014,ノーマル,思いがけない幸運に恵まれた人のたとえにも用いられる、ガラスの靴のエピソードで有名なヨーロッパの童話は何でしょう？,『シンデレラ』
2014,ノーマル,江戸時代、洋服を「蘭服」と呼んでいたことに由来する、主に男子中高生が着用する詰襟の学生服のことを何というでしょう？,学ラン(がくらん)
2014,ノーマル,南米大陸の国の中で、面積、人口ともに最大である国はどこでしょう？,ブラジル
2014,ノーマル,昨年(2013年)8月から運用を開始した、「重大な災害の起こるおそれが著しく大きい際」に気象庁が出す警告は何でしょう？,特別警報(とくべつけいほう)
2014,ノーマル,「アメンの生ける姿」という意味の名前を持つ、古代エジプト第18王朝12代目の王は誰でしょう？,ツタンカーメン
2014,ノーマル,ミュージシャンが直前まで宣伝や告知を行わずに実施するライブのことを、ある軍事用語を使って何というでしょう？,ゲリラライブ
2014,ノーマル,光が進む速度が水中では空気中より遅いことを発見したことや、地球の自転を振り子の実験で証明したことで知られるフランスの物理学者は誰でしょう？,レオン・フーコー
2014,ノーマル,刑事裁判において、一度判決が確定すれば、同じ事件について再度審理しないという原則を何というでしょう？,一時不再理(いちじふさいり)
2014,ノーマル,56枚の小アルカナと22枚の大アルカナの計78枚からなる、占いなどに用いられるカードは何でしょう？,タロットカード
2014,ノーマル,『勧進帳』に代表される、日本舞踊や歌舞伎において、能や狂言などの演目を題材にした作品のことを何物というでしょう？,松羽目物(まつばめもの)
2014,ノーマル,宝石の一種である、瑪瑙(めのう)、琥珀(こはく)、瑠璃(るり)を漢字で書いたとき、すべての文字に共通する部首は何でしょう？,たまへん
2014,ノーマル,1937年にエドウィン・ハーバード・ランドが創立した、インスタントカメラの通称としてもおなじみのカメラ会社は何でしょう？,ポラロイド
2014,ノーマル,ドラキュラ伝説で知られるトランシルバニア地方がある、ヨーロッパの国はどこでしょう？,ルーマニア
2014,ノーマル,2000年に『オーデュボンの祈り』でデビューした、代表作に『重力ピエロ』や『ゴールデンスランバー』がある作家は誰でしょう？,伊坂幸太郎(いさか・こうたろう)
2014,ノーマル,クロム酸化物を原料とする、透明感のある緑色の顔料は何でしょう？,ビリジアン
2014,ノーマル,ジェット気流もこれの一種である、地球の中緯度地帯において常に吹いている西寄りの風のことを何というでしょう？,偏西風(へんせいふう)
2014,ノーマル,山号を比叡山(ひえいざん)という、788年に最澄が創建し、僧兵の拠点となった滋賀県のお寺はどこでしょう？,延暦寺(えんりゃくじ)
2014,ノーマル,世界中の出版社から刊行されている図書を識別するのに使われる国際標準図書番号を、アルファベット4文字で何というでしょう？,ISBN
2014,ノーマル,木材や人の指で見られる、表面の部分が細かく裂けてめくれあがってしまったものを何というでしょう？,ささくれ
2014,ノーマル,乾燥させたひょうたんの表面に細長い傷をつけた、スティックでこすって音を出す楽器は何でしょう？,ギロ
2014,ノーマル,アラモアナ大通りをスタート地点とする、毎年12月にオアフ島で開催されるマラソン大会は何でしょう？,ホノルルマラソン
2014,ノーマル,椿(つばき)や柊(ひいらぎ)のように、枯れない葉っぱを一年中保つ樹木を総称して何というでしょう？,常緑樹(じょうりょくじゅ)
2014,ノーマル,源泉徴収もこれの一種である、賃金の支払いなどに際して、あらかじめ利息や税金を差し引いておくことを何というでしょう？,天引き(てんびき)
2014,ノーマル,北海道東部の根室と釧路にまたがる台地を、この2つの地名を取って何というでしょう？,根釧台地(こんせんだいち)
2014,ノーマル,ロバート・ガルブレイス名義で犯罪小説も執筆している、「ハリー・ポッター」シリーズで知られるイギリスの女流作家は誰でしょう？,J・K・ローリング
2014,ノーマル,中華料理のスープや炒め物に用いられる、エンドウの若芽を摘み取ったもののことを何というでしょう？,豆苗(とうみょう)
2014,ノーマル,プランクトンの死骸などが海の中で沈んでいく光景を、見た目がある自然現象に似ていることから何というでしょう？,マリンスノー
2014,ノーマル,光浦靖子(みつうら・やすこ)と大久保佳代子(おおくぼ・かよこ)の2人からなる、人気女性お笑いコンビは何でしょう？,オアシズ
2014,ノーマル,白いご飯の上に梅干しが1個乗せてあるだけのお弁当のことを、日本の国旗にたとえて「何弁当」というでしょう？,日の丸弁当(ひのまる)
2014,ノーマル,一般的なアナログ時計の長針は、短針の何倍の速さで進むでしょう？,12倍(12ばい)
2014,ノーマル,書道の三筆(さんぴつ)に数えられる3人とは空海、嵯峨(さが)天皇と誰でしょう？,橘逸勢(たちばなのはやなり)
2014,ノーマル,野球では守備で外野手からの送球を中継する選手のことを、卓球では下回転を多用する選手のことを指す言葉は何でしょう？,カットマン
2014,ノーマル,江戸城の外堀と海を仕切る堰(せき)があったことからその名がついた、日本テレビ本社がある東京都港区の地域は何でしょう？,汐留(しおどめ)
2014,ノーマル,長寿のお祝いの「喜寿(きじゅ)」「米寿(べいじゅ)」「白寿(はくじゅ)」の年齢を全て足すと何歳になるでしょう？,264歳(264とし)
2014,ノーマル,乳製品に多く含まれている、原子番号20、元素記号Caの元素は何でしょう？,カルシウム
2014,ノーマル,「深層の海」や「黒潮の海」などの水槽で有名な、沖縄県の水族館はどこでしょう？,沖縄美ら海(ちゅらうみ)水族館(おきなわびらうみ(ちゅらうみ)すいぞくかん)
2014,ノーマル,平安時代には「目くらべ」といわれていた、互いににらみ合って、先に笑い出したほうが負けとなる遊びを何というでしょう？,にらめっこ
2014,ノーマル,日本における大学校のうち、防衛省によって設置されているのは、防衛大学校と何でしょう？,防衛医科大学校(ぼうえいいかだいがくこう)
2014,ノーマル,馬の良し悪しを見極めることが上手な人、転じて人の能力を見抜く力がある人のことを、古代中国の人名から何というでしょう？,伯楽(はくらく)
2014,ノーマル,レーザープリンターで印刷をする際に使われる粉末状のインクのことを何というでしょう？,トナー
2014,ノーマル,代表作に『かもめ』『三人姉妹』『桜の園』などがある、ロシアの劇作家は誰でしょう？,アントン・チェーホフ
2014,ノーマル,警察官の階級で、「警視」と「警視長」の間にある階級は何でしょう？,警視正(けいしせい)
2014,ノーマル,卓球の福原愛とは生年月日が同じである、昨シーズン(2013年)のプロ野球で負けなしの24連勝を達成した、ニューヨーク・ヤンキース所属の選手は誰でしょう？,田中将大(たなか・まさひろ)
2014,ノーマル,古代中国における四大発明とは火薬、羅針盤、活版印刷術と何でしょう？,製紙法(せいしほう)
2014,ノーマル,座禅をしているときに、気が緩んでいる人の肩を叩いて戒めるための平べったい木製の棒のことを何というでしょう？,警策(きょうさく)
2014,ノーマル,日本国内に生息している2種類のイノシシは、ニホンイノシシと何でしょう？,リュウキュウイノシシ
2014,ノーマル,1910年の今日・3月23日に生まれた日本の映画監督で、代表作に『影武者』『乱』『七(しち)人の侍』があるのは誰でしょう？,黒澤明(くろさわ・あきら)
2014,ノーマル,絵筆のひとはけという意味から転じて、わずかな希望や不安を表すときに使う言葉は何でしょう？,一抹(いちまつ)
2014,ノーマル,マイクロソフト、アップル、グーグルなど多くのハイテク・ネット関連企業が上場している、アメリカの株式市場は何でしょう？,NASDAQ(ナスダック)
2014,ノーマル,唱歌『夏の思い出』にも歌われている、尾瀬で見られるものが有名なサトイモ科の花は何でしょう？,ミズバショウ
2014,ノーマル,11月3日の晴れのように、ある特定の天気が高い確率で現れる日のことを何というでしょう？,特異日(とくいにち)
2014,ノーマル,平行に設置された高さ80センチ差の2本の棒を用いて演技する、女子体操競技の種目は何でしょう？,段違い平行棒(だんちがいへいこうぼう)
2014,ノーマル,昨年(2013年)、歌手・小泉今日子が天野春子名義でリリースした、連続テレビ小説『あまちゃん』の挿入歌は何でしょう？,『潮騒のメモリー』(しおさい-)
2014,ノーマル,他人のタバコの煙を吸い込んだ結果、喫煙していないにも関わらず体内に有害物質が取り込まれることを何というでしょう？,受動喫煙(じゅどうきつえん)
2014,ノーマル,『純粋理性批判』『実践理性批判』『判断力批判』という3つの批判書で知られるドイツの哲学者は誰でしょう？,イマニュエル・カント
2014,ノーマル,ゴボウをゆでる際、白くきれいに仕上げたいときに加えられる調味料は何でしょう？,酢(す)
2014,ノーマル,和名を「ハダカカメガイ」という、その姿から「流氷の天使」や「氷の天使」とも呼ばれる生物は何でしょう？,クリオネ
2014,ノーマル,アメリカの大峡谷・グランドキャニオンは、何という川の浸食作用によって形成されたでしょう？,コロラド川(コロラド)
2014,ノーマル,これまでにロシア代表として主要国首脳会議・サミットに出席したことがある政治家とは、プーチン、メドベージェフと誰でしょう？,ボリス・エリツィン
2014,ノーマル,カーディガンなどを肩からかけて袖を胸の前で結ぶ着方のことを、ある職業の名前をとって「何巻き」というでしょう？,プロデューサー巻き(ぷろでゅーさーまき)
2014,ノーマル,漢字4文字で表記される日本の5つの元号のうち、唯一「天平」がつかないものは何でしょう？,神護景雲(じんごけいうん)
2014,ノーマル,伝統的なダンス音楽である「マズルカ」と「ポロネーズ」は、ともにどこの国を起源とする音楽でしょう？,ポーランド
2014,ノーマル,テニスではサーブを打つ前に、バレーボールではアタッカーの攻撃の前に行われる、ボールを軽く上げる動作を何というでしょう？,トス
2014,ノーマル,池井戸潤(いけいど・じゅん)の小説を原作とする、昨年(2013年)夏に放送され「倍返し」などの流行語を生んだ、堺雅人主演のTVドラマは何でしょう？,『半沢直樹』(はんざわなおき)
2014,ノーマル,日本の市で、倉敷市があるのは岡山県ですが、倉吉市があるのは何県でしょう？,鳥取(とっとり)
2014,ノーマル,空中に舞っている小麦粉や金属粉末などに火がつくことで起こる爆発のことを何というでしょう？,粉塵爆発(ふんじんばくはつ)
2014,ノーマル,かつては株式会社チダ・ハンドラーという社名だった、たれぱんだやリラックマなどを生み出した日本の企業は何でしょう？,サンエックス
2014,ノーマル,言葉や態度をこれまでのものから180度変えることを、体の一部を用いて「何を返す」というでしょう？,手のひら(てのひら)
2014,ノーマル,全282条からなり、「目には目を、歯には歯を」という言葉の出典となった、古代バビロニアの法典は何でしょう？,ハンムラビ法典(はんむらびほうてん)
2014,ノーマル,シェアハウスで共同生活を送る男女6人の恋愛模様をリアルに映し出した、フジテレビの人気番組は何でしょう？,『テラスハウス』
2014,ノーマル,衝撃に対するクッションとして犬や猫の足の裏についている、ぷにぷにとした部分を何というでしょう？,肉球(にくきゅう)
2014,ノーマル,割った卵をかき混ぜずにそのまま焼いた料理のことを、顔のある部分に見立てて何というでしょう？,目玉焼き(めだまやきき)
2014,ノーマル,スニーカーの中でも特に「バッシュ」といえば、何というスポーツをするときに使われる靴でしょう？,バスケットボール
2014,ノーマル,英語では『New Testament(ニュー・テスタメント)』という、福音書や黙示録など全27巻からなるキリスト教の聖典は何でしょう？,『新約聖書』(『しんやくせいしょ』)
2014,ノーマル,縦横(たてよこ)に10個ずつの数字をランダムに並べ、交差するマス目に四則演算の答えを埋めていく算数のトレーニング法を何というでしょう？,百ます計算(ひゃくますけいさん)
2014,ノーマル,昭和2年に開通した日本で最初の地下鉄は、上野駅と何という駅の間を結んでいたでしょう？,浅草駅(あさくさえき)
2014,ノーマル,「コロコロコミック」に連載中の漫画『ペンギンの問題+』に登場する、主人公であるペンギンの小学生の名前は何でしょう？,木下ベッカム(きのしたべっかむ)
2014,ノーマル,金や白金を溶かすことができる、濃硝酸と濃塩酸を1:3の体積比で混ぜた液体のことを何というでしょう？,王水(おうすい)
2014,ノーマル,釣りの用語で、魚が泳いでいる層のことを、特に何というでしょう？,タナ
2014,ノーマル,アメリカのミュージシャン「ティンバーレイク」と、カナダのミュージシャン「ビーバー」に共通するファーストネームは何でしょう？,ジャスティン
2014,ノーマル,十和田湖畔にある『乙女の像』を手がけた、日本の詩人・彫刻家は誰でしょう？,高村光太郎(たかむらこうたろう)
2014,ノーマル,ドイツ語の「ダンケ」、スペイン語の「グラシアス」、フランス語の「メルシー」といえば、日本語ではどんな意味の言葉でしょう？,ありがとう
2014,ノーマル,最後は伊豆の修善寺に幽閉され暗殺された、鎌倉幕府の第2代将軍は誰でしょう？,源頼家(みなもとのよりいえ)
2014,ノーマル,顔にできたシミやソバカスを覆い隠す/ために用いるファンデーションを何というでしょう？,コンシーラー
2014,ノーマル,繊維メーカー「東レ」の会長を務めている実業家で、今年(2014年)6月から新たに経団連の会長に就任するのは誰でしょう？,榊原定征(さかきばら・さだゆき)
2014,ノーマル,儒教の書物「四書五経」の四書に数えられる書物とは、『論語』『孟子』『中庸』と何でしょう？,『大学』(『だいがく』)
2014,ノーマル,ワクチンの1つ「BCGワクチン」は、何という病気を予防するためのワクチンでしょう？,結核(けっかく)
2014,ノーマル,ゲーム「マリオカート」シリーズでは必須テクニックの1つである、自動車で後輪を滑らせて回るコーナリング技術のことを何というでしょう？,ドリフト
2014,ノーマル,斎藤隆介の絵本『モチモチの木』で、モチモチの木を怖がる主人公の名前は何でしょう？,豆太(まめた)
2014,ノーマル,聞きようによっては、どのようにも受け取れる発言のことを、ある虫の名を使って「何色の発言」というでしょう？,玉虫色(たまむしいろ)
2014,ノーマル,液体や気体に漂う微粒子の不規則な運動のことを、発見者であるイギリスの植物学者の名をとって何というでしょう？,ブラウン運動(ぶらうんうんどう)
2014,ノーマル,南米の国ベネズエラの正式名称にその名を残す、コロンビアやボリビアといった南米諸国の独立を指導した人物は誰でしょう？,シモン・ボリバル
2014,ノーマル,レオナルド・ディカプリオとケイト・ウィンスレットが主演を務めた、豪華客船を舞台とした1997年公開の大ヒット映画は何でしょう？,『タイタニック』
2014,ノーマル,スペインで行われる闘牛で牛と闘うのは人間ですが、愛媛県の宇和島で行われる闘牛で牛と闘う生き物は何でしょう？,牛(うし)
2014,ノーマル,12月14日頃に極大期を迎える、「三大流星群」の1つにも数えられる流星群は何でしょう？,ふたご座流星群(ふたござりゅうせいぐん)
2014,ノーマル,80本立てや100本立てなどの種類がある、抹茶をたてる時にお茶をかき回す道具を何というでしょう？,茶筅(ちゃせん)
2014,ノーマル,海老原有希(えびはら・ゆき)、村上幸史(ゆきふみ)、ディーン元気などの選手が活躍する、陸上競技の投てき種目は何でしょう？,やり投げ(やりなげ)
2014,ノーマル,樹液からはチューインガムの原料が採取できる、中南米原産のアカテツ科の植物は何でしょう？,サポジラ
2014,ノーマル,2008年に『I(アイ)』でメジャーデビューした、『会いたくて会いたくて』や『たとえどんなに…』などの恋愛ソングが人気の女性歌手は誰でしょう？,西野カナ(にしのかな)
2014,ノーマル,慣用句で、質問や非難などを受ける立場に立つことを、ある武器の名前を使って「何に立つ」というでしょう？,矢面(やおもて)
2014,ノーマル,ヴィクトル・ユゴーの小説『レ・ミゼラブル』で、主人公ジャン・ヴァルジャンの養女として育てられる少女の名前は何でしょう？,コゼット
2014,ノーマル,ダリの『記憶の固執』からIBMの「ThinkPad」まで多岐にわたる収蔵品を集めた、ニューヨークの美術館は何でしょう？,ニューヨーク近代美術館(ニューヨークきんだいびじゅつかん)
2014,ノーマル,野球で「6-4-3のダブルプレー」といったとき、6はショート、4はセカンドを表しますが、3はどのポジションを表すでしょう？,ファースト
2014,ノーマル,1951年に日本と連合国が結んだ、第二次世界大戦の講和条約は何でしょう？,サンフランシスコ講和条約(さんふらんしすここうわじょうやく)
2014,ノーマル,科学雑誌の編集者マーク・エイブラハムズが創設した、「人々を笑わせ、そして考えさせられる研究」に贈られる賞は何でしょう？,イグノーベル賞(いぐのーべるしょう)
2014,ノーマル,あきらめることを「さじをなげる」といいますが、この言葉は元々、どんな職業の人がさじを投げたことに由来するでしょう？,医者(いしゃ)
2014,ノーマル,小麦粉、バター、砂糖、卵をそれぞれ1ポンドずつ材料に用いたことから名づけられた、イギリス生まれのケーキは何でしょう？,パウンドケーキ
2014,ノーマル,現在はシャルル・デュトワが名誉音楽監督を務める、「N響」の略称で知られる日本のオーケストラは何でしょう？,NHK交響楽団(NHKこうきょうがくだん)
2014,ノーマル,地球に存在する新期造山帯を大きく2つに分けると、アルプス-ヒマラヤ造山帯と、日本列島も属する何造山帯でしょう？,環太平洋造山帯(かんたいへいようぞうざんおび)
2014,ノーマル,警察が行うスピード違反の取り締まりのことを、ある動物を捕らえる道具に例えて俗に何というでしょう？,ねずみ取り(ねずみとり)
2014,ノーマル,天皇の地位のしるしとされる三種の神器とは、草薙剣(くさなぎのつるぎ)、八尺瓊勾玉(やさかにのまがたま)と何でしょう？,八咫鏡(やたのかがみ)
2014,ノーマル,四角形に対角線は2本ありますが、五角形に対角線は何本あるでしょう？,5本(5ほん)
2014,ノーマル,土木工事や新築工事を始める前に、工事の安全を祈念して行われる儀式を何というでしょう？,地鎮祭(じちんさい)
2014,ノーマル,英語で「再計画」といった意味がある、「債務の返済を繰り延べること」を指す金融用語は何でしょう？,リスケジュール
2014,ノーマル,2000年に1度だけ現れる奇跡の梨/の妖精という設定の、千葉県船橋市の非公認マスコットキャラクターは何でしょう？,ふなっしー
2014,ノーマル,スキーのジャンプ台のことを、ドイツ語では「シャンツェ」といいますが、ノルウェー語では何というでしょう？,バッケン
2014,ノーマル,17世紀のフランスで絶対王政を築き「太陽王」と称された、ブルボン朝最盛期の君主は誰でしょう？,ルイ14世(るい14よ)
2014,ノーマル,あすかルビー、あまおう、とちおとめなどの品種がある果物は何でしょう？,イチゴ
2014,ノーマル,現在の落語協会の会長は柳家小三治ですが、落語芸術協会の会長は誰でしょう？,桂歌丸(かつら・うたまる)
2014,ノーマル,泳げない人の比喩にも用いられる、主に釘を打つのに使われる大工道具は何でしょう？,カナヅチ
2014,ノーマル,20世紀に活躍した画家で、オスカー・ココシュカ、エゴン・シーレ、グスタフ・クリムトといえば、現在のどこの国の人物でしょう？,オーストリア
2014,ノーマル,今年(2014年)4月10日には天皇・皇后両陛下が迎える、結婚55年目のお祝いを何婚式というでしょう？,エメラルド婚式(えめらるどこんしき)
2014,ノーマル,会社や社団法人の組織・活動などについての根本規則のことを、漢字2文字で何というでしょう？,定款(ていかん)
2014,ノーマル,テニス選手のノバク・ジョコビッチや錦織圭(にしこり・けい)にウェアを提供している、日本のファッションブランドは何でしょう？,ユニクロ
2014,ノーマル,1989年に女性として初めて国民栄誉賞を受賞した、『柔』『川の流れのように』などの代表曲がある歌手は誰でしょう？,美空ひばり(みそらひばり)
2014,ノーマル,哺乳類の腹腔(ふくくう)と胸腔(きょうくう)を分けている膜で、これが痙攣するとしゃっくりが起こるのは何でしょう？,横隔膜(おうかくまく)
2014,ノーマル,15世紀にヨーロッパとアジアを結ぶルートとして開拓された、アフリカ大陸とマダガスカル島を隔てている海峡は何でしょう？,モザンビーク海峡(もざんびーくかいきょう)
2014,ノーマル,松戸市の市長を務めていたときには「すぐやる課」を設置した、自身の名を冠したドラッグストアで知られる実業家は誰でしょう？,松本清(まつもと・きよし)
2014,ノーマル,代表作に『代書人バートルビー』や『白鯨(はくげい)』がある、アメリカの小説家は誰でしょう？,ハーマン・メルビル
2014,ノーマル,今年(2014年)4月からTVアニメも放送される、烏野(からすの)高校バレーボール部に所属する主人公たちの成長を描いた、古舘春一(ふるだて・はるいち)の漫画は何でしょう？,『ハイキュー!!』
2014,ノーマル,もともとは土地などを売り渡すときの証文のことで、現在ではある行為が評判や体面を傷つけるときに「これに関わる」といわれるのは何でしょう？,沽券(こけん)
2014,ノーマル,陸上競技や自転車競技で着順を判定するために使われる、レンズとフィルムの間に細い隙間を作ったカメラは何でしょう？,スリットカメラ
2014,ノーマル,児童福祉法の定義によって「児童」を大きく3つに分けると、「乳児」「幼児」と何でしょう？,少年(しょうねん)
2014,ノーマル,日本SF作家クラブの初代会長を務めた、「ショートショートの神様」と呼ばれる日本の作家は誰でしょう？,星新一(ほし・しんいち)
2014,ノーマル,昨年(2013年)10月、田中聖(たなか・こうき)の脱退により4人組となった、男性アイドルグループは何でしょう？,KAT-TUN(カトゥーン)
2014,ノーマル,スズキ、ブリ、ボラなどのように成長するにつれて名前が変わっていく魚を何というでしょう？,出世魚(しゅっせうお)
2014,ノーマル,アニメ作品として初めてベルリン国際映画祭の金熊賞を受賞した、2001年公開の宮崎駿監督の映画は何でしょう？,『千と千尋の神隠し』(『せんとせんじんのかみかくし』)
2014,ノーマル,父に歌人の清原元輔(きよはらの・もとすけ)を持つ、『枕草子』で知られる平安時代中期の女流作家は誰でしょう？,清少納言(せいしょうなごん)
2014,ノーマル,物事の情勢が変化する境目のたとえにも使われる、海流がぶつかり合いよい漁場となる場所のことを何というでしょう？,潮目(しおめ)
2014,ノーマル,オペラの主役女性歌手をプリマ・ドンナといいますが、主役男性歌手を何というでしょう？,プリモ・ウォーモ
2014,ノーマル,「鴨南蛮そば」というときの「南蛮」/とはどんな野菜のことでしょう？,ネギ
2014,ノーマル,江戸幕府第10代将軍・家治(いえはる)の時代に老中となり、株仲間の奨励など積極的な経済政策を進めた人物は誰でしょう？,田沼意次(たぬま・おきつぐ)
2014,ノーマル,劇場が新築された際に最初に行われる公演のことを、材木の木屑を払い落とすことに例えて何というでしょう？,杮落し(こけらおとし)
2014,ノーマル,身体障害者補助犬法で定義されている3種類の補助犬とは、盲導犬、聴導犬と何でしょう？,介助犬(かいじょいぬ)
2014,ノーマル,「ふんわり名人」シリーズや、「お鏡もち押すだけポン」などの商品で知られる、新潟県に本社を置く製菓会社は何でしょう？,越後製菓(えちごせいか)
2014,ノーマル,英語では「killing expression」という、相手の気持ちを強く惹きつける言葉や台詞のことを俗に「何文句」というでしょう？,殺し文句(ころしもんく)
2014,ノーマル,歌舞伎役者としても九代目市川中車の名で活動している俳優といえば誰でしょう？,香川照之(かがわ・てるゆき)
2014,ノーマル,1913年にリチャード・エッティンガーが考案した、バインダーから自由に取り外しができる穴開きノートを何というでしょう？,ルーズリーフ
2014,ノーマル,現在は日本水泳連盟の会長を務めている、ソウルオリンピック男子100m背泳ぎの金メダリストは誰でしょう？,鈴木大地(すずき・だいち)
2014,ノーマル,ヨーロッパにある国で、スロバキアの首都はブラチスラバですが、スロベニアの首都はどこでしょう？,リュブリャナ
2014,ノーマル,ミラノのサンタ・マリア・デッレ・グラツィエ教会修道院の食堂を彩っている、レオナルド・ダ・ヴィンチの壁画は何でしょう？,『最後の晩餐』(『さいごのばんさん』)
2014,ノーマル,ボクシングで、グローブと防具をつけて実戦的に打ち合う練習を何というでしょう？,スパーリング
2014,ノーマル,その鳴き声は「テッペンカケタカ」と表される、戦国時代の3人の武将を表現した川柳にも用いられる鳥は何でしょう？,ホトトギス
2014,ノーマル,モンゴルでは「ハルハ河戦争」と呼ばれている、1939年に起きた日本とソ連の武力紛争を何というでしょう？,ノモンハン事件(のもんはんじけん)
2014,ノーマル,日本のテレビ局で、「北日本放送」の本社がある県は富山県ですが、「南日本放送」の本社がある県はどこでしょう？,鹿児島(かこしま)
2014,ノーマル,気象庁の定義によると、「曇り」とは雲量がいくつ以上のことをいうでしょう？,9
2014,ノーマル,井の頭通りから渋谷パルコまでを結ぶ長さ約100mの坂で、近くにあるTOKYO FMの生放送スタジオにその名が冠されているのは何でしょう？,スペイン坂(すぺいんさか)
2014,ノーマル,2009年にはSABU(さぶ)監督により映画化された、博光丸で働く労働者たちの姿を描いた、小林多喜二の小説は何でしょう？,『蟹工船』(『かにこうせん』)
2014,ノーマル,日本の音楽著作権を管理する「一般社団法人日本音楽著作権協会」のことを、アルファベット6文字の略称で何というでしょう？,JASRAC(ジャスラック)
2014,ノーマル,現在、日本で国立公園の管理を担当している中央省庁はどこでしょう？,環境省(かんきょうしょう)
2014,ノーマル,他の選手とは異なる色のユニフォームを着用する、バレーボールにおける守備専門のプレイヤーを何というでしょう？,リベロ
2014,ノーマル,自動車を保有している人は必ず入る「自賠責保険」を略さずにいうと何というでしょう？,自動車損害賠償責任保険(じどうしゃそんがいばいしょうせきにんほけん)
2014,ノーマル,北見市や湧別町(ゆうべつちょう)などにまたがる、北海道で一番大きい湖は何でしょう？,サロマ湖(さろまみずうみ)
2014,ノーマル,江戸時代初期に活躍し、「浮世絵の祖」ともいわれる、『見返り美人図』で有名な浮世絵師は誰でしょう？,菱川師宣(ひしかわ・もろのぶ)
2014,ノーマル,日本の古墳を全長が長い順に並べたときに、上位3つの古墳はいずれもどこの都道府県にあるでしょう？,大阪(おおさか)
2014,ノーマル,都道府県や市町村の境界に設置されている、行政区域の名前とともに地元の名物などのイラストをあしらった標識を「何サイン」というでしょう？,カントリーサイン
2014,ノーマル,江戸時代に長崎の出島に置かれたオランダ商館長のことを何といったでしょう？,カピタン
2014,ノーマル,昨年(2013年)シングル『HANDS UP!』でデビューし、日本レコード大賞最優秀新人賞を受賞した歌手は誰でしょう？,新里宏太(しんざと・こうた)
2013,4択,"A,B,C...で始まるアルファベットの、11番目の文字は何？
(1) K (2) L (3) M (4) N",(1) K
2013,4択,"現在の日本において、義務教育は何年間？
(1) 6年間 (2) 9年間 (3) 12年間 (4) 16年間",(2) 9年間
2013,4択,"一つのコンセントから多くのコードを引いて電気器具を接続することを俗に何という？
(1) ムカデ足配線 (2) クラゲ足配線 (3) タコ足配線 (4) カニ足配線",(3) タコ足配線
2013,4択,"日本の歴史区分で「戦後」といったら、普通何という戦争の終結後を指す？
(1) 日清戦争 (2) 日露戦争 (3) 第一次世界大戦 (4) 第二次世界大戦",(4) 第二次世界大戦
2013,4択,"一般的に知られて いるものを含めて7点の連作である、ある花を題材としたゴッホの絵画は何？
(1) 『ユリ』 (2) 『バラ』 (3) 『チューリップ』 (4) 『ひまわり』",(4) 『ひまわり』
2013,4択,"アイドルグループのKAT-TUN、嵐、SMAPはいずれも何人組？
(1) 2人組 (2) 3人組 (3) 4人組 (4) 5人組",(4) 5人組
2013,4択,"慣用句で、意固地になる時は「曲げ」、おかしくてたまらない時は「茶を沸かす」体の部分は？
(1) かお (2) みみ (3) へそ (4) ひざ",(3) へそ
2013,4択,"「幾何学に王道なし」という名言を残し、平面を考える「〇〇幾何学」として名を残す古代ギリシャの数学者は誰？
(1) ピタゴラス (2) アルキメデス (3) ヘロン (4) ュークリッド",(4) ュークリッド
2013,4択,"日本で、救急・消防の緊急通報用電話番号として割り当てられている3桁の番号は？
(1) 110番 (2) 117番 (3) 119番 (4) 177番",(3) 119番
2013,4択,"アメリカ合衆国の州の名前に使われていないのはどれ？
(1) ノース (2) イースト (3) サウス (4) ウエスト",(2) イースト
2013,4択,"中華料理の点心を出す際によく用いられる、竹や木を編んで作られる蒸し器は何？
(1) えいろ (2) けいろ (3) せいろ (4) ていろ",(3) せいろ
2013,4択,"「博光丸」という船で過酷な労働を強いられる人々を描いた、小林多喜二のプロレタリア文学作品は？
(1) 『イカ工船』 (2) 『蟹工船』 (3) 鮭工船』 (4) 『鯨工船』",(2) 『蟹工船』
2013,4択,"どんな困難があってもやり遂げるという慣用句は、「雨が降ろうが、何が降ろうが」？
(1) 雷 (2) ヒョウ (3) 石 (4) 槍",(4) 槍
2013,4択,"その大きさから英語ではホエールシャークという、現生する世界最大の魚類は何？
(1) ホオジロザメ (2) ウバザメ (3) シュモクザメ (4) ジンベエザメ",(4) ジンベエザメ
2013,4択,"タワーレコード、ドン・キホーテ、マツモトキヨシに共通する買い物袋の色は？
(1) 赤 (2) 青 (3) 黄 (4) 緑",(3) 黄
2013,4択,"ボクシング用語で「チン」といえば、体のどの部分？
(1) あご (2) こめかみ (3)みぞおち (4) 心臓",(1) あご
2013,4択,"建築家ル・コルビジェが提唱した、1階の部分が柱だけで構成される建築様式は何？
(1) ピロティ (2) パサージュ (3) マンサード (4) パーゴラ",(1) ピロティ
2013,4択,"正式には「国際連合教育科学文化機関」という国連の専門機関は何？
(1) UNHCR (2) UNESCO (3) UNICEF (4) UNCTAD",(2) UNESCO
2013,4択,"アスパラガス、ラッキョウ、チューリップといえば何科の植物？
(1) ユリ科 (2)キク科 (3) アブラナ科 (4) バラ科",(1) ユリ科
2013,4択,"本州以外にある日本の市で、最も人口が多いのはどこ？
(1) 札幌市 (2) 松山市 (3) 福岡市 (4) 那覇市",(1) 札幌市
2013,4択,"映画『ロッキー』シリーズや「ランボー』シリーズの主演俳優は誰？
(1) シルベスター・スタローン (2) アーノルド・シュワルツェネッガー (3) ショーン・コネリー (4) ブルース・ウィリス",(1) シルベスター・スタローン
2013,4択,"甘味料の「キシリトール」を英語で表記した時、頭文字となるアルファベットは何？
(1) G (2) K (3) P (4) X",(4) X
2013,4択,"ローマ神話の豊穣の女神にちなんで命名された、オートミールなどの加工された穀物を指す言葉は何?
(1)フレイア食品 (2) ココペリ食品 (3) デメテル食品 (4) シリアル食品",(4) シリアル食品
2013,4択,"昨年のMLBのワールドシリーズを制したチームはどこ？
(1) サンフランシスコ・ジャイアンツ (2) デトロイト・タイガース (3) セントルイス・カージナルス (4) テキサス・レンジャース",(1) サンフランシスコ・ジャイアンツ
2013,4択,"ロックバンド「ザ・ビートルズ」のメンバー、リンゴ・スターが主に担当していた楽器は何？
(1) ボーカル (2) ギター (3) ベース (4) ドラム",(4) ドラム
2013,4択,"欧米のレストランなどで、食事などのサービスに感謝して支払うお金を何と言う？
(1) アップ (2) チップ (3) ノップ (4) リップ",(2) チップ
2013,4択,"未熟であることを指す慣用句で「黄色い」といわれるのは何?
(1)くちばし (2) 尻 (3) 声 (4) おなか",(1)くちばし
2013,4択,"鎌倉時代、全国各地を行脚し、「踊り念仏」を広めたとされる時宗の開祖は誰？
(1) 一遍 (2) 寂蓮 (3) 重源 (4) 日蓮",(1) 一遍
2013,4択,"金属の錫(すず)が、低温状態になると灰色になり崩れてしまう現象を何という？
(1) 錫コレラ (2) 錫インフルエンザ (3) 錫ペスト (4) 錫エイズ",(3) 錫ペスト
2013,4択,"933年の映画『風とともに去りぬ』で、主演のスカーレット・オハラを演じた女優は誰？
(1) キャサリン・ヘップバーン (2) オードリー・ヘップバーン (3) イングリッド・バーグマン (4) ビビアン・リー",(4) ビビアン・リー
2013,4択,"「カナリア諸島」はどこの国の領土？
(1) イギリス (2) ブラジル (3) ポルトガル (4) スペイン",(4) スペイン
2013,4択,"毛利衛は「地球に」、バイロンは「愛に」、パスツールは「科学に」ないといったものは何？
(1) 未来 (2) 国境 (3) 平和 (4) 絶望",(2) 国境
2013,4択,"ロシアの民話『おおきなかぶ』で、かぶを抜くときに最後に仲間に加わる動物は何？
(1) ウシ (2) イヌ (3) ネコ (4) ネズミ",(4) ネズミ
2013,4択,"剣道で用いる竹刀は、何枚の竹を合わせたもの？
(1) 2枚 (2) 3枚 (3) 4枚 (4) 5枚",(3) 4枚
2013,4択,"漢字で書くと「米粉」となる、お米を原料とした中国の麺料理は何？
(1) クィティアオ (2) ラクサ (3) ビーフン (4) フォー",(3) ビーフン
2013,4択,"面積の単位で1アールは何平方メートル？
(1) 10平方メートル (2) 100平方メートル (3) 000平方メートル (4) 10000平方メートル",(2) 100平方メートル
2013,4択,"人気バンド、Mr.Childrenのボーカルは誰？
(1) 稲葉浩司 (2) 桑田佳祐 (3) 桜井和寿 (4) 真戸原直人",(3) 桜井和寿
2013,4択,"写真用語で、不要な部分をカットする加工技術をなんという？
(1) トリミング (2) ウェザリング (3) ブローイング (4) シェービング",(1) トリミング
2013,4択,"名前に「島」という漢字が付く日本の県で、県庁所在地名に「島」という漢字が付かないのは？
(1) 鹿児島県 (2) 島根県 (3) 徳島県 (4) 福島県",(2) 島根県
2013,4択,"正岡子規の有名な俳句で、「柿食えば鐘が鳴るなり」の続きは？
(1) 法隆寺 (2) 広隆寺 (3) 中尊寺 (4) 永平寺",(1) 法隆寺
2013,4択,"星の明るさで、「絶対等級」に対して天体の見かけの明るさのことを何という？
(1) 現美等級 (2) 実視等級 (3) 基礎等級 (4) 確認等級",(2) 実視等級
2013,4択,"狂言の修行の過程を示した言葉を、「猿に始まり何に終わる」という？
(1) 狸 (2) 蛇 (3) 狐 (4) 鼠",(3) 狐
2013,4択,"ソフトテニスが誕生した国はどこ？
(1) 日本 (2) アメリカ (3) スペイン (4) インドネシア",(1) 日本
2013,4択,"興味や関心をもつことを「食指が動く」といいますが、この「食指」とはどの指のこと？
(1) 人差し指 (2) 中指 (3) 薬指 (4) 小指",(1) 人差し指
2013,4択,"毎年12月に、その年の世相を示した「今年の漢字」が発表される寺はどこ？
(1) 石山寺 (2) 長谷寺 (3) 清水寺 (4) 紀三井寺",(3) 清水寺
2013,4択,"小学校で使うソプラノ・リコーダーを大きく2つに分けるとバロック式と何式？
(1) デーン式 (2) フレンチ式 (3) ジャーマン式 (4) アイリッシュ式",(3) ジャーマン式
2013,4択,"読売新聞朝刊の一面コラムのタイトルは？
(1) 天声人語 (2) 春秋 (3) 編集手帳 (4) 余録",(3) 編集手帳
2013,4択,"その鳴き声が「焼酎一杯グイー」と聞こえることでも有名なヒタキ科の鳥は何？
(1) センダイムシクイ (2) モリオカムシクイ (3)アキタムシクイ (4) アオモリムシクイ",(1) センダイムシクイ
2013,4択,"ミラボー橋、アルマ橋、ポンヌフなどの橋が架けられている川は？
(1) アルノ川 (2) ライン川 (3) セーヌ川 (4) ドナウ川",(3) セーヌ川
2013,4択,"『HANA-BI』や『羅生門』が最高賞を受賞した世界三大映画祭の1つは何？
(1) カンヌ国際映画祭 (2) ベネチア国際映画祭 (3) ベルリン国際映画祭 (4) モントリオール国際映画祭",(2) ベネチア国際映画祭
2013,4択,"「完成された言葉」という意味があり、日本語では「梵語」と呼ばれる言語は何？
(1) サンスクリット語 (2) フェニキア語 (3) ベンガル語 (4) ウルドゥー語",(1) サンスクリット語
2013,4択,"鉄火丼、鉄火巻きに共通して使われる魚は何？
(1) マグロ (2) カツオ (3) アナゴ (4) イクラ",(1) マグロ
2013,4択,"伸ばすと長さ1丈5尺の毛だとされる、仏像の額にある突起物を何という？
(1) 白毫 (2) 肉 (3) 耳 (4) 端",(1) 白毫
2013,4択,"第1回芥川賞を受賞した作家は誰？
(1) 石川達三 (2) 川口松太郎 (3) 高橋源一郎 (4) 長嶋有",(1) 石川達三
2013,4択,"日本の文化勲章にデザインされている花は何？
(1) 菊 (2) 桐 (3) 橘 (4) 蘭",(3) 橘
2013,4択,"「イオン」の命名者でもあり、電磁誘導や電気分解の法則に名を残すイギリスの物理学者は誰？
(1) ファラデー (2) ラザフォード (3) デービー (4) ヘンリー",(1) ファラデー
2013,4択,"「郷に入っては郷に従え」と同じ意味の英語の諺に登場する、ヨーロッパの都市はどこ？
(1) ロンドン (2) パリ (3) ベルリン (4) ローマ",(4) ローマ
2013,4択,"タガログ語で「ごちゃ混ぜ」という、あずき、マンゴー、バナナなどを用いるフィリピンのカキ氷は？
(1) タロタロ (2) ナロナロ (3) ハロハロ (4) マロマロ",(3) ハロハロ
2013,4択,"書道で、「臨書」に対し、自分で創意工夫して書くことを何と言う？
(1) 自運 (2) 創筆 (3) 案書 (4) 発字",(1) 自運
2013,4択,"アマチュアレスリングの国際ルールでは、1ピリオドは何分？
(1) 1分 (2) 2分 (3) 3分 (4) 4分",(2) 2分
2013,4択,"次のうち、小倉百人一首に歌が収められていないのは誰？
(1) 小野小町 (2) 大伴黒主 (3) 文屋康秀 (4) 在原業平",(2) 大伴黒主
2013,4択,"ハプスブルグ家による新教徒弾圧が引き金となり、1618年から始まった戦争は何？
(1) 一年戦争 (2) 七年戦争 (3) 三十年戦争 (4) 百年戦争",(3) 三十年戦争
2013,4択,"今年のB-1グランプリ開催地でもある、いなり寿司で有名な愛知県の市は？
(1) 豊田市 (2) 豊明市 (3) 豊川市 (4) 豊橋市",(3) 豊川市
2013,4択,"元素を大きく2つに分けると、「典型元素」と何？
(1) 遷移元素 (2) 移動元素 (3) 変化元素 (4) 周期元素",(1) 遷移元素
2013,4択,"慣用句「風が吹けば桶屋が儲かる」で、桶屋が儲かる理由に登場する楽器は何？
(1) 尺八 (2) 太鼓 (3) 琴 (4) 三味線",(4) 三味線
2013,4択,"埼玉県に本社を置く、アイスバー「ガリガリ君」の製造で知られる食品会社はどこ？
(1) 赤城乳業 (2) 竹下製菓 (3) オハヨー乳業 (4) フタバ",(1) 赤城乳業
2013,4択,"薬で、粒状のものを丸(がん)というのに対し、粉状のものを漢字一文字で何という？
(1) 粒 (2) 散 (3) 玉 (4) 砂",(2) 散
2013,4択,"原曲はレイフギャレットの『ニューヨーク・シティ・ナイト』である、タレント・田原俊彦の歌手デビュー曲は何？
(1) 『僕の秘密』 (2) 『哀愁でいと』 (3) 『男の子女の子』 (4) 『スニーカーぶる～す』",(2) 『哀愁でいと』
2013,4択,"今年(2013年)世界水泳が開催される都市はどこ？
(1) パリ (2) ローマ (3) バルセロナ (4) ベルリン",(3) バルセロナ
2013,4択,"名探偵シャーロック・ホームズが初めて登場した、コナン・ドイルの推理小説は何？
(1) 『緋色の研究』 (2) 『四つの署名』 (3) 『恐怖の谷』 (4) 『バスカヴィル家の犬』",(1) 『緋色の研究』
2013,4択,"建設当時はアイドルワイルド空港/という名前だった、ニューヨークの空港はどこ？
(1) ヒースロー空港 (2) ラガーディア空港 (3) ジョン・F・ケネディ空港 (4) ニューアーク空港",(3) ジョン・F・ケネディ空港(ジョン・F・ケネディ)
2013,4択,"日本郵便において、50g以内の定型外郵便物はいくらで送ることができる？
(1) 100円 (2) 110円 (3) 120円 (4) 130円",(3) 120円
2013,4択,"一般に、茶道の三千家といえば、表千家、裏千家と何？
(1) 綾小路千家 (2) 宮小路千家、 (3) 石塀小路千家 (4) 武者小路千家",(4) 武者小路千家
2013,4択,"アメリカ・テレビ芸術科学アカデミーが、優秀なテレビ番組に送る賞といえば何？
(1) エミー賞 (2) トニー賞 (3) グラミー賞 (4) アニー賞",(1) エミー賞
2013,4択,"大蔵大臣在任中に二・二六事件によって暗殺された、日本の第20代内閣総理大臣は誰？
(1) 伊藤博文 (2) 原敬 (3) 高橋是清 (4) 岡田啓介",(3) 高橋是清
2013,4択,"プルトニウムとウランの混合酸化物燃料を、既存の軽水炉で使う計画を何という？
(1) プルリサイクル計画 (2) プルサーマル計画 (3) プルミックス計画 (4) プルウラン計画",(2) プルサーマル計画
2013,4択,"高瀬愛実、澤穂希、川澄奈穂美などが所属する、なでしこリーグのチームはどこ？
(1) 浦和レッドダイヤモンズレディース (2) 日テレ・ベレーザー (3) INAC神戸レオネッサ (4) 岡山湯郷Belle",(3) INAC神戸レオネッサ
2013,4択,"ことわざ「仏の顔も三度まで」で、仏様は顔に3回どんなことをすると怒るといわれる？
(1) 拝む (2) なでる (3) 殴る (4) 泥を塗る",(2) なでる
2013,4択,"不動産広告などで「徒歩1分」が指す距離は何m？
(1) 60m (2) 70m (3) 80m (4) 90m",(3) 80m
2013,4択,"作家・夏目漱石が、33歳のときに留学した国はどこ？
(1) ロシア (2) イギリス (3) フランス (4) ドイツ",(2) イギリス
2013,4択,"サンタ・マリア・ノヴェッラ教会、ヴェッキオ宮殿、ウフィツィ美術館といった観光名所で知られるイタリアの都市はどこ？
(1) フィレンツェ (2) ミラノ (3) ベネチア (4) トリノ",(1) フィレンツェ
2013,4択,"『波浮の港』『ゴンドラの唄』『カチューシャの唄』を手掛けた作曲家は誰？
(1) 吉田正 (2) 中山晋平 (3) 小林亜星 (4)芥川也寸志",(2) 中山晋平
2013,4択,"エクセルシオール、サンマルク、ドトールといえばどこの国発祥のコーヒーチェーン？
(1) アメリカ (2) 日本 (3) イギリス (4) イタリア",(2) 日本
2013,4択,"子牛の胃袋から取れ、牛乳からチーズを作る際に活用される酵素は何？
(1) リパーゼ (2) レンネット (3) ペプシン (4) ラクターゼ",(2) レンネット
2013,4択,"スペインの民族舞曲の名前がついた、ウエストのラインよりも丈が短い女性用ジャケットは何？
(1) ボレロ (2) マズルカ (3) フリアント (4) ヴェルブンコシュ",(1) ボレロ
2013,4択,"『MUSIC JAPAN』や『満天☆青空レストラン』でナレーションを務めている声優は誰？
(1) 平野綾 (2) 能登麻美子 (3) 水樹奈々 (4) 植田佳奈",(3) 水樹奈々
2013,4択,"代表作に『Miss Ko2』があり、その作風は「スーパーフラット」と称される、日本の現代美術家は誰？
(1) 八谷和彦 (2)会田誠 (3) 奈良美智 (4) 村上隆",(4) 村上隆
2013,4択,"作家・梶井基次郎の命日を、彼の代表作にちなんで何と呼ぶ？
(1) 林檎忌 (2) 蜜柑忌 (3) 葡萄忌 (4) 檸檬忌",(4) 檸檬忌
2013,4択,"囲碁の対局で用意する碁石の数は、白と黒を合わせていくつ？
(1) 360個 (2) 361個 (3) 362個 (4) 363個",(2) 361個
2013,4択,"その活用の種類が「ナリ活用」と「タリ活用」の2つに分けられる、古語の品詞は何？
(1) 助動詞 (2) 動詞 (3)形容詞 (4) 形容動詞",(4) 形容動詞
2013,4択,"「夜景サミット2012」で世界新三大夜景に認定された日本の都市は？
(1) 函館市 (2) 横浜市 (3) 神戸市 (4) 長崎市",(4) 長崎市
2013,4択,"初代国連事務総長トリグブ・リーはどこの国の人？
(1) スウェーデン (2) ペルー (3) エジプト (4) ノルウェー",(4) ノルウェー
2013,4択,"昨年のロンドン五輪のメダリスト、早川漣、蟹江美貴、川中香緒里、古川高晴は何という競技の選手？
(1) アーチェリー (2) 射撃 (3) 馬術 (4) ヨット",(1) アーチェリー
2013,4択,"尺八の二大流派とは都山流と何？
(1) 琴古流 (2) 生田流 (3) 一方流 (4) 小笠原流",(1) 琴古流
2013,4択,"スイフト・タットル彗星を母体とし、しぶんぎ座、ふたご座と共に「三大流星群」に数えられる流星群は何？
(1) はくちょう座流星群 (2) しし座流星群 (3) オリオン座流星群 (4) ペルセウス座流星群",(4) ペルセウス座流星群
2013,4択,"奇跡の人ヘレン・ケラーが、サリバン先生から最初に教えられた英単語は何？
(1) Door (2) Father (3) Mother (4) Water",(4) Water
2013,4択,"川端康成の小説『雪国』で、「国境の長いトンネルを抜けると雪国であった。」に続く第2文は？
(1) 夜の底が白くなった。 (2) 信号所に汽車が止まった。 (3) 雪の冷気が流れこんだ。 (4) 「駅長さあん、駅長さあん。」",(1) 夜の底が白くなった。
2013,4択,"絹を生産する「蚕(かいこ)」の主食となる植物は何？
(1) キャベツ (2) 桜 (3) 桑 (4) ダイコン",(3) 桑
2013,4択,"今日、3月24日にF1世界選手権の決勝が行われる国はどこ？
(1) オーストラリア (2) 中国 (3) シンガポール (4) マレーシア",(4) マレーシア
2013,4択,"次の内、音楽ユニット・EXILEが日本レコード大賞を受賞した曲でないのは？
(1) 『TiAmo』 (2) 『Someday』 (3) 『i Wish For You』 (4) 『Rising Sun』",(4) 『Rising Sun』
2013,4択,"万年筆の「モンブラン」「ペリカン」「ラミー」といえば、どこの国のメーカー？
(1) フランス (2) ドイツ (3) スイス (4) オーストリア",(2) ドイツ
2013,4択,"「きらず」とも呼ばれる、大豆から豆乳を搾った後の残りかすを何と言う？
(1) すましこ (2) にがり (3) おから (4) 呉",(3) おから
2013,4択,"1987年10月にNYダウ平均株価が508ドル下落し、世界経済の混乱を招いた事件を何と呼ぶ？
(1) ブラックサンデー (2) ブラックマンデー (3) ブラックウェンズデー (4) ブラックサースデー",(2) ブラックマンデー
2013,4択,"自分の名前やハンドルネームをインターネットで検索することを指す言葉は？
(1) マイサーチ (2) エゴサーチ (3) セルフサーチ (4) ヴァニティサーチ",(2) エゴサーチ
2013,4択,"架空の町アイソラを舞台とする警察小説「87分署シリーズ」を書いたアメリカの作家は？
(1) ダシール・ハメット (2) エド・マクベイン (3) レイモンド・チャンドラー (4) ミッキー・スピレイン",(2) エド・マクベイン
2013,4択,"地球の地殻とマントルの境界を、発見者であるクロアチアの地震学者の名前から何という？
(1) モホロビチッチ不連続面 (2) グーテンベルク不連続面 (3) レーマン不連続面 (4) コンラッド不連続面",(1) モホロビチッチ不連続面
2013,4択,"2012年から開催されている「ガールズケイリン」は、1レース最大何車立て？
(1) 6車 (2) 7車 (3) 8車 (4) 9車",(2) 7車
2013,4択,"森有礼が創設した商法講習所を前身とする、日本の大学はどこ？
(1) 一橋大学 (2) 東京学芸大学 (3) 筑波大学 (4) 法政大学",(1) 一橋大学
2013,4択,"2012年6月に死んだ、ガラパゴス諸島ピンタ島に棲んでいた最後のゾウガメの名前は何？
(1) ロンサム・ビル (2) ロンサム・ジョージ (3) ロンサム・ジミー (4) ロンサム・ロナルド",(2) ロンサム・ジョージ
2013,4択,"肥満の指標であるBMIの数値は、日本肥満学会が定める標準体重の時はいくつになる？
(1) 18 (2) 20 (3) 22 (4) 25",(3) 22
2013,4択,"今年で番組開始10周年となる、小錦や野村萬斎が出演するEテレの番組は何？
(1) 『ピタゴラスイッチ』 (2) 『テストの花道』 (3) 『すイエんサー』 (4) 『にほんごであそぼ』",(4) 『にほんごであそぼ』
2013,4択,"メキシコ合衆国の州の数はいくつ？
(1) 29 (2) 31 (3) 37 (4) 41",(2) 31
2013,4択,"ホルストの組曲『惑星』で、「平和をもたらす者」という題名が付けられている星は何？
(1) 火星 (2) 水星 (3) 木星 (4) 金星",(4) 金星
2013,4択,"生き物の「オットセイ」を漢字三文字で書いたとき、三文字に共通する部首は何？
(1) 人べん (2) 魚へん (3) 獣へん (4) 肉づき",(4) 肉づき
2013,4択,"科学者のドップラーがドップラー効果の実験で用いた楽器は何？
(1) ホルン (2) バイオリン (3) トランペット (4) オーボエ",(3) トランペット
2013,4択,"現在15日ある日本の国民の祝日のうち、ちょうど真ん中にあたる8番目の祝日は何？
(1) 昭和の日 (2) 憲法記念日 (3) みどりの日 (4)こどもの日",(4)こどもの日
2013,4択,"人間がミスをしやすい作業をまとめた「3H」とは、初めての作業、久しぶりの作業と何？
(1) 不必要な作業 (2) 変更された作業 (3) 人で行なう作業 (4) 法律で決められた作業",(2) 変更された作業
2013,4択,"ワーグナーのオペラ『ローエングリン』の舞台となっているヨーロッパの都市はどこ？
(1) アテネ (2) ベルリン (3) バルセロナ (4)アントワープ",(4)アントワープ
2013,4択,"毎年「このライトノベルがすごい!』『このマンガがすごい!』『このミステリーがすごい!』を発行している出版社は？
(1) 扶桑社 (2) 講談社 (3) 新潮社 (4) 宝島社",(4) 宝島社
2013,4択,"昨日より全国公開された映画『ボクたちの交換日記』で監督を務めているタレントは誰？
(1) 勝俣州和 (2) 松本人志 (3) 内村光良 (4) 今田耕司",(3) 内村光良
2013,4択,"中央に「サラディンの鷲」が描かれた国旗を用いているアフリカの国はどこ？
(1) アルジェリア (2) チュニジア (3) リビア (4) エジプト",(4) エジプト
2013,4択,"桜餅の香り成分であり、日本では不正軽油の摘発を目的に灯油とA重油に添加されている物質は何？
(1) ネコリン (2) イヌリン (3) タヌリン (4) クマリン",(4) クマリン
2013,4択,"西暦2000年の元号は平成でしたが、西暦1000年の元号は何だった？
(1) 長保 (2) 長元 (3) 長暦 (4) 長久",(1) 長保
2013,4択,"毎年元日に開催される「ニューイヤー駅伝」で、最多の21回の優勝を誇るチームはどこ？
(1) トヨタ自動車 (2) コニカミノルタ (3) 日清食品 (4) 旭化成",(4) 旭化成
2013,4択,"株価における指標の1つ「株価収益率」のことを、アルファベット3文字で何という？
(1) BPS (2) EPS (3) ROE (4) PER",(4) PER
2013,4択,"今年夏に公開予定である、アニメ映画『モンスターズ・インク』の続編は何?
(1)『モンスターズ・ユニバーシティ』 (2) 『モンスターズ・インダストリー』 (3) 『モンスターズ・パラダイス』 (4) 『モンスターズ・ビレッジ』",(1)『モンスターズ・ユニバーシティ』
2013,4択,"ダーツで、狙った位置は外したものの結果的に良い位置に刺さったことを何という？
(1) キャッチ (2) ヒット (3) ネクスト (4) ゲット",(1) キャッチ
2013,4択,"代表作に『世界史序説』がある、14世紀のイスラム世界で活躍した歴史家は誰？
(1) イブン・シーナー (2) イブン・バットゥータ (3) イブン・ハルドゥーン (4) イブン・サウード",(3) イブン・ハルドゥーン
2013,4択,"デュ・ボア=レーモンが命名した、「法則と初期条件を与えれば全ての出来事を予見できる」という考えを何という？
(1) アラゴーの悪魔 (2) フーコーの悪魔 (3) マクスウェルの悪魔 (4) ラプラスの悪魔",(4) ラプラスの悪魔
2013,4択,"本名を山田輝美といい、夫に俳優の杉良太郎を持つ演歌歌手は誰？
(1) 伍代夏子 (2) 長山洋子 (3) 藤あや子 (4) 水前寺清子",(1) 伍代夏子
2013,4択,"「B」を「ブラボー」というように、無線通信で聞き間違いを防ぐための符丁を何という？
(1) ファンタスティックコード (2) クラシックコード (3) フォネティックコード (4) キネティックコード",(3) フォネティックコード
2013,4択,"「ライオンハート」や「ベビードール」が有名な、ハート型のボトルで知られる香水ブランドは何？
(1) ゴッデスハート (2) エンジェルハート (3) プリンセスハート (4) セレブリティハート",(2) エンジェルハート
2013,4択,"「万物の根源は無限なもの」と提唱した古代ギリシアの哲学者は？
(1) タレス (2) ピタゴラス (3) エンペドクレス (4) アナクシマンドロス",(4) アナクシマンドロス
2013,4択,"宮川、員弁(いなべ)川、五十鈴川といえば、いずれも何県を流れる川？
(1) 宮崎県 (2) 三重県 (3) 島根県 (4) 青森県",(2) 三重県
2013,4択,"ダイヤモンドを6本の爪によってリングのアームに留める、婚約指輪に多いセッティングは何？
(1) ハリーウィンストンセッティング (2) ティファニーセッティング (3) ブルガリセッティング (4) カルティエセッティング",(2) ティファニーセッティング
2013,4択,"長谷川一夫、植村直己、山下泰裕、衣笠祥雄の4人に国民栄誉賞を授与した内閣総理大臣は誰？
(1) 福田赳夫 (2) 中曽根康弘 (3) 鈴木善幸 (4) 竹下登",(2) 中曽根康弘
2013,4択,"東南アジア11ヶ国のうち、唯一欧州諸国の植民地になったことがない国はどこ?
(1)タイ (2)ラオス (3) フィリピン (4) インドネシア",(1)タイ
2013,4択,"航空会社「スカンジナビア航空」を共同経営する3ヵ国は、ノルウェー、スウェーデンとどこ？
(1) フィンランド (2) デンマーク (3) ロシア (4) ドイツ",(2) デンマーク
2013,4択,"ことわざで、「親にも食わすな」といわれるのは何？
(1) 土用のタコ (2) 秋ナス (3) 初ガツオ (4) 真冬のフグ",(1) 土用のタコ
2013,4択,"南米の国・チリの、立法上の首都はどこ？
(1) サンティアゴ (2) ビニャデルマル(3) サンフェルナンド",(4) バルパライソ
2013,4択,"シングル『コール・ミー・メイビー』が世界的にヒットした、カナダの女性シンガーは誰？
(1) アラニス・モリセット (2) マリー・メイ (3) アヴリル・ラヴィーン (4) カーリー・レイ・ジェプセン",(4) カーリー・レイ・ジェプセン
2013,4択,"「ラスパイレス指数」に名を残す経済学者エティエンヌ・ラスパイレスはどこの国の人？
(1) アメリカ (2) イギリス (3) ドイツ (4) フランス",(3) ドイツ
2013,4択,"歌舞伎十八番の『勧進帳』において、弁慶が読み上げた勧進帳は何という寺院のもの？
(1) 東大寺 (2) 法隆寺 (3) 永平寺 (4) 延暦寺",(1) 東大寺
2013,4択,"次のうち、「かい人21面相」と名乗る人間が行った企業脅迫事件を指すのはどれ？
(1) 三菱・住友事件 (2) 松下・富士通事件 (3) グリコ・森永事件 (4) ヤマハ・河合事件",(3) グリコ・森永事件
2013,4択,"アメリカの出産祝いの定番「ダイパーケーキ」とは、何をリボンやおもちゃで飾ったもの?
(1)おむつ (2) 哺乳瓶 (3) よだれかけ (4) ベビーカー",(1)おむつ
2013,4択,"1896年の近代オリンピック第1回アテネ大会において、唯一実施された球技は何？
(1) サッカー (2) ゴルフ (3) ポロ (4) テニス",(4) テニス
2013,4択,"上田敏が訳した一節「神、そらに知ろしめすすべて世は事も無し」が有名な詩人は誰？
(1) カール・ブッセ (2) ポール・ヴェルレーヌ (3) ロバート・ブラウニング (4) ルコント・ド・リール",(3) ロバート・ブラウニング
2013,4択,"ティッシュペーパーのティッシュとは、日本語ではどんな意味の言葉?
(1)白い (2) 薄い (3) 四角い (4) 柔らかい",(2) 薄い
2013,4択,"アメリカの大統領で、グローバー・クリーブランドが非連続で2期務めた間に大統領を務めたのは誰？
(1) ガーフィールド (2) アーサー (3) ハリソン (4) マッキンリー",(3) ハリソン
2013,4択,"16進数の「ABC」は、10進数だといくつにあたる？
(1) 2748 (2) 3748 (3) 4748 (4) 5748",(1) 2748
2013,ノーマル,「a」「b」「c」を並べ替えてできる、タクシーを意味する英単語は何でしょう？,cab
2013,ノーマル,詩集『月に吠える』や『青猫(あおねこ)』で知られる、大正・昭和時代の詩人は誰でしょう？,萩原朔太郎(はぎわら・さくたろう)
2013,ノーマル,シチューやスープなどをかけて食べられる、硬質の小麦粉に水を加えて粒状にした北アフリカの民族料理は何でしょう？,クスクス(couscous)
2013,ノーマル,アメリカにおける「4大テレビネットワーク」といえば、ABC、NBC、CBSと何でしょう？,FOX(The Fox Broadcasting Company)
2013,ノーマル,1882年に吉原重俊(よしはら・しげとし)を初代総裁として開業された、日本の中央銀行は何でしょう？,日本銀行(にっぽんぎんこう)
2013,ノーマル,野球で、進塁したランナーが勢い余って塁を走り越してしまうプレーを、英語で何というでしょう？,オーバーラン
2013,ノーマル,ギリシャ神話の虹の女神にちなんで名付けられた、原子番号77、元素記号Irの元素は何でしょう？,イリジウム(iridium)
2013,ノーマル,金貨の小判の表面に刻まれている模様のことを、見た目がある敷物に似ていることから何というでしょう？,ござ目(ござめ)
2013,ノーマル,日本の都道府県で、京田辺市があるのは京都府ですが、田辺市があるのはどこでしょう？,和歌山(わかやま)
2013,ノーマル,音楽の1ジャンル「R&B」とは、何という言葉を略したものでしょう？,リズム・アンド・ブルース(Rhythm & Blues)
2013,ノーマル,スペイン語で「豊かな海岸」という意味の名前を持つ、首都をサン・ホセにおく中米の国はどこでしょう？,コスタリカ共和国(こすたりかきょうわこく)
2013,ノーマル,満月、十六夜(いざよい)の次の日にあたる旧暦17日ごろの月のことを、それを待つ様子から漢字3文字で特に何というでしょう？,立待月(たちまちづき)
2013,ノーマル,日本にはアカ、チゴ、オオカラなどの種類が生息する、獲物を枝に刺す「はやにえ」の習性で知られる鳥は何でしょう？,百舌鳥(もず)
2013,ノーマル,本名をアンドレイ・フリードマンという、自伝『ちょっとピンぼけ』で知られるハンガリー生まれの戦争写真家は誰でしょう？,ロバート・キャパ(Robert Capa)
2013,ノーマル,江戸時代から続く老舗ホテル「つづれ屋」を舞台とした、藤子・F・不二雄の名作マンガは何でしょう？,『21エモン』(にじゅういちえもん)
2013,ノーマル,インターネットサービスのFacebookやTwitterで、投稿を時系列に表示したものを何というでしょう？,タイムライン※「TL」も○。
2013,ノーマル,1996年に世界で初めてDVDソフトを発売した歌手で、山口百恵に提供した『いい日旅立ち』の作詞・作曲や代表曲『昴』で知られるのは誰でしょう？,谷村新司(たにむら・しんじ)
2013,ノーマル,『シートン動物記』の第1話に登場する、狼の王の名前は何でしょう？,ロボ
2013,ノーマル,オリンピックで行われるシンクロナイズドスイミングの「チーム」は何人で構成されているでしょう？,8人(8にん)
2013,ノーマル,ロバート・フィッツロイ船長の下、1831年にチャールズ・ダーウィンが動植物の調査を行うために乗った測量船の名前は何号でしょう？,ビーグル(号)(Beagle)(びーぐる(ごう)(Beagle))
2013,ノーマル,昨年(2012年)、全編英語の新作『ヴァンパイア』が日本で公開された、『スワロウテイル』『リリィ・シュシュのすべて』などの代表作がある映画監督は誰でしょう？,岩井俊二(いわいしゅんじ)
2013,ノーマル,ニューヨークヤンキースのNとYを併せたロゴを考案した、ニューヨークに本社を置く有名なブランドは何でしょう？,ティファニー(Tiffany & Co.)
2013,ノーマル,エタノールが酸化するとアセトアルデヒトになりますが、アセトアルデヒトが酸化すると何になるでしょう？,酢酸(さくさん)
2013,ノーマル,東海道五十三次を模した庭園で有名な、熊本市中央区にある公園は何でしょう？,水前寺公園(すいぜんじこうえん)
2013,ノーマル,大相撲で、行司の最高位は立行司ですが、床山の最高位は何というでしょう？,特等床山(とくとうとこやま)
2013,ノーマル,ドレフュス事件に際し、「われ弾劾す」で始まる記事を新聞に寄稿した、代表作に『居酒屋』や『ナナ』などがあるフランスの小説家は誰でしょう？,エミール・ゾラ(Émile Zola)
2013,ノーマル,4拍子の楽譜で、2分音符の2倍の長さを表すのは「何音符」でしょう？,全音符(ぜんおんぷ)
2013,ノーマル,ユーロ紙幣の裏面に共通して描かれている、ヨーロッパ連合の協力性を象徴する建築物は何でしょう？,橋(はし)
2013,ノーマル,「オーツ麦」や「オート麦」とも呼ばれる、シリアルの一種・オートミールに用いられるイネ科の穀物は何でしょう？,燕麦(えんばく)※「カラスムギ」も○。(えんばく(えんばく)※「からすむぎ」も○。)
2013,ノーマル,812年に宮中で日本最初の花見を行ったとも言われる第52代天皇で、空海、橘逸勢(たちばなの・はやなり)と共に三筆に数えられるのは誰でしょう？,嵯峨天皇(さがてんのう)
2013,ノーマル,北欧の携帯電話会社で、「エリクソン」の本社はスウェーデンにありますが、「ノキア」の本社がある国はどこでしょう？,フィンランド共和国(ふぃんらんどきょうわこく)
2013,ノーマル,8128、496、28、6などがこれにあたる、その数自身を除く約数の和がその数と同じになる数を何というでしょう？,完全数(かんぜんすう)
2013,ノーマル,1926年にジョセフ・ドラップスがブリュッセルで創業した、世界的な高級チョコレートメーカーは何でしょう？,ゴディバ(GODIVA)
2013,ノーマル,俗に「泣いて褒める」といわれる2つのものとは、ワサビと何でしょう？,浄瑠璃(じょうるり)
2013,ノーマル,マニラは「東洋の」、ミコノス島は「エーゲ海の」、ブダペストは「ドナウ川の」、と言えば、共通して例えられる宝石は何でしょう？,真珠(しんじゅ)
2013,ノーマル,Jリーグ「大宮アルディージャ」のアルディージャの語源となった動物は何でしょう？,リス
2013,ノーマル,日本にある市のうち、その名称に数の単位の「万」が含まれる2つの市とは、伊万里市とどこでしょう？,四万十(しまんと)
2013,ノーマル,「ピンクリボン運動」や「マンモグラフィー検査」といえば、女性に多いどんな病気に関わる言葉でしょう？,乳がん(ちちがん)
2013,ノーマル,アメリカ大統領のバラク・オバマが、2008年の選挙で破った相手はジョン・マケインでしたが、2012年の選挙で破った相手は誰だったでしょう？,ミット・ロムニー
2013,ノーマル,評論家の生田長江(いくた・ちょうこう)が「ブルーストッキング」を和訳して命名した、1911年に平塚らいてうらが創刊した文芸誌は何でしょう？,『青鞜』(せいとう)
2013,ノーマル,「狼」という字を使った熟語で、あわてふためくことは「狼狽(ろうばい)」といいますが、乱暴を働くことは何というでしょう？,狼藉(ろうぜき)
2013,ノーマル,1938年にテニスの4大トーナメントを制して初の年間グランドスラムを達成した、アメリカの選手は誰でしょう？,ドン・バッジ(Don Budge)
2013,ノーマル,プーシキンの小説『大尉の娘』の背景になっている、1773年にエカテリーナ2世統治時代のロシアで起きた大規模な農民反乱は何でしょう？,プガチョフの乱(Pugachev's Rebellion)
2013,ノーマル,英語では「オーバーオール」/と呼ばれる、上下がつなぎ状になっている胸当てつきのズボンのことを、フランス語で何というでしょう？,サロペット
2013,ノーマル,2006年に証券取引法を改正して制定された、インサイダー取引や風説の流布(るふ)を禁じている法律は何でしょう？,金融商品取引法(きんゆうしょうひんとりひきほう)
2013,ノーマル,ベータ星のゴメイサとアルファ星のプロキオンから成る、冬に見られる星座は何でしょう？,こいぬ座(こいぬざ)
2013,ノーマル,ウルグアイの作曲家ヘラルド・マトス・ロドリゲスが作曲した、スペイン語で「仮装行列」という名を持つタンゴの名曲は何でしょう？,『ラ・クンパルシータ』(La Cumparsita)
2013,ノーマル,人気女優の忽那汐里(くつな・しおり)、剛力彩芽(ごうりき・あやめ)、上戸彩らが所属している芸能プロダクションはどこでしょう？,オスカープロモーション
2013,ノーマル,かつて「小ロシア」と呼ばれたのはウクライナですが、「白ロシア(はくロシア)」と呼ばれた国は現在のどこでしょう？,ベラルーシ共和国(べらるーしきょうわこく)
2013,ノーマル,糠漬けを作る際に用いる、糠に塩・水等を加えたものを何というでしょう？,糠床(ぬかどこ)
2013,ノーマル,仏教芸術で、普賢菩薩は象に乗った姿で表されますが、文殊菩薩はどんな動物に乗った姿で表されるでしょう？,獅子(しし)
2013,ノーマル,カナダ・オンタリオ州在住の日本人絵本作家で、人気絵本シリーズ『バムとケロ』で知られるのは誰でしょう？,島田(しまだ)ゆか(しまだ(しまだ)ゆか)
2013,ノーマル,一部に気を取られて全体を見失ってしまうことを例えて、「木を見て何を見ず」というでしょう？,森(もり)
2013,ノーマル,ベートーヴェンのオペラ『フィデリオ』で、夫・フロレスタンの救出に向かう主人公の名前は何でしょう？,レオノーレ
2013,ノーマル,多くの民族が混在し、幾度となく紛争が起きたことから「ヨーロッパの火薬庫」と呼ばれるヨーロッパ南東部の半島はどこでしょう？,バルカン半島(Balkan)
2013,ノーマル,毎年12月に全国高校駅伝が開催される都市はどこでしょう？,京都(きょうと)
2013,ノーマル,家庭で使われる電気の使用量の単位はキロワットアワーですが、水道の使用量の単位は何でしょう？,立方メートル(りっぽうめーとる)
2013,ノーマル,2人の名前から「Wノブユキ」というコンビ名にする案もあった、土屋伸之(つちや・のぶゆき)と塙宣之(はなわ・のぶゆき)から成るお笑いコンビは何でしょう？,ナイツ
2013,ノーマル,能登国の七尾城を攻め落とした際に『九月十三夜陣中の作』と題した詩を詠んだ、武田信玄のライバルとして有名な戦国武将は誰でしょう？,上杉謙信(うえすぎ・けんしん)
2013,ノーマル,耳鼻科医などが頭に着けている、中央に穴が開いた鏡のことを何というでしょう？,額帯鏡(がくたいきょう)
2013,ノーマル,2007年には滝田洋二郎(たきた・ようじろう)監督で映画化された、ピッチャーの原田巧(はらだ・たくみ)とキャッチャーの永倉豪(ながくら・ごう)の1年間を描いた、あさのあつこの小説は何でしょう？,『バッテリー』
2013,ノーマル,夏季大会は1968年にシカゴで第1回が開催された、知的発達障害者のための国際スポーツ大会は何でしょう？,スペシャルオリンピックス(Special Olympics)
2013,ノーマル,昨年10月に脳幹出血のため59歳で亡くなった、代表曲に『セクシャル・バイオレットNO.1』があるミュージシャンは誰でしょう？,桑名正博(くわな・まさひろ)
2013,ノーマル,その時の元号から「寛文蝦夷蜂起(かんぶんえぞほうき)」とも呼ばれる、1669年に松前藩の支配に対してアイヌ民族が起こした反乱を何というでしょう？,シャクシャインの乱(しゃくしゃいんのらん)
2013,ノーマル,「眉をひそめる」という意味がある二字熟語で、人に嫌な顔をされ軽蔑されるときに「買う」といわれるのは何でしょう？,顰蹙(ひんしゅく)
2013,ノーマル,登山の用語で、複数の山の頂上を尾根伝いにたどっていくことを日本語で何というでしょう？,縦走(じゅうそう)
2013,ノーマル,作物を生産するだけでなく、加工から販売/までを事業の視野に入れて行われる農業のことを「第何次産業」というでしょう？,第6次産業(だい6),
2013,ノーマル,盛岡市の西に位置する岩手県の村で、現在日本一人口の多い村となっているのはどこでしょう？,滝沢(たきざわ)
2013,ノーマル,真珠の養殖に用いられるクロチョウガイやアコヤガイといえば、何科に属する貝でしょう？,ウグイスガイ科(うぐいすがいか)
2013,ノーマル,アニメキャラクター・ケロロ軍曹の大好物でもある、サツマイモを小麦粉の皮で包んで作る、熊本の銘菓は何でしょう？,いきなり団子(いきなりだんご)
2013,ノーマル,FIFAの国際試合で、サッカーA代表の公式戦は45分ハーフで行われますが、フットサルA代表の公式戦は何分ハーフで行われるでしょう？,20分(20ふん)
2013,ノーマル,原子番号1の元素は水素、原子番号11の元素はナトリウムですが、原子番号111、元素記号Rgの元素は何でしょう？,レントゲニウム
2013,ノーマル,インナーマッスルを鍛える呼吸法「ロングブレス」を用いたダイエットで話題を集めている俳優は誰でしょう？,美木良介(みき・りょうすけ)
2013,ノーマル,漢字の部首で、「さんずい」は水を表しますが、「にすい」は何を表しているでしょう？,氷(こおり)
2013,ノーマル,「灰色の男たち」から奪われた時間を取り戻すために戦う少女を主人公とする、ドイツの作家ミヒャエル・エンデの児童文学は何でしょう？,『モモ』(Momo)
2013,ノーマル,愛知県半田市に本社を置く調味料メーカーで、主力商品に「味ぽん」があるのはどこでしょう？,ミツカン
2013,ノーマル,樋口了一のものは「親愛なる子供たちへ」、アンジェラ・アキのものは「拝啓十五の君へ」のサブタイトルが付けられている曲に共通するタイトルは何でしょう？,『手紙』(『てがみ』)
2013,ノーマル,その業績の広さから「口紅から機関車まで」と評された、インダストリアルデザインの草分けとされるアメリカ人デザイナーは誰でしょう？,レイモンド・ローウィ(Raymond Loewy)
2013,ノーマル,大きさによって「タヒチ」と「メキシカン」の2種類に大別される、レモンをやや小ぶりにしたような形の柑橘類は何でしょう？,ライム
2013,ノーマル,「外国と通謀して日本国に対し武力を行使させた者は、死刑に処する。」と刑法第81条で規定されている犯罪は何でしょう？,外患誘致罪(がいかんゆうちつみ)
2013,ノーマル,「あづま路の道の果てよりも、なほ奥つ方に生いい出たる人、いかばかりかはあやしかりけむを……」という書き出しで始まる、菅原孝標女(すがわらたかすえのむすめ)が書いた日記文学は何でしょう？,『更級日記』(さらしなにっき)
2013,ノーマル,英雄伝説を題材とした正統派のオペラを「オペラ・セリア」というのに対して、庶民の生活を題材とした喜劇的なオペラを何と言うでしょう？,オペラ・ブッファ
2013,ノーマル,もともとは大木を植え替える時の準備作業のことで、転じて、あることを実現しやすいように、予め周りの人達などに話をつけておくことを何というでしょう？,根回し(ねまわし)
2013,ノーマル,電化製品を使っていない時でもコンセントに接続しているだけで消費される微少な電力のことを一般に「何電力」というでしょう？,待機電力(たいきでんりょく)
2013,ノーマル,本州と九州を結ぶ関門国道トンネルの中を通っている国道は何号線でしょう？,国道2号線(こくどう2ごうせん)
2013,ノーマル,クルーザーなどのヨットの底に突き出した形で固定されている、横流れを防ぐひれ状の板を何というでしょう？,フィンキール
2013,ノーマル,『一週間』、/『コロブチカ』、『トロイカ』と言えば、いずれも現在の何という国で生まれた曲でしょう？,ロシア連邦(ロシア)
2013,ノーマル,舟橋聖一(ふなはし・せいいち)の小説『花の生涯』の主人公である、1860年に桜田門外の変で暗殺された江戸幕府の大老は誰でしょう？,井伊直弼(いい・なおすけ)
2013,ノーマル,ウガンダ、ケープ、アミメ、マサイなどの種類がいる、首の長い動物は何でしょう？,キリン
2013,ノーマル,日本の通常国会の会期は150日ですが、その延長は何回まで認められているでしょう？,1回(1かい)
2013,ノーマル,描かれた物が現実にあるかの様に見せる「だまし絵」を、フランス語で何というでしょう？,トロンプ・ルイユ(Trompe-l'œil)
2013,ノーマル,日本テレビの深夜のニュース番組『News zero』で月曜日のキャスターを務めている、人気グループ・嵐のメンバーは誰でしょう？,櫻井翔(さくらい・しょう)
2013,ノーマル,指先打ち、平手打ち、手首打ち、枠打ち、鈴鳴らしなどの方法で演奏される打楽器は何でしょう？,タンバリン
2013,ノーマル,兵庫県にある市で、名前にひらがなが使われているのは、南あわじ市とどこでしょう？,たつの
2013,ノーマル,アニメ映画『茄子・アンダルシアの夏』の舞台になっている、スペインで実施される世界3大自転車レースのひとつは何でしょう？,ブエルタ・ア・エスパーニャ(Vuelta a España)
2013,ノーマル,海外展開を強化するため、日本たばこ産業が主力銘柄「マイルドセブン」に代わって導入した新しいブランド名は何でしょう？,メビウス(MEVIUS)
2013,ノーマル,かつての合戦の舞台で、川中島があるのは現在の長野県ですが、桶狭間があるのは現在の何県でしょう？,愛知(あいち)
2013,ノーマル,「鯨の潮吹き」「太鼓山(こっこでしょ)」「阿蘭陀万才(おらんだまんざい)」「龍踊(じゃおどり)」などがダイナミックに演じられる、毎年10月7日から3日間行われる長崎市の諏訪神社のお祭りは何でしょう？,長崎くんち(ながさきくんち)
2013,ノーマル,ドイツ語で「額縁」/という意味がある、柱と梁を一体化させた建築構造のことを何というでしょう？,ラーメン構造(ラーメン)
2013,ノーマル,警視庁捜査一課の片山義太郎(かたやま・よしたろう)が飼い主となっている、推理作家・赤川次郎の人気シリーズに登場する猫は何でしょう？,ホームズ
2013,ノーマル,お酒の「紹興酒」の名前の由来である「紹興市」がある、中国の省はどこでしょう？,浙江省(せっこうしょう)
2013,ノーマル,代表作に『宇宙のランデヴー』『幼年期の終り』『2001年宇宙の旅』がある、イギリスのSF作家は誰でしょう？,アーサー・C・クラーク(Arthur Charles Clarke)
2013,ノーマル,江戸時代の遊女が「夕顔」「紫」「葵」などと名乗ったことにちなむ、水商売などで接客する人がお店で名乗る名前を俗に何というでしょう？,源氏名(げんじな)
2013,ノーマル,ユーロに移行する前のヨーロッパ各国の通貨単位で、イタリアはリラ、スペインはペセタですが、ポルトガルは何だったでしょう？,エスクード(Escudo)
2013,ノーマル,水ではおよそ1.33、水晶ではおよそ1.54程度になる、ある物質中での光の速度を示した指標を何というでしょう？,(絶対)屈折率((ぜったい)くっせつりつ)
2013,ノーマル,1598年に「ナントの勅令」を発布してユグノー戦争を終結させた、フランス・ブルボン朝初代の王は誰でしょう？,アンリ4世(Henri IV)
2013,ノーマル,向かい合った2人のターナーが2本の縄を回し、その中でジャンパーが跳ぶ縄跳びのことを何というでしょう？,ダブルダッチ
2013,ノーマル,埼玉県加須市(かぞし)が日本で最も多く生産している、端午の節句に男の子の成長を祝って屋外に立てる風習があるものは何でしょう？,鯉のぼり(こいのぼり)
2013,ノーマル,アイドルとしては『春はSA-RA SA-RA』、演歌歌手としては『蜩(ひぐらし)』という曲でデビューした、『捨てられて』などのヒット曲で知られる女性歌手は誰でしょう？,長山洋子(ながやま・ようこ)
2013,ノーマル,手に何も持たず、体ひとつで他によりどころがないことを、「素手」という意味の言葉を2つ使った四字熟語で何というでしょう？,徒手空拳(としゅくうけん)
2013,ノーマル,いわゆる「ご当地ナンバー」の中で、2つの県にまたがる初の地域名表示となった地名は何でしょう？,富士山(ふじさん)
2013,ノーマル,アングルやマティスが絵の題材としてよく取り上げた、ハーレムにいる女奴隷たちのことを、フランス語で何というでしょう？,オダリスク(Odalisque)
2013,ノーマル,1963年6月、ボストーク6号に搭乗し女性初の宇宙飛行士となった人物で、「私はカモメ」の名言を残したことで知られるのは誰でしょう？,ワレンチナ・テレシコワ
2013,ノーマル,女子プロゴルファーの原江里菜、有村智恵、宮里藍といえば、いずれもどこの高校出身でしょう？,東北高等学校(とうほくこうとうがっこう)
2013,ノーマル,西洋料理でおなじみのスープで、透明なスープを「コンソメ」と呼ぶのに対し、濃厚で不透明なスープを何というでしょう？,ポタージュ
2013,ノーマル,アースガルドやミッドガルドといった9つの世界を支えている、北欧神話において、世界を支えている巨大な樹は何でしょう？,ユグドラシル(Yggdrasil)
2013,ノーマル,「画蛇添足」/という四字熟語を略したものである、付け加える必要のない余計なものを指す故事成語は何でしょう？,蛇足(だそく)
2013,ノーマル,日本の道路網の起点となる日本橋(にほんばし)は、何という川に架かっているでしょう？,日本橋川(にほんばしがわ)※「神田川」は×。(にほんばしかわ(にほんばしがわ)※「かんだがわ」は×。)
2013,ノーマル,アゾリトミンという成分により、水溶液が酸性であるかアルカリ性であるかを判別する、化学で用いられる代表的な試験紙は何でしょう？,リトマス試験紙(りとますしけんし)
2013,ノーマル,寝タバコの不始末により2004年に亡くなった、/『三国志』『魔法使いサリー』『鉄人28号』などの作品で知られる漫画家は誰でしょう？,横山光輝(よこやまみつてる)
2013,ノーマル,祖父の五十雄(いそお)は戦前の巨人軍でプレーした内野手である、2011年、2012年と2年連続でセントラルリーグ最多勝投手となった読売ジャイアンツの投手は誰でしょう？,内海哲也(うつみ・てつや)
2013,ノーマル,1708年に屋久島に上陸して捕らえられたイタリア人の宣教師で、新井白石の取調べを受け、これを元に『西洋紀聞』が書かれたことで知られるのは誰でしょう？,ジョヴァンニ・バティスタ・シドッチ(Giovanni Battista Sidotti)
2013,ノーマル,シンクロナイズドスイミングで、鼻の穴に水が入らないようにするために鼻を挟む道具のことを、英語で何というでしょう？,ノーズクリップ
2013,ノーマル,ネイティブアメリカンが使用していた斧の名前にちなむ、アメリカ海軍の巡航ミサイルは何でしょう？,トマホーク(tomahawk)
2013,ノーマル,管弦楽曲『水上の音楽』やオラトリオ『メサイヤ』などの作品で知られる、「音楽の母」と評された作曲家は誰でしょう？,ゲオルク・フリードリヒ・ヘンデル
2013,ノーマル,現在、第16代会長を浅田次郎が務めている、日本の文筆業従事者によって組織される団体は何でしょう？,日本ペンクラブ(にほんペンクラブ)
2013,ノーマル,山伏(やまぶし)などの修験者が衣服の上に着る、麻でできた衣を何というでしょう？,篠懸(すずかけ)
2013,ノーマル,スウェーデンの植物学者アンドレアス・ダールの名にちなむ、メキシコの国の花に指定されているキク科の植物は何でしょう？,ダリア
2013,ノーマル,1897年、スイス人のマティアス・ツールブリッゲンが初登頂に成功した、南米大陸の最高峰の山はどこでしょう？,アコンカグア
2013,ノーマル,歌舞伎で、役者の動きや物音を際立たせるために、四角い板に拍子木を打ち続けて鳴らす音のことを何というでしょう？,ツケ
2013,ノーマル,俗に「ゼロハン」と呼ばれるバイクは、排気量が何ccのものでしょう？,50cc
2013,ノーマル,今年(2013年)初来日を果たした、「1D」の略称で呼ばれるイギリスの人気5人組男性ボーカルグループは何でしょう？,ワン・ダイレクション
2013,ノーマル,ゴルフで、パートナーのスコアカードに間違いがないことを確認した際にするサインのことを何というでしょう？,アテスト(attest)
2013,ノーマル,俳優として活躍する松田龍平(りゅうへい)・翔太兄弟の父親である俳優で、往年のドラマ『太陽にほえろ!』のジーパン役で知られるのは誰でしょう？,松田優作(まつだゆうさく)
2013,ノーマル,中に入っているうどんが紡いだ麻糸の玉のように見えることからその名が付いた、茶碗蒸しの一種は何でしょう？,小田巻き蒸し(おだまききむし)
2013,ノーマル,豊かで気楽な生活を送ることを、利き手と反対の手にあるものを持って涼む様子から何というでしょう？,左うちわ(ひだりうちわ)
2013,ノーマル,その第3巻には「万有引力の法則」が記載されている、『自然哲学の数学的諸原理』というニュートンの著書を一般に何というでしょう？,『プリンキピア』
2013,ノーマル,俳句の季語で「ラグビー」といえば、その季節はいつでしょう？,冬(ふゆ)
2013,ノーマル,通称「ふらんす寺」と呼ばれ、正式名称を「日本二十六聖殉教聖堂」という、日本に現存する最古の天主堂である長崎県の教会は何でしょう？,大浦天主堂(おおうらてんしゅどう)
2013,ノーマル,彫刻家のジェローム・デュケノワがブリュッセルで製作したものが世界的に知られる、放尿する少年を象った彫刻を一般に何というでしょう？,小便小僧(しょうべんこぞう)
2013,ノーマル,劇場の天井桟敷、美術展の画廊、ゴルフ競技の観客を指す時に共通して用いられる英単語は何でしょう？,ギャラリー
2013,ノーマル,ギターなどの弦楽器で、弦を押さえる位置を示すための突起した棒状の金属のことを何というでしょう？,フレット
2013,ノーマル,.日本語では「生体認証」という、個人の身体的特徴を用いて人物の特定をするシステムを何というでしょう？,バイオメトリクス(認証)
2013,ノーマル,フルマラソンで走る42.195kmより長い距離を走るレースを、特に「何マラソン」というでしょう？,ウルトラマラソン
2013,ノーマル,「巡礼父祖」という意味の名を持つ、1620年にメイフラワー号に乗船してアメリカへ移住した清教徒の集団を何といったでしょう？,ピルグリム・ファーザーズ(Pilgrim Fathers)
2013,ノーマル,日本の内閣に相当する、中華人民共和国の行政機関は何でしょう？,中華人民共和国国務院(国務院)
2013,ノーマル,リチャード・ギア演じる実業家エドワードが、ジュリア・ロバーツ演じるコールガールのビビアンと恋に落ちるというストーリーの、1990年にヒットしたアメリカ映画は何でしょう？,『プリティ・ウーマン』
2013,ノーマル,エコーはがきは、広告が掲載される代わりに、通常のはがきより何円安く販売されているでしょう？,5円(5えん)
2013,ノーマル,ラテン語で「雌牛」を意味する言葉に由来する、体内に抗体を作って感染症を予防する薬剤を総称して何というでしょう？,ワクチン(vaccine)
2013,ノーマル,今年(2013年)で開通50周年を迎える、日本初の都市間高速道路は何でしょう？,名神高速道路(めいしんこうそくどうろ)
2013,ノーマル,1851年にウィリアム・ラッセルによって発見された、天王星の第1衛星は何でしょう？,アリエル
2013,ノーマル,野球で、指名打者を表す「DH」とは、何という英語の略でしょう？,Designated Hitter(デジグネイテッド・ヒッター)
2013,ノーマル,第1章「皇位継承(こういけいしょう)」から第5章「皇室会議」までの全37条で構成されている、皇室に関する規定を定めた法律は何でしょう？,皇室典範(こうしつてんぱん)
2013,ノーマル,「やきあご」「とびこ」といえば、いずれも何という魚を原料にした食材でしょう？,とびうお
2013,ノーマル,すまし汁の一つ、けんちん汁発祥の地という説もある、鎌倉五山第一位の寺は何でしょう？,建長寺(けんちょうじ)
2013,ノーマル,ウルトラマンが最初に倒した怪獣はベムラーですが、ウルトラセブンが最初に倒した怪獣は何でしょう？,クール星人(くーるせいじん)
2013,ノーマル,サービス業などの仕事に従事する人が持つ裁量権や、定規を使うことなく円や直線を描くことを指す英語は何でしょう？,フリーハンド
2013,ノーマル,古書店の店主・篠川栞子(しのかわ・しおりこ)が、客が持ち込む古書にまつわる謎を解いていくというストーリーの、三上延(みかみ・えん)の小説シリーズは何でしょう？,『ビブリア古書堂の事件手帖』(『びぶりあこしょどうのじけんてちょう』)
2013,ノーマル,坂本九の代表曲「上を向いて歩こう」を作詞したのは永六輔ですが、作曲したのは誰でしょう？,中村八大(なかむら・はちだい)
2013,ノーマル,山号を「大異山(だいいざん)」という浄土宗のお寺で、本尊の阿弥陀如来が「鎌倉の大仏」として知られるのはどこでしょう？,高徳院(こうとくいん)
2013,ノーマル,カフェ、ライフ、ワールド、アイランドといった関連ゲームも提供されている、サイバーエージェントが運営するwebサイト上のサービスは何でしょう？,アメーバピグ
2013,ノーマル,男子日本代表は「さむらいJAPAN」、女子日本代表は「さくらジャパン」といえばこのスポーツは何でしょう？,ホッケー※「グランドホッケー」も○。
2013,ノーマル,鎌倉幕府の職名を使った慣用句で、道理の通じない相手と争っても無駄であるという事を、「泣く子と何には勝てない」と言うでしょう？,地頭(じとう)
2013,ノーマル,数学で、対数の演算を意味する記号「log(ログ)」は、何という言葉の略でしょう？,logarithm(ロガリズム)
2013,ノーマル,1932年に創刊された、旺文社が刊行する日本最古の大学受験雑誌は何でしょう？,「蛍雪時代」(けいせつじだい)
2013,ノーマル,「北米のパリ」といえばモントリオールの別名ですが、「南米のパリ」という別名を持つ、アルゼンチンの首都はどこでしょう？,ブエノスアイレス(Buenos Aires)
2013,ノーマル,民族叙事詩で、『カレワラ』といえばフィンランドの叙事詩ですが、『ウズ・ルジアダス』といえばどこの国の叙事詩でしょう？,ポルトガル(Portugal)
2013,ノーマル,錦正流(きんしょうりゅう)や琴伝流(きんでんりゅう)などの流派がある、1912年にタイプライターをヒントに森田吾郎が発明した楽器は何でしょう？,大正琴(たいしょうごと)
2013,ノーマル,天智天皇の死後、大友皇子と大海人皇子による皇位継承をめぐった争いのことを、起きた年の十干十二支から「何の乱」というでしょう？,壬申の乱(じんしんのらん)
2013,ノーマル,『酒とバラの日々』や『ムーンリバー』など、映画音楽の名曲を数多く生み出したアメリカの作曲家といえば誰でしょう？,ヘンリー・マンシーニ
2013,ノーマル,平安時代には御子左家(みこひだりけ)、難波家(なんばけ)、飛鳥井家(あすかいけ)といった家元が存在した宮中競技は何でしょう？,蹴鞠(けまり)
2013,ノーマル,かたつむりの殻に例えられる螺旋状の構造をもつ、アメリカの建築家フランク・ロイド・ライトの代表作であるニューヨークの美術館は何でしょう？,ソロモン・R・グッゲンハイム美術館(Solomon R.Guggenheim Museum)
2013,ノーマル,昨年11月に仲川遥香と高城亜樹(たかじょう・あき)がAKB48から移籍した、海外のアイドルグループは何でしょう？,JKT48(ジェイケーティーフォーティーエイト)
2013,ノーマル,カードゲーム『UNO』で使われるカードの、1セットの枚数は何枚でしょう？,108枚(108まい)
2013,ノーマル,東京では神田や浅草などがこう呼ばれる、商工業地域でおもに低地に発達した地域を、「山の手」に対して何というでしょう？,下(した)
2013,ノーマル,外観は一般乗用車と同じだが、緊急時にはパトライトをつけて走らせるパトカーのことを一般に「何パトカー」と言うでしょう？,覆面パトカー(ふくめんぱとかー)
2013,ノーマル,その構造にはアームチェア型、ジグザグ型、カイラル型がある、1991年に化学者・飯島澄男(いいじま・すみお)が発見した炭素の同素体は何でしょう？,カーボンナノチューブ
2013,ノーマル,代表的な品種に「大房(おおぶさ)」「田中」「茂木(もぎ)」などがある、バラ科の果物は何でしょう？,枇杷(びわ)
2013,ノーマル,元々はエルサレム神殿を取り巻く外壁の一部であった、現在ではユダヤ教の聖地となっている壁の名前は何でしょう？,嘆きの壁(なげきのかべ)
2013,ノーマル,童謡『おもちゃのチャチャチャ』の作詞を手がけている、1967年に『火垂るの墓(ほたるのはか)』『アメリカひじき』で直木賞を受賞した作家は誰でしょう？,野坂昭如(のさか・あきゆき)
2013,ノーマル,A型肝炎、赤痢、チフスなど、食べ物などを通して口から感染する伝染病のことを何というでしょう？,経口伝染病(けいこうでんせんびょう)
2013,ノーマル,映画や演劇が未発表のまま終わることを「お蔵入り」といいますが、事件が解決できないまま終わることを「何入り」というでしょう？,迷宮入り(めいきゅういり)
2013,ノーマル,今年度(2012年度)下半期の第148回直木賞を『何者』で受賞し、平成生まれの作家として初の直木賞受賞者となったのは誰でしょう？,朝井リョウ(あさいりょう)
2013,ノーマル,世界で一番大きい島はグリーンランドですが、2番目に大きい島は何でしょう？,ニューギニア島(New Guinea)
2013,ノーマル,アニメ『ポパイ』で、ポパイの恋人の名前は何でしょう？,オリーブ(・オイル)
2013,ノーマル,原則として火曜日と金曜日の週2回行われる、内閣がその職権を行うにあたり、意思を決定する会議のことを何というでしょう？,閣議(かくぎ)
2013,ノーマル,その名は「貴婦人」を意味するイタリア語に由来する、昨年の中央競馬で史上4頭目の牝馬三冠馬となった馬の名前は何でしょう？,ジェンティルドンナ
2013,ノーマル,講談などの題材となった、山中鹿之助ら10人の武士のことを、彼らが仕えたとされる戦国武将の名から何というでしょう？,尼子十勇士(あまごじゅうゆうし)
2013,ノーマル,昨年(2012年)2月にファーストシングル『サブリナ』、10月にはファーストアルバム『LEO』を発売した、女子高生シンガーソングライターは誰でしょう？,家入レオ(いえいり・れお)
2013,ノーマル,骨折の中でも特に、皮膚が傷つき折れた骨が体外に露出しているような骨折のことを一般に何というでしょう？,複雑骨折(ふくざつこっせつ)
2013,ノーマル,カードゲームメーカーのブシロードが親会社となっている日本のプロレス団体はどこでしょう？,新日本プロレス(しんにほんプロレス)
2013,ノーマル,その敷地内には国立西洋博物館や西郷隆盛像などがある、東京都台東区にある公園は何でしょう？,上野恩賜公園(うえのおんしこうえん)
2013,ノーマル,オンラインゲームの世界に閉じ込められてしまった少年・キリトを主人公とする、川原礫(かわはら・れき)のライトノベルは何でしょう？,『ソードアート・オンライン』
2013,ノーマル,札幌証券取引所が開設する新興企業向けの市場の愛称は何でしょう？,アンビシャス(Ambitious)
2013,ノーマル,2本の直線が交わってできる4つの角のうち、互いに向かい合った2つの角のことを、漢字三文字で何というでしょう？,対頂角(たいちょうかく)
2013,ノーマル,童謡『チューリップ』の歌詞の3番に登場する動物は何でしょう？,ちょうちょ
2013,ノーマル,フランス革命時にはジャコバン党員としても活動した画家で、『マラーの死』や『ナポレオンの戴冠』で知られるのは誰でしょう？,ジャック=ルイ・ダヴィッド(Jacques-Louis David)
2013,ノーマル,英語で、山を「mountain」といいますが、火山を何というでしょう？,volcano(ボルケーノ)
2013,ノーマル,昨年11月に文化勲章を受章した、『学校』や『男はつらいよ』シリーズで知られる映画監督は誰でしょう？,山田洋次(やまだようじ)
2013,ノーマル,コナミが制作する、赤・青・緑・黄色・白の5色9個のボタンを叩いて遊ぶリズムアクションゲームは、何でしょう？,『ポップンミュージック』(pop'n music)
2013,ノーマル,ピアノの連弾で使われるピアノの台数は、普通何台でしょう？,1台(1だい)
2013,ノーマル,代表作に『ダブリン市民』『ユリシーズ』『フィネガンス・ウェイク』などがある、アイルランド出身の作家は誰でしょう？,ジェームス・ジョイス(James Augustine Joyce)
2013,ノーマル,高さ165メートルの「シンガポール・フライヤー」が現在世界最大のものである、遊園地で人気の乗り物は何でしょう？,観覧車(かんらんしゃ)
2013,ノーマル,豊臣秀吉が行った朝鮮出兵で、1度目の出兵を「文禄の役」といいますが、2度目の出兵を、同じく日本の元号を用いて「何の役」というでしょう？,慶長の役(けいちょう)
2013,ノーマル,Fを2つ組み合わせた「ズッカ」柄で知られる、イタリアのブランドメーカーはどこでしょう？,フェンディ
2013,ノーマル,カーミット、ビッグバード、エルモなどのマペットキャラクターが登場する、アメリカの教育番組は何でしょう？,『セサミストリート』
2013,ノーマル,その剛速球から「ロケット」と呼ばれた、サイヤング賞を史上最多の7回受賞したメジャーリーグの投手は誰でしょう？,ロジャー・クレメンス(Roger Clemens)
2013,ノーマル,夫に対しては良き妻、子供に対しては賢き母であることを四字熟語で何というでしょう？,良妻賢母(りょうさいけんぼ)
2013,ノーマル,日本の歴代総理大臣のうち、人間以外に実在する動物の名前が含まれるのは、鳩山一郎、鳩山由紀夫と誰でしょう？,犬養毅(いぬかいつよし)
2013,ノーマル,日本語では「整列」や「並べ替え」と呼ばれる、データをある特定の規則に従って並べることを英語で何というでしょう？,ソート(sort)
2013,ノーマル,スタンダード、コンサート、テナー、バリトンなどの種類がある、ハワイ語で「飛び跳ねるノミ」という意味の名を持つ楽器は何でしょう？,ウクレレ(ʻukulele)
2013,ノーマル,ロスタンの戯曲『シラノ・ド・ベルジュラック』で、主人公のシラノがあこがれる、従姉妹の女性の名前は何でしょう？,ロクサーヌ
2013,ノーマル,スキーリゾート「ドラゴンバレー」もここにある、2018年の冬季オリンピック開催地である韓国の都市はどこでしょう？,平昌(ピョンチャン)
2013,ノーマル,九州大学病院精神病科7/号室で目を覚ました主人公の「私」が記憶を取り戻していく姿を描いた、夢野久作の小説は何でしょう？,『ドグラ・マグラ』(ドグラ・マグラ)
2013,ノーマル,都内では京急蒲田駅でみられる、駅や信号所などで列車の進行方向を変える線路の配線を何というでしょう？,スイッチバック(switchback)
2013,ノーマル,日本から全く見えない4つの星座とは、カメレオン座、テーブルさん座、はちぶんぎ座とあとひとつは何でしょう？,ふうちょう座(ふうちょうざ)
2013,ノーマル,洋画家・児島虎次郎(こじま・とらじろう)が収集したコレクションを中心として1930年に開館した、モネの『睡蓮』やエル・グレコの『受胎告知』などが所蔵されている岡山県倉敷市にある美術館はどこでしょう？,大原美術館(おおはらびじゅつかん)
2013,ノーマル,遠まわしな表現をすることを、飴や薬を包む時に用いられる薄い膜の名前を使って、「何に包む」というでしょう？,オブラート
2013,ノーマル,フィンランドの国の花/にも指定されている、「君影草」、「谷間の百合」などの別名を持つ植物は何でしょう？,スズラン
2013,ノーマル,日本書紀の記述によると紀元前660年に即位したとされている、日本で最初の天皇は誰でしょう？,神武天皇(じんむてんのう)
2013,ノーマル,英語の「カムバック」という言葉に由来するという、競馬で公正なスタートができなかった際にやり直すことをいう言葉は何でしょう？,カンパイ
2013,ノーマル,『外郎売(ういろううり)』や『暫(しばらく)』のものが有名な、歌舞伎の荒事などで主役が花道で述べる長ぜりふを何というでしょう？,つらね
2013,ノーマル,日本文学振興会が主催する新人賞にもその名を残している、代表作に『砂の器』『点と線』がある日本の推理作家は誰でしょう？,松本清張(まつもと・せいちょう)
2013,ノーマル,通常の半分のサイズの新聞をタブロイド判というのに対し、通常のサイズの新聞のことを何というでしょう？,ブランケット判(ぶらんけっとはん)
2013,ノーマル,化学式C40H56で表される、スイカやトマトに含まれる赤い色素は何でしょう？,リコピン※「リコペン」も○。
2013,ノーマル,日本の法律の最後に必ず添えられている、天皇陛下の署名捺印(なついん)のことを漢字4文字で何というでしょう？,御名御璽(ぎょめいぎょじ)
2013,ノーマル,「をけら参り」や「祇園祭」といった年中行事で知られる、京都府の神社はどこでしょう？,八坂神社(やさかじんじゃ)
2013,ノーマル,ポルトガル語で「新しい感覚」という意味がある、1950年代にサンバとジャズが結びついて生まれたブラジルの音楽といえば何でしょう？,ボサノバ
2013,ノーマル,それまで煮立っていたお湯が驚くほど静かになることからこう呼ばれる、麺類を茹でるときに入れる冷たい水といえば何でしょう？,びっくり水(びっくりみず)
2013,ノーマル,出生時の名前をルキウス・セプティミウス・バッシアヌスという、アントニヌス勅令の発布や、公衆大浴場の建設で有名なローマ皇帝は誰でしょう？,カラカラ(Caracalla)
2013,ノーマル,オーストリアの医師レオポルト・アウエンブルッガーが考案した、手や器具で患者の体を叩いて、その音で病状を調べる診察法を何というでしょう？,打診法(だしんほう)
2013,ノーマル,ミュージックレインに所属する戸松遥、寿美菜子、高垣彩陽(あやひ)、豊崎愛生(あき)の4人で構成される人気女性声優ユニットは何でしょう？,スフィア(sphere)
2013,ノーマル,30kmと10kmのふたつの部門で行われる、昭和42年に第1回が開催された市民マラソンの草分け的存在は何でしょう？,青梅マラソン(おうめマラソン)
2013,ノーマル,『英国庭園の謎』『ロシア紅茶の謎』『ブラジル蝶の謎』などの「国名シリーズ」を書いた、日本の推理作家は誰でしょう？,有栖川有栖(ありすがわありす)
2013,ノーマル,ファッションモデルの類(るい)、料理研究家のはるみ、プロ野球・広島カープの健太に共通する苗字は何でしょう？,栗原(くりはら)
2013,ノーマル,二段、貝の口、千鳥などの結び方がある、着物を着る時には欠かせないものは何でしょう？,帯(おび)
2013,ノーマル,アメリカの第5代大統領の名前にちなんで名づけられた、リベリアの首都はどこでしょう？,モンロビア(Monrovia)
2013,ノーマル,実を結ぶ割合が高いことから、ことわざで「千に一つの無駄もない」ものに挙げられているものは、どんな植物の花でしょう？,茄子(の花)
2013,ノーマル,大胆な金融緩和と積極的な財政出動を特徴とする第2次安倍晋三政権の経済政策を、「安倍」と「エコノミクス」を組み合わせた造語で何というでしょう？,アベノミクス
2013,ノーマル,牛にある4つの胃袋とは、ミノ、ハチノス、センマイと何でしょう？,ギアラ
2013,ノーマル,1871年の廃藩置県により定められた「三府(さんぷ)」とは大阪府、京都府とどこでしょう？,東京(とうきょう)
2013,ノーマル,昨年48歳で亡くなった、1992年に映画『ボディガード』で主演を務めたことで知られる女優・歌手は誰でしょう？,ホイットニー・ヒューストン
2013,ノーマル,X-ICE、DSX、アイスガード、ブリザックといえば、寒い地域でよく使われるどんなもののブランドでしょう？,スタッドレスタイヤ
2013,ノーマル,「若く明るい歌声に」という歌い出しで始まる、藤山一郎が歌いヒットした昭和の名曲といえば何でしょう？,『青い山脈』(『あおいさんみゃく』)
2013,ノーマル,バチカン市国のシスティナ礼拝堂でおこなわれる、ローマ教皇が不在になった時に、次のローマ教皇を選出する為の選挙の事を何というでしょう？,コンクラーヴェ
2013,ノーマル,日本で使われる将棋の駒の約95%を生産していることから「将棋の街」として名高い、山形県にある市は何でしょう？,天童(てんどう)
2013,ノーマル,1943年、ボールペンを実用化したハンガリーの兄弟は何兄弟でしょう？,ビロ兄弟(Bíró)
2013,ノーマル,1981年に化学反応に関する「フロンティア軌道理論」などの業績により、日本人として初めてノーベル化学賞を受賞した化学者は誰でしょう？,福井謙一(ふくいけんいち)
2013,ノーマル,お店の「スーパー」はスーパーマーケットの略ですが、字幕の「スーパー」は何の略でしょう？,スーパーインポーズ(Superimpose)
2013,ノーマル,西インド諸島のトリニダード島を発祥とする、低く渡された棒の下を触れないようにくぐり抜けるダンスを何というでしょう？,リンボーダンス(Limbo dance)
2013,ノーマル,原題を『ル・ミザントロープ』という、社会の不正義を許さない青年アルセストを主人公とするモリエールの戯曲は何でしょう？,『人間ぎらい』(『にんげんぎらい』)
2013,ノーマル,アイヌ語で「小さな木の子供」という意味がある、縦長の木に顔と角ばった胴体が掘られた北海道の郷土玩具である人形は何でしょう？,ニポポ
2013,ノーマル,化学実験の際に用いられる、ゴム管などを挟んで/管の中の流体の流れを調整する器具のことを何というでしょう？,ピンチコック
2013,ノーマル,クラッシック愛好家の間で「メンコン」といわれるのは、誰が作曲したバイオリンコンチェルトのことでしょう？,メンデルスゾーン
2013,ノーマル,播磨の土一揆を鎮圧したことでも知られる室町時代の武将で、1441年に将軍・足利義教を暗殺したのは誰でしょう？,赤松満祐(あかまつ・みつすけ)
2013,ノーマル,ハンドボールで、守備側の反則によってシュートが妨害されたときなどに与えられるスローのことを、その距離から「何mスロー」というでしょう？,7mスロー
2013,ノーマル,中海(なかうみ)に臨む島根県東部の市で、どじょうすくいの踊りで有名な民謡にも名を残すのは何市でしょう？,安来(やすぎ)(やすぎ(やすぎ))
2013,ノーマル,慣用句で「病気が日に日に良くなっていくこと」を、「何を剥ぐよう」というでしょう？,薄紙(うすがみ)を剥ぐよう(うすがみ(うすがみ)をはぐよう)
2013,ノーマル,やなせたかしの後任として、現在、日本漫画家協会の6代目理事長を務めている漫画家は誰でしょう？,ちばてつや
2013,ノーマル,ドキュメント作成ソフト「アクロバット」や画像編集ソフト「フォトショップ」で知られる、コンピュータソフト会社は何でしょう？,アドビシステムズ(Adobe Systems)
2013,ノーマル,今年亡くなった元横綱・大鵬も所属していた、今年1月を持って閉鎖された相撲部屋はどこでしょう？,二所ノ関部屋(にしょのせきべや)
2013,ノーマル,孤立無援をいう「四面楚歌」という言葉の由来となった、紀元前202年に起こった楚と漢の戦いといえば何でしょう？,垓下の戦い(がいか)
2013,ノーマル,薄く切った生の肉や魚にドレッシングなどで味付けした料理を、イタリア出身の画家の名前をとって何というでしょう？,カルパッチョ
2013,ノーマル,今年(2013年)1月15日に亡くなった、『愛のコリーダ』『戦場のメリークリスマス』『ご法度』などの作品で知られる映画監督は誰でしょう？,大島渚(おおしま・なぎさ)
2013,ノーマル,日本式の天気記号で、丸の中に黒い丸が描かれているのは霧ですが、丸の中に黒い三角が描かれているのは何でしょう？,雹(ひょう)
2013,ノーマル,世界の音楽で、フランス語で「歌」の意味を持つのは「シャンソン」ですが、イタリア語で「歌」の意味を持つのはどんな音楽でしょう？,カンツォーネ(Canzone)
2013,ノーマル,テレビ番組の構成作家としても活躍する、『永遠の0(ゼロ)』『Box!(ボックス)』などの作品で知られる作家は誰でしょう？,百田尚樹(ひゃくた・なおき)
2013,ノーマル,木曽川の流れによって花こう岩が浸食されてできた長野県上松町(あげまつまち)にある景勝地で、竜宮城から帰ってきた浦島太郎にまつわる伝説があるのはどこでしょう？,寝覚の床(ねざめのとこ)
2013,ノーマル,紅茶のブランド飲料で、「午後の紅茶」を販売しているのはキリンビバレッジですが、「紅茶花伝」を販売しているメーカーはどこでしょう？,日本コカ・コーラ(にっぽんこか・こーら)
2013,ノーマル,2000年以来2度目の選出となった、2012年の「今年の漢字」に選ばれた文字は何でしょう？,金(きん)
2013,ノーマル,「サディズム」の由来となったマルキ・ド・サドはフランス人ですが、「マゾヒズム」の由来となったザッヘル=マゾッホはどこの国の人でしょう？,オーストリア(Austria)
2013,ノーマル,アンリ4世の2番目の妻で、ルーベンスによる24枚の連作絵画にその姿が描かれているのはだれでしょう？,マリー・ド・メディシス(Marie de Médicis)
2013,ノーマル,1936年にドイツ人体育教師カールハンス・クローンがペテカという遊びを元に考案した、羽根のついたボールを手で打ち合うスポーツは何でしょう？,インディアカ
2013,ノーマル,中国野菜の一種で、炒め物やスープの具に用いるエンドウの若い芽を何と言うでしょう？,豆苗(とうみょう)
2013,ノーマル,春の七草で、セリはセリ科ですが、ナズナは何科の植物でしょう？,アブラナ科(あぶらなか)
2013,ノーマル,才能のある人を迎えるために地位の高い人が礼を尽くすことを、中国・三国時代の劉備と諸葛亮の逸話から何というでしょう？,三顧の礼(さんこのれい)
2013,ノーマル,第1回アカデミー作品賞の受賞作は『つばさ』ですが、第1回日本アカデミー作品賞の受賞作は何でしょう？,『幸福(しあわせ)の黄色いハンカチ』(『こうふく(しあわせ)のきいろいはんかち』)
2013,ノーマル,自動車やデジタル家電のCMでよく用いられる、商品の情報を小出しにすることで消費者の注意を引く広告のことを何広告というでしょう？,ティーザー広告(teaser)
2013,ノーマル,昨年2作目が発売された、超高校級の才能を持つ高校生たちが、コロシアイ学園生活を乗り越えて行くといった内容のゲームは何でしょう？,『ダンガンロンパ』
2013,ノーマル,『デンジャラス』『バッド』『スリラー』などのアルバムをヒットさせた今は亡きポップアーティストは誰でしょう？,マイケル・ジャクソン
2013,ノーマル,イラストレーターのみうらじゅんが命名した、「ひこにゃん」や「くまモン」に代表されるゆるいマスコットキャラクターのことを何というでしょう？,ゆるキャラ
2013,ノーマル,1917年、シカゴで開催された会合に招待された団体のひとつからその名をつけた、世界最大の奉仕クラブ組織は何でしょう？,ライオンズクラブ
2013,ノーマル,山口県周南市にある「女子道社」が日本最大のシェアをほこる、神社にかかせない占いの一種といえば何でしょう？,おみくじ
2013,ノーマル,昨年のJFLで優勝し、今年からJ2に昇格した、長崎県をホームとするサッカークラブは何でしょう？,V・ファーレン長崎(V・ふぁーれんながさき)
2013,ノーマル,1985年に『ベストセラー・サマー』でデビューした、松本玲二(まつもと・りょうじ)、角野秀行(かくの・ひでゆき)、春畑道哉(はるはた・みちや)、前田亘輝(まえだ・のぶてる)の4人からなるバンドは何でしょう？,TUBE
2013,ノーマル,日本の気象庁が海洋気象台を置いている4つの都市とは、函館、神戸、長崎とどこでしょう？,舞鶴(まいづる)
2013,ノーマル,江戸幕府が武家を統制するために定めた法令は「武家諸法度」ですが、天皇及び公家に対する関係を確立するために定めた法令は何でしょう？,禁中並公家諸法度(きんちゅうならびにくげしょはっと)
2013,ノーマル,水嶋ヒロ主演によって実写映画化される、執事のセバスチャン・ミカエリスを主人公とする、枢やな(とぼそ・やな)の人気漫画は何でしょう？,『黒執事』(くろしつじ)
2013,ノーマル,1999年のノーベル文学賞を受賞した、『ブリキの太鼓』『猫と鼠』『犬の年』のダンツィヒ三部作で知られるドイツの作家は誰でしょう？,ギュンター・グラス(Günter Grass)
2013,ノーマル,特に小さいものは「ビュート」と呼ばれる、頂上が平坦で周囲が急傾斜である卓状地形のことを何というでしょう？,メサ(Mesa)
2013,ノーマル,東京の国立競技場にある高さ15.21mのポールにその名が冠せられている、日本人初のオリンピック金メダリストは誰でしょう？,織田幹雄(おだみきお)
2013,ノーマル,ディスプレイや照明などに用いられる物理現象「有機EL」のELとは、何という英語の略でしょう？,エレクトロルミネッセンス(Electro Luminescence)
2013,ノーマル,ドイツ語で「仕事」という意味がある、正規雇用ではない短時間労働のことを何というでしょう？,アルバイト(arbeit)
2013,ノーマル,淡路島を囲む3つの海峡とは、「明石海峡」「鳴門海峡」と何海峡でしょう？,紀淡海峡(きたんかいきょう)
2013,ノーマル,韓国では三伏(さんぷく)の日に食べるという習慣がある、鶏肉にもち米や高麗人参などを入れて煮込んだスープ料理は何でしょう？,サムゲタン
2013,ノーマル,岩手県北上市に記念館が建てられている詩人で、童謡『かわいいかくれんぼ』『うれしいひなまつり』等の作詞で知られるのは誰でしょう？,サトウハチロー
2013,ノーマル,ペルシアの脅威に備えるため、紀元前478年にアテナイを中心に結成された軍事同盟の名前は何でしょう？,デロス同盟(でろすどうめい)
2013,ノーマル,俳優のブラッド・ドゥーリフがその声を担当している、ホラー映画『チャイルド・プレイ』に登場する人形の名前は何でしょう？,チャッキー
2013,ノーマル,「風はまだやまず、窓ガラスは雨つぶのために曇りながら、またがたがた鳴りました。」という一文で終わる、宮沢賢治の短編小説は何でしょう？,『風の又三郎』(かぜのまたさぶろう)
2013,ノーマル,飲み物の瓶やSuica等のICカードに適用されている、必要な容器やカードを借りる際に支払う預かり金を何というでしょう？,デポジット
2013,ノーマル,もともとは四季折々の自然や事柄を記した書物のことで、現在では俳句の季語をまとめた書物を指す言葉は何でしょう？,歳時記(さいじき)
2013,ノーマル,ゲーム『おさわり探偵小沢里奈』シリーズに登場する、「んふんふ」と喋る小沢里奈の探偵助手は誰でしょう？,なめこ
2013,ノーマル,友人のバイオリン奏者の名が付けられた、ベートーベン作曲のバイオリンソナタ第9番の題名は何でしょう？,『クロイツェル・ソナタ』
2013,ノーマル,失敗しないように前もって用心することを「転ばぬ先の何」というでしょう？,杖(つえ)
2013,ノーマル,1900年にアーサー・エヴァンズによって発掘された、ギリシャのクレタ島にある青銅時代最大の遺跡は何でしょう？,クノッソス(遺跡)(Κνωσός)(くのっそす(いせき)(Κνωσός))
2013,ノーマル,日本には、ワールドBBC、NO EXCUSE、宮城MAX、千葉ホークスなどの強豪チームがある障害者スポーツといえば何でしょう？,車いすバスケットボール(くるまいすばすけっとぼーる)
2013,ノーマル,木槌で布を打って柔らかくし、つやを出すのに用いる木や石のことを何というでしょう？,砧(きぬた)
2013,ノーマル,日本国憲法第54条によると衆議院が解散した時、解散から何日以内に総選挙を行わないといけないでしょう？,40日(40にち)
2013,ノーマル,中国・明で出版された『算法統宗(さんぽうとうそう)』を日本向けに解説した、吉田光由(よしだ・みつよし)による算術書は何でしょう？,『塵劫記』(じんこうき、じんごうき)
2013,ノーマル,芳香族化合物の二置換体に見られる3つの異性体とは、オルト異性体、メタ異性体と「何異性体」でしょう？,パラ異性体(ぱらいせいからだ)
2013,ノーマル,アメリカ東海岸の大都市を指す「ボズニワッシュ(BosNyWash)」に含まれる三つの都市とは、ボストン、ニューヨークとどこでしょう？,ワシントンD.C.
2013,ノーマル,エッセイ『午前零時の玄米パン』で作家デビューした、小説『かもめ食堂』で知られる女性作家は誰でしょう？,群ようこ(むれ・ようこ)
2013,ノーマル,ベンガル型、アジア型、エルトール型などの種類がある、ビブリオ属に属する病原体の一種は何でしょう？,コレラ菌(これらきん)
2013,ノーマル,昭和14年初場所4日目に双葉山の連勝記録を69でストップさせた、のちの大相撲第37代横綱は誰でしょう？,安藝ノ海節男(あきのうみ・せつお)
2013,ノーマル,芸能人の発言を批評するコラム『テレビ消灯時間』シリーズや、消しゴム版画で知られた、今は亡きコラムニスト・版画家は誰でしょう？,ナンシー関(なんしー・せき)
2013,ノーマル,昨年11月1日に9年ぶりとなる続編が発表された、魔法使いの少女ククリと勇者の少年ニケを主人公とする衛藤ヒロユキの人気漫画は何でしょう？,『魔法陣グルグル』(『まほうじんぐるぐる』)
2013,ノーマル,「1つの重大事故の背後には29の軽微な事故があり、その背景には300の異常が存在する」という労働災害における法則を、導き出した人物から「何の法則」というでしょう？,ハインリッヒの法則(はいんりっひのほうそく)
2013,ノーマル,漢字の「襷(たすき)」の衣へんを木へんに変えると、何という植物になるでしょう？,欅(けやき)
2013,ノーマル,英語では「ストラトスフェア」という、対流圏と中間圏の間にある、オゾン層が存在する大気圏の層は何でしょう？,成層圏(せいそうけん)
2013,ノーマル,1年・12カ月のうち「国民の祝日」が無いのは、6月と何月でしょう？,8月(8がつ)
2013,ノーマル,落語家・初代林家三平の妻は海老名香葉子(えびな・かよこ)ですが、二代目林家三平の妻である女優は誰でしょう？,国分佐智子(こくぶ・さちこ)
2013,ノーマル,ホエールウォッチングにおける見どころの1つとされる、クジラが水面から高くジャンプすることを英語で何というでしょう？,ブリーチ
2013,ノーマル,1990年に新古書販売チェーン「BOOKOFF」の第1号店がオープンした、関東地方にある政令指定都市はどこでしょう？,相模原(さがみはら)
2013,ノーマル,1848年のオーストリア三月革命で失脚した政治家で、1814年から開催されたウィーン会議で議長を務めたことで知られるのは誰でしょう？,クレメンス・フォン・メッテルニヒ(Klemens von Metternich)
2013,ノーマル,雄のサケの腎臓を用いて作られる塩辛のことを、アイヌ語の「腎臓」という意味の言葉から何というでしょう？,めふん
2013,ノーマル,説話集『今昔物語』を構成する三部とは、インドを表す「天竺」、中国を表す「震旦(しんたん)」と、日本を表す何でしょう？,本朝(ほんちょう)
2013,ノーマル,プロボクシングの採点方式では、各ラウンドごとに選手を何点満点で採点するでしょう？,10点(10てん)
2013,ノーマル,横森良造(よこもり・りょうぞう)やcobaが日本の代表的な演奏家として有名な、日本語では「手風琴」という、蛇腹を用いた鍵盤楽器は何でしょう？,アコーディオン
2013,ノーマル,ゴルフでスイングに入る前に行う、クラブヘッドを軽く前後に小刻みに動かす予備動作を何というでしょう？,ワッグル
2013,ノーマル,ペレストロイカの一環としてゴルバチョフが行った情報公開政策のことを、ロシア語で何というでしょう？,グラスノスチ
2013,ノーマル,肝炎などによって血液中にビリルビンが増加し、皮膚などが黄色くなる症状を何というでしょう？,黄疸(おうだん)
2013,ノーマル,行進曲の一つ『星条旗よ永遠なれ』は、何拍子の音楽でしょう？,(2分の)2拍子((2ふんの)2ひょうし)
2013,ノーマル,全人口の約0.5%が使うのみに留まっている、ドイツ語、フランス語、イタリア語と並びスイスの公用語となっている言語は何でしょう？,ロマンシュ語(Rumantsch)
2013,ノーマル,土佐藩主・山内豊信(やまうち・とよしげ)を護衛する五十人組を起源とする、1867年に中岡慎太郎によって組織された軍隊は何でしょう？,陸援隊(りくえんたい)
2013,ノーマル,1995年にクラウス・トイバー/が発表した、六角形のタイルが敷き詰められた島を開拓するボードゲームは何でしょう？,『カタンの開拓者たち』(カタンのかいたくしゃたち)
2013,ノーマル,長谷川伸の戯曲『瞼(まぶた)の母』で、母を探して放浪する主人公の名前は何でしょう？,番場の忠太郎(ばんばのちゅうたろう)
2013,ノーマル,昨年夏の甲子園の対今治西高校戦で、10連続奪三振と1試合22奪三振の新記録を作った桐光学園の投手は誰でしょう？,松井裕樹(まつい・ゆうき)
2013,ノーマル,現在の主なメンバーに松本悠里(まつもと・ゆり)や轟悠(とどろき・ゆう)などがいる、宝塚歌劇団で、5つある組に所属せずどの組にも出演出来る人たちを何というでしょう？,専科(せんか)
2013,ノーマル,フランス南部、エクス=アン=プロヴァンスの東にそびえる標高1011mの山で、ポール・セザンヌが生涯描き続けたことで有名なのは何でしょう？,サント・ヴィクトワール山(montagne Sainte-Victoire)
2013,ノーマル,石鹸のことを、英語では「ソープ」といいますが、ポルトガル語では何というでしょう？,シャボン(sabão)
2013,ノーマル,国土交通省の付属機関で、国土の測量や地形図を作成しているのはどこでしょう？,国土地理院(こくどちりいん)
2013,ノーマル,2億9979万2458分の1秒の間に光が真空中を進む距離を1とする、長さの単位の1つは何でしょう？,m(メートル)
2013,ノーマル,1917年にジョージ5世により改名され、現在まで続いているイギリスの王朝は何でしょう？,ウィンザー朝(Windsor Dynasty)
2013,ノーマル,2002年には島谷ひとみ(しまたに・-)がカバーした、1968年にヴィレッジ・シンガーズがリリースした5枚目のシングル曲といえば何でしょう？,『亜麻色の髪の乙女』(『あまいろのかみのおとめ』)
2013,ノーマル,フジテレビが提供する3つのCS放送とは、「フジテレビONE」「フジテレビTWO」と何でしょう？,フジテレビNEXT
2013,ノーマル,掟を破った者に対して、師匠が師弟関係を断ち、門人から追放することを、「門」という字を使った2字熟語で何というでしょう？,破門(はもん)
2013,ノーマル,もともとは実力を隠して大金を巻き上げるギャンブラーのことを指す言葉で、日本ではビリヤードのプレーヤーの呼称として使われているのは何でしょう？,ハスラー
2013,ノーマル,エクメーネとアネクメーネのうち、地球の地表面積をより多く占めるのはどちらでしょう？,エクメーネ
2013,ノーマル,Rh式血液型の語源となった、オナガザル科のサルは何でしょう？,アカゲザル※英語名の「リーサス・モンキー」(rhesus monkey)も○。(あかげざる※えいごめいの「りーさす・もんきー」(rhesus monkey)も○。)
2013,ノーマル,お餅を作る時に使う「もち米」に対して、一般的にごはんとして食べているお米を「何米」というでしょう？,うるち米(うるちこめ)
2013,ノーマル,江戸時代以前は、「測量台」「司天台(してんだい)」「観象台(かんしょうだい)」などと呼ばれていた、現代にもある施設は何でしょう？,天文台(てんもんだい)
2013,ノーマル,大学や研究所が、研究論文を記載して定期的に刊行する出版物のことを何というでしょう？,紀要(きよう)
2013,ノーマル,琴の演奏家・宮城道雄が学んだ琴の流派は何流でしょう？,生田流(いくたりゅう)
2013,ノーマル,ヒッチコックによって映画化された『レベッカ』や『鳥』などの作品で知られるイギリスの女流作家は誰でしょう？,ダフネ・デュ=モーリア(デュ=モーリエ)
2013,ノーマル,"長野県の上高地の名所の一つである,ある架空の生き物の名がついた梓川に架かる橋は何でしょう？",河童橋(かっぱばし)
2013,ノーマル,「デオデオ」「エイデン」「ミドリ」「イシマル」のブランドが統合して誕生した、業界3位の売上高を持つ家電量販チェーンは何でしょう？,エディオン
2013,ノーマル,終盤の逆転の基礎になることから、ボウリングで、第9フレームでストライクを取ることを何というでしょう？,ファウンデーション(foundation)
2013,ノーマル,アルファベット1文字で表される元素記号のうち最も原子番号が小さいものは水素ですが、最も原子番号が大きいものは何でしょう？,ウラン
2013,ノーマル,ポルトガル語で「ムガール帝国」を指す言葉を語源とする、飾りつけに用いられるキラキラした紐を何というでしょう？,モール
2013,ノーマル,映画やテレビの撮影のために、屋外に作った本物そっくりの街や建物のことを、和製英語で何というでしょう？,オープンセット
2013,ノーマル,ローマ神話に登場する前後2つの顔をもつ神で、/1月の英語名「January」の語源となっているのは何でしょう？,Janus(ヤヌス),一方の顔で過去を、もう一方の顔で未来を見つめているらしい。
2013,ノーマル,「兄」「先」「光」という漢字に共通する部首は何でしょう？,にんにょう
2013,ノーマル,地図の「四色問題」を数学上の問題として初めて提出したドイツの数学者で、裏表のない帯にその名を残しているのは誰でしょう？,アウグスト・フェルディナンド・メビウス
2013,ノーマル,「死者の大通り」を中心に、太陽と月の2つの巨大ピラミッドが残る、メキシコシティの北東にある都市遺跡はどこでしょう？,テオティワカン(Teotihuacan)
2013,ノーマル,アルモンドの王子・ゴローが弟と妻の関係を知って嫉妬に狂うという内容の、ドビュッシー作曲の唯一のオペラの題名は何でしょう？,『ペレアスとメリザンド』
2013,ノーマル,日本語では「集団訴訟」と訳される、被害者が多数いる事件のとき、一部の被害者が全体を代表して訴訟を起こすことを英語で何というでしょう？,クラス・アクション
2013,ノーマル,昨シーズン限りでF1からの2度目の引退を表明した、史上最多の91勝、7度のワールドチャンピオンに輝いたドイツ人レーサーは誰でしょう？,ミハエル・シューマッハー
2013,ノーマル,伊勢神宮では今年第62回が開催される、社殿を新しいものに造りかえ御神体を移す行事を何というでしょう？,式年遷宮(しきねんせんぐう)
2013,ノーマル,今年(2013年)の大河ドラマ『八重の桜』で、八重の夫、新島襄を演じる俳優は誰でしょう？,オダギリジョー
2013,ノーマル,バイエルン王国の貴族のために考案されたことから、フランス語で「バイエルンの」という意味の名前が付いたスイーツは何でしょう？,ババロア(Bavarois)
2013,ノーマル,映画『ブレードランナー』の原作となった、フィリップ・K・ディックのSF小説は何でしょう？,『アンドロイドは電気羊の夢を見るか?』(Do Androids Dreamof Electric Sheep?)
2013,ノーマル,オスカー・ココシュカ、エゴン・シーレ、グスタフ・クリムトと言えば、どこの国の芸術家でしょう？,オーストリア共和国(おーすとりあきょうわこく)
2013,ノーマル,人間が息を最大限吸い込んだあとに肺から吐き出せる空気量のことを、漢字3文字で何というでしょう？,肺活量(はいかつりょう)
2013,ノーマル,元素のタリウムの発見者でもあるイギリスの物理学者で、真空放電管の一種にもその名を残すのは誰でしょう？,ウィリアム・クルックス
2013,ノーマル,昨年10月、帰宅途中でタクシーにはねられ76歳で死亡した、映画『キャタピラー』『千年の愉楽(ゆらく)』などの作品がある監督は誰でしょう？,若松孝二(わかまつ・こうじ)
2013,ノーマル,輸出用のものにかけられたワックスの色から日本では赤玉と呼ばれることもある、オランダ原産のチーズの一種は何でしょう？,エダムチーズ(Edam cheese)
2013,ノーマル,小説『お目出たき人』『友情』『人間万歳』などで知られる、白樺派の作家は誰でしょう？,武者小路実篤(むしゃのこうじ・さねあつ)
2013,ノーマル,1872年に日本で初めて鉄道が開通したのは、何駅と何駅との間でしょう？,新橋駅と横浜駅(しんばしえきとよこはまえき)
2013,ノーマル,英語で「息をふさぐもの」/という意味がある、ネックレスの中でも特に短く、ぴったりと首周りにつける形のものを何というでしょう？,チョーカー
2013,ノーマル,島原の乱や慶安の変を鎮圧し「知恵伊豆」と呼ばれた、江戸時代の政治家は誰でしょう？,松平信綱(まつだいら・のぶつな)
2013,ノーマル,屋根の両端を高くして火災を防ぐために造られた防火壁のことで、出世できないときにあがらないといわれるのは何でしょう？,うだつ
2013,ノーマル,童謡「あわて床屋」の中で、床屋に行ったお客である動物は何でしょう？,ウサギ
2013,ノーマル,2000年から2008年まで大統領を務め、昨年3月の大統領選で再び当選した、第4代ロシア連邦大統領は誰でしょう？,ウラジーミル・ウラジーミロヴィチ・プーチン
2013,ノーマル,料理のレシピなどで見かける単位「cc」とは、何という言葉を略したものでしょう？,キュービック・センチメートル(cubic centimetre)
2013,ノーマル,メジャーリーグのニューヨークヤンキースとニューヨークメッツの対戦のことを、ある乗り物を使って何というでしょう？,サブウェイシリーズ
2013,ノーマル,ルイ15世の財務大臣を務めた人物で、節約のため肖像画を塗りつぶさせたことから、影絵の呼び名に名を残すのはだれでしょう？,エティエンヌ・ド・シルエット
2013,ノーマル,赤い目のルビーや青い目のサフィーなどのキャラクターがいる、宝石の目を持ったサンリオのキャラクターは何でしょう？,ジュエルペット
2013,ノーマル,航海の難所としても知られる、南アメリカ大陸南端とフエゴ島を隔てる海峡は何でしょう？,マゼラン海峡(Strait of Magellan)
2013,ノーマル,能力や地位が高くなるほど謙虚になることを例えるときに、「実るほど頭を垂れる」といわれるものは何でしょう？,稲穂(いなほ)
2013,ノーマル,歌舞伎の舞台に設けられたセリの中でも、特に花道にあるもののことを、ある生き物の名前をとって何というでしょう？,すっぽん
2013,ノーマル,現行の祝日法で「国民の休日」が発生する可能性のある唯一の月は何月でしょう？,9月(9がつ)
2013,ノーマル,昨年(2012年)亡くなったラヴィ・シャンカールがその第一人者といわれる、17から20本の弦からなるインドの民族楽器は何でしょう？,シタール(Sitar、सतार)
2013,ノーマル,「お寺」「こめかみ」「めがねのツル」といえば、共通する英単語は何でしょう？,テンプル(temple)
2013,ノーマル,万葉集には62首が収められている、五七七五七七の38音で構成される形式の歌を何というでしょう？,旋頭歌(せどうか)
2013,ノーマル,「ブラジル国民の誇り」という意味がある、2014年FIFAワールドカップ、ブラジル大会の公式試合球の名前は何でしょう？,ブラズーカ(brazuca)
2013,ノーマル,実写版ではその役を山田涼介、亀梨和也、松本潤、堂本剛らが演じた、名探偵・耕助の孫という設定の、漫画『金田一少年の事件簿』の主人公は誰でしょう？,金田一一(きんだいち・はじめ)
2013,ノーマル,1961年、ヤマサ研究所の国中明(くになか・あきら)によって、椎茸に含まれるうまみ成分であることが解明された化学物質は何でしょう？,グアニル酸(ぐあにるさん)
2013,ノーマル,日本最北端の稚内市とは友好都市/の関係にある、日本最南端の市はどこでしょう？,石垣(いしがき)
2013,ノーマル,現在は「+(プラス)」から「++++(フォープラス)」まで4段階の表示がある、SPFと共に日焼け止めの商品に表示されている指標は何でしょう？,PA(Protection Grade of UVA)
2013,ノーマル,『さくらん』『ヘルタースケルター』などの映画で監督も務めた、父に演出家の幸雄を持つ女性写真家は誰でしょう？,蜷川実花(にながわ・みか)
2013,ノーマル,山口素堂(やまぐちそどう)の「目には青葉山ほととぎす初鰹」のように、一つの俳句の中に二つ以上の季語を入れることを何というでしょう？,季重なり(きがさなり)
2013,ノーマル,昨年10月に87歳で亡くなった、『犬神家の一族』『影武者』などの映画で主演し、劇団民芸の代表として活躍した俳優は誰でしょう？,大滝秀治(おおたき・ひでじ)
2013,ノーマル,山中伸弥らがノーベル生理学・医学賞を受賞する理由となった、正式には「人工多能性幹細胞」という細胞を、アルファベット3文字で「何細胞」というでしょう？,iPS細胞(iPSさいぼう)
2013,ノーマル,「運動」や「方向」の後にも共通してつくことがある、「大脳の先天的音楽機能不全」の状態を表す漢字2文字の言葉は何でしょう？,音痴(おんち)
2013,ノーマル,1297年、鎌倉幕府が生活に苦しむ御家人を救う為に、全ての借金を帳消しにした法令のことを、その元号から何というでしょう？,永仁の徳政令(えいにんのとくせいれい)
2013,ノーマル,レスリー大学、マサチューセッツ工科大学、ハーバード大学があるアメリカの都市はどこでしょう？,ケンブリッジ
2013,ノーマル,1861年に日本で初めてのボウリング場「インターナショナル・ボウリング・サロン」がオープンしたのは現在の何市でしょう？,長崎(ながさき)
2013,ノーマル,南米の国の中で、唯一英語を公用語にしているのはどこでしょう？,ガイアナ共和国(republic of Guyana)
2013,ノーマル,「タマキビ」や「ナンバンキビ」などの別名を持つ、世界三大穀物のひとつは何でしょう？,とうもろこし
2013,ノーマル,音響機器で、「マイク」は「マイクロフォン」の略ですが、「アンプ」は何という言葉の略でしょう？,アンプリファイア(amplifier)
2013,ノーマル,体の一部が結合して誕生した双子のことを、あるアジアの国の古い名前を用いて「何双生児」というでしょう？,シャム双生児(しゃむそうせいじ)
2013,ノーマル,1910年に、明治天皇暗殺/を計画したとして幸徳秋水ら社会主義者が死刑に処された事件のことを、一般に「何事件」というでしょう？,大逆事件(たいぎゃく),
2013,ノーマル,3月11日に起きた大震災後の杜王町を舞台としている、『ジョジョの奇妙な冒険』第8部にあたる荒木飛呂彦の漫画は何でしょう？,『ジョジョリオン』
2013,ノーマル,インドやネパールなどで飲まれている、なべに紅茶の茶葉を入れミルクで煮出したスパイス入りのミルクティーを何というでしょう？,チャイ
2013,ノーマル,荷物を積んだトレーラーを貨物列車に載せて運ぶ輸送方法のことを、「豚の背中」という意味の英語で何というでしょう？,ピギーバック
2013,ノーマル,電話番号を特定するために携帯電話に挿入する、契約者情報を記録したICカードのことを、アルファベット3文字で何というでしょう？,SIM(シム)カード
2013,ノーマル,戦後派を代表する作家で、『崩壊感覚』『暗い絵』『真空地帯』などの作品で知られるのは誰でしょう？,野間宏(のま・ひろし)
2013,ノーマル,東北地方にある市で、白河(しらかわ)市があるのは福島県ですが、白石(しろいし)市があるのは何県でしょう？,宮城(みやぎ)
2013,ノーマル,アルファベット2文字で「QS」と表される野球の評価指標で、6イニング以上を自責点3点以内で抑えた先発投手に記録されるのは何でしょう？,クオリティ・スタート
2013,ノーマル,娘の麗子を描いた一連の作品で有名な、斎藤与里(さいとう・より)らと共に「フュウザン会」を結成したことでも知られる日本の洋画家は誰でしょう？,岸田劉生(きしだ・りゅうせい)
2013,ノーマル,消費者庁の基準による「カロリーゼロ」や「ノンカロリー」とは、100mlあたり何キロカロリー未満のことでしょう？,5キロカロリー
2013,ノーマル,昨年(2012年)の国連総会をもって、「オブザーバー組織」から「オブザーバー国家」に格上げされた、中心都市をエルサレムに置く中東の地域はどこでしょう？,パレスチナ自治政(Palestinian Authority、PA)
2013,ノーマル,車の停止距離のうち、ブレーキが効き始めてから車が完全に止まるまでの距離のことを何というでしょう？,制動距離(せいどうきょり)
2013,ノーマル,元々は牧羊犬だったためその名前にはドイツ語で「羊飼い」という意味がある、現在では軍用犬や警察犬としてよく用いられる犬の品種は何でしょう？,シェパード(shepherd)
2013,ノーマル,プロレスで、コーナーポスト上の相手に対して、自分もポストに登ってかける技のことを「何式」というでしょう？,雪崩式(なだれしき)
2013,ノーマル,710年に藤原京から平城京へと遷都させた、日本の第43代天皇は誰でしょう？,元明天皇(げんめいてんのう)
2013,ノーマル,お笑いトリオ・ダチョウ倶楽部のメンバーといえば、上島竜兵、寺門ジモンと誰でしょう？,肥後克広(ひご・かつひろ)
2013,ノーマル,日本語では「対話集会」などと訳される、政治家などが各地に出向き、住民と意見交換を行うことを何というでしょう？,タウン・ミーティング(town meeting)
2013,ノーマル,過去の日本レコード大賞受賞曲のうち、タイトルが漢字2文字で表される4曲とは、『霧氷』、『喝采』、『夜空』とあとひとつは何でしょう？,『一剣』(いっけん)
2013,ノーマル,ABCショップで女性記者ポリー・バートンに謎解きを聞かせる、バロネス・オルツィが生んだ名探偵は誰でしょう？,隅の老人(すみのろうじん)
2013,ノーマル,外来魚として知られるブルーギルとブラックバスは、共に何科の魚でしょう？,サンフィッシュ科(さんふぃっしゅか)
2013,ノーマル,ヒロインの卯野め以子(うの・めいこ)を杏が演じる、今年の下半期から始まる朝の連続テレビ小説のタイトルは何でしょう？,『ごちそうさん』
2013,ノーマル,支店名には「あか」「あお」などの色の名前が使われている、KDDIと三菱東京UFJ銀行が出資している銀行は「何銀行」でしょう？,じぶん銀行(じぶんぎんこう)
2013,ノーマル,合計51.5kmの「オリンピックディスタンス」、合計226kmの「アイアンマン・ディスタンス」などで競われる競技は何でしょう？,トライアスロン
2013,ノーマル,国鉄時代の昭和60年に販売が開始され、今月(2013年3月)31日に終了する、JR各社で利用できるプリペイドカードを、ある色を使って「何カード」というでしょう？,オレンジカード
2013,ノーマル,後に俵万智による現代語訳が「チョコレート語訳」として発行された、与謝野晶子の処女歌集は何でしょう？,『みだれ髪』(みだれがみ)
2013,ノーマル,『うちの裏庭にはお断り』を意味する英語の略である、原子力発電所の建設計画のなどの際に、反対派が取る態度を指す言葉は何でしょう？,NIMBY(ニンビー)
2013,ノーマル,トレーディングカードに使われる、傷防止用の袋のことを英語で何というでしょう？,(カード)スリーブ
2013,ノーマル,"地球上で一番高い山はエベレストですが、太陽系で一番高い、火星にある標高約27,000mの山は何でしょう？",オリンポス山(おりんぽすやま)
2013,ノーマル,ベル・ヘリコプターとボーイング・ロータークラフトシステムズが共同開発した、V-22型軍用輸送機のことを一般に何というでしょう？,オスプレイ
2013,ノーマル,那須御用邸は那須町(なすまち)、葉山御用邸は葉山町(はやままち)にありますが、須崎(すざき)御用邸はどこの市町村にあるでしょう？,下田(しもだ)
2013,ノーマル,本名をエーリッヒ・ヴァイスという、「脱出王」の異名をもつアメリカの奇術師は誰でしょう？,ハリー・フーディーニ
2013,ノーマル,郷土料理のポッポ焼き、笹だんご、へぎそばといえば、いずれもどこの都道府県の名物でしょう？,新潟(にいがた)
2013,ノーマル,大勢の人が集まって混雑していることを、ある鳥が列をなして木にとまっている様子から「何押し」というでしょう？,目白押し(めじろおしし)
2013,ノーマル,「理想気体の体積は絶対温度に比例する」という化学の法則を、発見したフランスの科学者の名前から何の法則というでしょう？,シャルルの法則(しゃるるのほうそく)
2013,ノーマル,毎年夏のフジ・ロック・フェスティバルの会場としても知られる、世界最長のゴンドラである「ドラゴンドラ」が有名な新潟県のスキー場はどこでしょう？,苗場スキー場(なえばすきーば)
2013,ノーマル,ビジュアル系バンド「jealkb(ジュアルケービー)」ではボーカルのhaderu(ハデル)をつとめる、ロンドンブーツ1号2号のメンバーは誰でしょう？,田村淳(たむら・あつし)
2013,ノーマル,「晴れ晴れとさせる」という意味の古語からその名がつけられた、2014年春に開業すると日本一の高さとなるビルは何でしょう？,あべのハルカス
2013,ノーマル,コーヒーに浮かべたミルクや泡を利用して描かれた模様や、その技術のことを何というでしょう？,ラテアート(latte art)
2013,ノーマル,戦国の世に生まれた三姉妹、茶々、初、江の父親である、北近江を治めた戦国武将は誰でしょう？,浅井長政(あざい・ながまさ)
2013,ノーマル,副題を「主人公のいない小説」という、19世紀のロンドンを舞台とするウィリアム・メイクピース・サッカレーの小説は何でしょう？,『虚栄の市』(きょえいのいち)
2013,ノーマル,その島の数が365個/であることからその名がつけられた、アメリカ・メーン州のカスコー湾にある諸島は何でしょう？,カレンダー諸島(カレンダー)
2013,ノーマル,作品には時系列順に「ケッヘル番号」が付けられている、オーストリアの作曲家は誰でしょう？,ヴォルフガング・アマデウス・モーツァルト
2013,ノーマル,数学で、ある数との積が1となる数のことを、その数の「何数」というでしょう？,逆数(ぎゃくすう)
2013,ノーマル,漢字では金偏に舌/と書く、主に魚貝類などを突き刺し捕獲する際に用いられる漁具と言えば何でしょう？,銛(もり)
2013,ノーマル,1974年にウォーターゲート事件により任期途中で辞職した、アメリカ第37代大統領は誰でしょう？,リチャード・ミルハウス・ニクソン(Richard Milhous Nixon)
2013,ノーマル,多くの大学で行われているミスコンテストで、優勝者が「ミス・ソフィア」といえば、どこの大学のものでしょう？,上智大学(じょうちだいがく)
2013,ノーマル,古代ローマの政治家の名に由来する、企業が社会貢献等を目的に文化・芸術活動を支援することをフランス語で何というでしょう？,メセナ
2013,ノーマル,平泳ぎが下手な人がよくやってしまう、水を足の甲の側で蹴ってしまう動作を何というでしょう？,あおり足(あおりあし)
2013,ノーマル,代表作に、野球を題材とした『クロカン』『砂の栄冠』や、阿部寛主演でドラマ化された『ドラゴン桜』がある漫画家は誰でしょう？,三田紀房(みた・のりふさ)
2013,ノーマル,必要な面積だけ森林を焼き払い、その灰を肥料にして作物を作る農業の形態を、何農業というでしょう？,焼畑農業(やきはたのうぎょう)
2013,ノーマル,正式名称を「上腕骨外側上顆炎」という、肘の腱の炎症により発生する痛みのことを、あるスポーツの名前を使って何というでしょう？,テニス肘(てにすひじ)
2013,ノーマル,1925年に制定施行された、主に共産主義とつながった破壊的な活動を取り締まることを目的とした法律は何でしょう？,治安維持法(ちあんいじほう)
2013,ノーマル,昨年は日本からアヴェンティーノとオルフェーヴルの2頭が出走した、毎年10月にロンシャン競馬場で行なわれるフランスのGIレースは何でしょう？,凱旋門賞(がいせんもんしょう)
2013,ノーマル,本名を松岡克由(まつおか・かつよし)という、日本テレビ系列の長寿番組『笑点』の初代司会者を務めた、今は亡き落語家は誰でしょう？,(7代目)立川談志(たてかわ・だんし)((7だいめ)たちかわだんし(たてかわ・だんし))
2013,ノーマル,ドイツ料理の一種・アイスバインとは、どんな動物の足を煮込んだものでしょう？,豚(ぶた)
2013,ノーマル,英語で財布を表記した際、小銭入れをpurseと言いますが、札入れを何というでしょう？,wallet
2013,ノーマル,アメリカで要人の警護などを担当するシークレットサービスは、何省に属する行政組織でしょう？,国土安全保障省(こくどあんぜんほしょう)
2013,ノーマル,いろは歌47文字のうち、1番最後の文字は何でしょう？,ず
2013,ノーマル,昨年公開の映画『BRAVE HEARTS海猿』の主題歌『ビリーヴ』を歌った、マレーシア生まれの歌手は誰でしょう？,シェネル(Che'Nelle Cheryline Lim)
2013,ノーマル,日本の宇宙開発の研究機関である「独立行政法人・宇宙航空開発研究機構」/のアルファベット4文字での略称は何でしょう？,JAXA
2013,ノーマル,本の文章に直接表現されていない内容を読み取ることを、文字の書かれていない場所を取って「何を読む」というでしょう？,行間(を読む)
2013,ノーマル,木更津のあるお寺に伝わる伝説を基にして、野口雨情が作詞した童謡は何でしょう？,『証誠寺のたぬきばやし』(『しょうしょうてらのたぬきばやし』)
2013,ノーマル,飛行機に乗る際に預けた荷物が目的地に届かないことを英語で何というでしょう？,ロストバゲージ
2013,ノーマル,昨年6月に声優の田中理恵と結婚した、ドナルドダックの声優や、テレビ東京の番組『おはスタ』のMCを務めるタレントは誰でしょう？,山寺宏一(やまでら・こういち)
2013,ノーマル,高校野球で、一昨年の夏、昨年の春、夏と、3大会連続で全国準優勝に終わっている青森県にある高校はどこでしょう？,光星学院高等学校(こうせいがくいん)
2013,ノーマル,1987年にロバート・ガスキンスによって開発された、プレゼンテーション資料の作成ソフトとして人気のパソコン用ソフトウェアは何でしょう？,PowerPoint(パワーポイント)
2013,ノーマル,イタリア料理で使われる「バルサミコ酢」は、どんな果物を発酵させてつくられるお酢でしょう？,ブドウ
2013,ノーマル,息子の王献之と共に二王と称された、代表作『蘭亭序』で知られる中国・東晋の書家は誰でしょう？,王羲之(おう・ぎし)
2013,ノーマル,故郷の北海道旭川市に記念文学館がある女性作家で、『塩狩峠』『氷点』などの作品で知られるのは誰でしょう？,三浦綾子(みうら・あやこ)
2013,ノーマル,文語文法における4種類の変格活用といえば、カ行変格活用、サ行変格活用、ナ行変格活用と、あと1つは何でしょう？,ラ行変格活用(らぎょうへんかくかつよう)
2013,ノーマル,昨年、十段・本因坊・碁聖のタイトルを獲得した囲碁棋士は誰でしょう？,井山裕太(いやま・ゆうた)
2013,ノーマル,ラテン語で、先天的なことを「ア・プリオリ」というのに対し、後天的なことを何というでしょう？,ア・ポステリオリ(アポステリオリ)
2013,ノーマル,1968年のグルノーブル冬季五輪を描いた、クロード・ルルーシュ監督の記録映画のタイトルは何でしょう？,『白い恋人たち』(『しろいこいびとたち』)
2013,ノーマル,リーマンショックにおけるインディマック連邦銀行など、経営が破綻した際に一時的に銀行業務を請け負う受け皿となる銀行を何というでしょう？,ブリッジバンク※「承継銀行」も○。(ぶりっじばんく※「しょうけいぎんこう」も○。)
2013,ノーマル,ガラパゴス諸島でもっとも面積の大きい島に名を残す、コロンブスの大西洋航海を支援したことで知られる当時のスペインの女王は誰でしょう？,イザベル1世(Isabel I de Castilla)
2013,ノーマル,かつて吉川晃司とともに「COMPLEX」というグループを組んでいたギタリストは誰でしょう？,布袋寅泰(ほてい・ともやす)
2013,ノーマル,自転車の漕ぎ方で、サドルに座って漕ぐことをシッティングというのに対し、サドルから腰を浮かせて漕ぐ立ち漕ぎのことを何というでしょう？,ダンシング(dancing)
2013,ノーマル,青森県で最も面積が広い市で、1960年には日本初のひらがな表記の市となったのはどこでしょう？,むつ
2013,ノーマル,「3次元代数多様体の極小モデルの存在証明」などの業績によって、1990年に日本人として3人目のフィールズ賞受賞者となった数学者は誰でしょう？,森重文(もり・しげふみ)
2013,ノーマル,平安時代に息子の頼通と共に、摂関政治の全盛期を築き栄華を極めた貴族は誰でしょう？,藤原道長(ふじわらの・みちなが)
2013,ノーマル,かつて哀川翔や柳葉敏郎が所属していたパフォーマンスグループは何でしょう？,一世風靡セピア(いっせいふうびせぴあ)
2013,ノーマル,現在、芥川賞と直木賞の受賞者が正賞としてもらえる賞品は何でしょう？,懐中時計(かいちゅうどけい)
2013,ノーマル,小さいオスが大きいメスの上に乗っている姿から名前がつけられた、バッタの種類は何でしょう？,オンブバッタ
2013,ノーマル,アメリカ独立戦争時にはイギリス海軍大臣を務めた伯爵で、パンに肉や野菜を挟んだ食べ物にその名を残すのは誰でしょう？,サンドウィッチ伯爵(Sandwich)
2013,ノーマル,国際規定において、羽根の数は16枚と決められている、バドミントンで打ち合うものは何でしょう？,シャトルコック
2013,ノーマル,楽しい謝肉祭を背景に主人公である人形の恋と悲劇を描いた、ストラヴィンスキーの3大バレエ曲の1つは何でしょう？,『ペトルーシュカ』
2013,ノーマル,スコットランド北部にあるイギリス最大の淡水湖で、かつて未確認生物の｢ネッシー」が住むといわれていたのは何でしょう？,ネス湖(Loch Ness)
2013,ノーマル,サツマイモやジャガイモのように、米や麦が凶作の時でも一定の収穫が見込め、主食の代用となる作物のことを何というでしょう？,救荒作物(きゅうこうさくもつ)
2013,ノーマル,僧侶が再び俗人に戻ることを漢字二文字で何というでしょう？,還俗(げんぞく、かんぞく)
2013,ノーマル,昨年タイで開かれたフットサルのワールドカップで日本代表に選出された、「キング」の愛称で知られるサッカー選手は誰でしょう？,三浦知良(みうら・かずよし)
2013,ノーマル,大工が釘などを入れる、ポケット付きの腹掛けのことを、ある食器にたとえて何というでしょう？,どんぶり
2013,ノーマル,ファンの間では「金爆(きんばく)」と呼ばれている、『まさし』『かっこいいな英語って』『女々しくて』などのユニークな曲で注目を集めているエアバンドは何でしょう？,ゴールデンボンバー
2013,ノーマル,戦後のイギリスにおける社会保障政策の礎となった、正式名称を「社会保険及び関連サービス」と言う報告書の事を、発表した経済学者の名前から何というでしょう？,ベヴァリッジ報告(Beveridge Report)
2013,ノーマル,コンピュータの五大装置のうち、マウスやキーボードはどれに該当するでしょう？,入力装置※「インプット」もおまけで○。(にゅうりょくそうち※「いんぷっと」もおまけで○。)
2013,ノーマル,化学反応において、順方向の反応と逆方向との反応速度が等しくなり、見かけ上化学反応が止まっているように見える状態を何というでしょう？,(化学)平衡((かがく)へいこう)
2013,ノーマル,明治維新の頃に流行った都都逸で、「ザンギリ頭を叩いてみれば」何の音がする、と続くでしょう？,文明開化(ぶんめいかいか)
2013,ノーマル,3つの四字熟語「一石二鳥」、「三寒四温」、「五里霧中」に出てくる漢数字を合計するといくつになるでしょう？,「15」
2013,ノーマル,東海道五十三次で、大井川をはさんで両岸(ぎし)にあった宿場とは島田とどこでしょう？,金谷(かなや)
2013,ノーマル,悪魔の鏡のかけらが刺さりさらわれた少年・カイを、幼馴染の少女・ゲルダが救い出すという内容の、アンデルセン童話は何でしょう？,『雪の女王』(Sneedronningen)
2013,ノーマル,アクルックスとベクルックスという2つの一等星を持つ、全天88星座の中で最も面積が小さい星座は何でしょう？,南十字座(みなみじゅうじざ)
2013,ノーマル,ヨーロッパでは「スリミ」と呼ばれ親しまれている、かにの見た目と食感に似せたかまぼこの一種のことを、一般に何というでしょう？,かにかま
2013,ノーマル,1990年のアジア競技大会から正式種目となっている、インドとバングラデシュの国技であるスポーツは何でしょう？,カバディ
2013,ノーマル,ニューヨークにある「自由の女神像」の作者として有名なフランス人彫刻家は誰でしょう？,フレデリック・オーギュスト・バルトルディ(Frédéric Auguste Bartholdi)
2013,ノーマル,北をヒューロン湖、南をエリー湖に挟まれていることからフランス語で「海峡」という意味があるアメリカの都市はどこでしょう？,デトロイト(Detroit)
2013,ノーマル,今年(2013年)、生誕100周年を迎えるフランスの映画監督で、代表作『太陽がいっぱい』『禁じられた遊び』で知られるのは誰でしょう？,ルネ・クレマン
2013,ノーマル,約3億年前から2億5000万年前までの時期を指す、古生代の最後に当たる地質時代の区分は何でしょう？,ペルム紀※「二畳紀」も○。(ぺるむき※「にたたみき」も○。)
2013,ノーマル,来年、2014年の歌会始のお題は何でしょう？,静(せい)
2013,ノーマル,お菓子メーカー「湖池屋」の「湖」とは、どこの湖のことを指しているでしょう？,諏訪湖(すわみずうみ)
2013,ノーマル,孔子が『易経』をとじひもが3回切れるほど読んだという故事に由来する、本を熟読することを指す四字熟語は何でしょう？,韋編三絶(いへんさんぜつ)
2013,ノーマル,イギリス陸海軍に正式採用されたトレンチコートなどが有名な、イギリス王室御用達の衣料品ブランドは何でしょう？,バーバリー(Burberry)
2013,ノーマル,一般に「日米外相会談」と言った場合、日本から出席するのは外務大臣ですが、アメリカから出席するのはどの閣僚でしょう？,国務長官(Secretary of State)
2013,ノーマル,ゴルフクラブの略称で、「PW」はピッチング・ウエッジ、「SW」はサンド・ウエッジですが、「AW」は何ウエッジでしょう？,アプローチ・ウエッジ(approach wedge)
2013,ノーマル,「千早振る神代も聞かず竜田川唐紅に水くくるとは」という歌を詠んだ、平安時代の歌人は誰でしょう？,在原業平(ありわらの・なりひら)
2013,ノーマル,お笑いコンビの持ちネタで、「ラララライ体操」といえば藤崎マーケットですが、「あたりまえ体操」といえば何というコンビのネタでしょう？,COWCOW(カウカウ)
2013,ノーマル,炭水化物を構成する3種類の元素は、炭素と水素と何でしょう？,酸素(さんそ)
2013,ノーマル,おもにラテン音楽で用いられる、中をくりぬいたヒョウタンの外側に刻みを入れ、棒でこすって音を出す打楽器は何でしょう？,ギロ、グィロ(guiro)
2013,ノーマル,中国唐の時代の永徽律令(えいきりつりょう)を参考にして作られたと考えられている、701年に藤原不比等らが中心となって制定された法典は何でしょう？,大宝律令(たいほうりつりょう)
2013,ノーマル,博士号を持っていたことから「ドクター」の愛称で呼ばれた、1950年にF1世界選手権の初代チャンピオンとなったイタリアのドライバーは誰でしょう？,ジュゼッペ・ファリーナ(Giuseppe Farina)
2013,ノーマル,昨年開業30周年を迎えた、東京駅と新潟駅を結ぶ新幹線路線は何でしょう？,上越新幹線(じょうえつしんかんせん)
2013,ノーマル,城を攻める時などに、敵の食糧補給路を断って極力武力を用いないで降参させようとする戦法を何攻めというでしょう？,兵糧(ひょうろう)攻め(ひょうろう(ひょうろう)せめ)
2013,ノーマル,ギリシャ神話のゼウスと同一視される、ローマ神話の最高神は誰でしょう？,ジュピター(Jupiter)
2013,ノーマル,1955年に崔泓熙(チェ・ホンヒ)が空手をもとに創始した、蹴り技を主体とする韓国の格闘技は何でしょう？,テコンドー
2013,ノーマル,「ボンジョルノ」「イタリアンフルーツ」「ベッキオホワイト」などの食器で知られる、イタリアの人気陶磁器ブランドは何でしょう？,リチャード・ジノリ(Richard Ginori)
2013,ノーマル,スキャナを使って手持ちの本を電子ファイル化することと、自分で食材を調理して食事をとることに、共通する言葉は何でしょう？,自炊(じすい)
2013,ノーマル,種の保存や品種改良のため、植物の種子や動物の精子を収集し保存する機関のことを何というでしょう？,ジーンバンク
2013,ノーマル,アウステルリッツの戦いでの勝利を祝してナポレオン1世が建築を命じた、エトワール広場に立つパリの名所といえば何でしょう？,凱旋門(がいせんもん)
2013,ノーマル,朝日放送のアナウンサーを経て、『Mr.サンデー』や『情報ライブ・ミヤネ屋』のメインキャスターとして活躍するフリーアナウンサーは誰でしょう？,宮根誠司(みやね・せいじ)
2013,ノーマル,原子炉で使用される燃料棒の材料となる、ウランやプルトニウムの粉末を小さく焼き固めたもののことを英語で何というでしょう？,ペレット(pellet)※「燃料ペレット」も○。(ぺれっと(pellet)※「ねんりょうぺれっと」も○。)
2013,ノーマル,本筮法(ほんぜいほう)、中筮法(ちゅうぜいほう)、略筮法(りゃくぜいほう)などの使い方がある、占いで使われる50本の細い竹の棒は何でしょう？,筮竹(ぜいちく)
2013,ノーマル,相馬御風作詞の童謡『春よ来い』で、「赤い鼻緒のじょじょ履いて」と歌われている女の子の名前は何でしょう？,みいちゃん
2013,ノーマル,アロマセラピーで用いられる、天然植物から香りを抽出した精油のことを「本質的な」という意味の英語で何オイルというでしょう？,エッセンシャルオイル
2013,ノーマル,本来は年老いた馬や暴れ馬のことを指す、興味本位で事件や事故などを騒ぎ立てる人々を指す言葉は何でしょう？,野次馬(やじうま)
2013,ノーマル,現在タレントとして活躍するダイアモンド☆ユカイがヴォーカルを務めていた、1986年にデビューしたロックバンドは何でしょう？,RED WARRIORS(レッド･ウォーリアーズ)
2013,ノーマル,しし座のデネボラ、うしかい座のアークトゥルスと共に「春の大三角」を構成する、おとめ座のアルファ星は何でしょう？,スピカ(Spica)
2013,ノーマル,日本サッカー協会のシンボルマークにも用いられている、日本神話に登場する足が3本あるカラスは何でしょう？,八咫烏(やたがらす)
2013,ノーマル,江戸時代の火消しの中でも、特に江戸市中の防火に携わった幕府の役職は何でしょう？,定火消(じょうびけし)
2013,ノーマル,生活保護における扶助の種類で、病院代をまかなうのは「医療扶助」ですが、家賃をまかなうのは「何扶助」でしょう？,住宅扶助(じゅうたくふじょ)
2013,ノーマル,主題歌『ムーンライト伝説』もヒットした、戦士に変身して戦う中学生・月野うさぎを主人公とする1990年代の人気アニメは何でしょう？,『美少女戦士セーラームーン』(『びしょうじょせんしせーらーむーん』)
2013,ノーマル,日本の都道府県で、「漢字」で書く佐倉市があるのは千葉県ですが、「ひらがな」で書くさくら市があるのはどこでしょう？,栃木(とちぎ)
2013,ノーマル,スマートフォンの操作で、画面を滑らせるように指を動かすことを英語で何というでしょう？,フリック
2013,ノーマル,これを見破り検挙した刑事の名前がつけられた、街頭で行われた詐欺賭博の一種を何というでしょう？,伝助賭博(でんすけとばく)
2013,ノーマル,昨年放送されたドラマ『Wの悲劇』『息もできない夏』『東京全力少女』で主演を務めた女優は誰でしょう？,武井咲(たけい・えみ)
2013,ノーマル,1950年に天台宗から独立して聖観音宗(しょうかんのんしゅう)の総本山となった、毎年7月にほおずき市が開かれる寺院はどこでしょう？,浅草寺(せんそうじ)
2013,ノーマル,子供がよく間違って書いてしまう、/上下は正しいのに左右が逆になった字のことを、俗に何文字というでしょう？,鏡文字(かがみもじ)
2013,ノーマル,望んでいた通りに事が運ぶことを「願ったり叶ったり」といいますが、災難が続き散々な目にあうことを、2つの動詞を用いて何というでしょう？,踏んだり蹴ったり(ふんだりけったり)
2013,ノーマル,オーケストラの指揮者や作曲家に対する敬称として使われる、イタリア語で「巨匠」を意味する言葉は何でしょう？,マエストロ
2013,ノーマル,記号Svで表記される、人が放射線を浴びた時の、人体への影響の度合いを表すSI単位は何でしょう？,シーベルト
2013,ノーマル,第1回メフィスト賞を『すべてがFになる』で受賞した、『スカイ・クロラ』シリーズなどで知られる作家は誰でしょう？,森博嗣(もり・ひろし)
2013,ノーマル,走り高跳びの跳び方で、お腹を下に向けてバーを巻き込むようにして跳び越すものを何というでしょう？,ベリーロール
2013,ノーマル,タリム河の流れによって位置を変えたことから「さまよえる湖」と呼ばれた湖は何でしょう？,ロプノール湖(LobNor)
2013,ノーマル,『ヘイ・ジョー』や『パープル・ヘイズ』などの代表曲があるアメリカのロックギタリストで、「ジミヘン」の愛称で知られるのは誰でしょう？,ジミ・ヘンドリックス(Jimi Hendrix)
2013,ノーマル,ギリシア語で「場所が不特定」、転じて「奇妙な病気」という意味がある、皮膚炎を伴うアレルギー性の過敏症を何というでしょう？,アトピー
2013,ノーマル,漢字の部首の「かんむり」を漢字で書いたとき、その部首は何になるでしょう？,わかんむり
2013,ノーマル,原油や物質の運搬に使われるためその防衛が議論となる、国が重要と定める海上交通路の事を英語で何というでしょう？,シーレーン
2013,ノーマル,『大いなる遺産』『二都物語』などの作品で知られる、19世紀に活躍したイギリスの作家は誰でしょう？,チャールズ・ディケンズ(Charles John Huffam Dickens)
2013,ノーマル,2002年には創部1年目のサッカー部が、2012年には野球部が春の甲子園に出場した、長野県にある通信制高校はどこでしょう？,地球環境高校(ちきゅうかんきょうこうこう)
2013,ノーマル,シチリア島、サルデーニャ島に次いでイタリアで3番目の面積をもつ島で、フランス領時代の1814年にナポレオンが流されたのはどこでしょう？,エルバ島(Isola d'Elba)
2013,ノーマル,ブラジルのサンタマリア鉱山で発掘されるものが最高級品種である、3月の誕生石のひとつである青色の宝石は何でしょう？,アクアマリン(aquamarine)
2013,ノーマル,1984年にカナダのギー・ラリベルテが創始した、フランス語で「太陽のサーカス」という意味の名を持つエンターテインメント集団は何でしょう？,シルク・ドゥ・ソレイユ(Cirque du Soleil)
2013,ノーマル,中国古代・殷の時代に行われた、亀の甲羅を焼き、その裂け目を見て行う占いの一種は何でしょう？,亀卜(きぼく)
2013,ノーマル,イタリア語で「敬虔な心」/「慈悲の心」という意味がある、わが子イエスの死を嘆くマリアの姿を主題とした絵画の形式は何でしょう？,ピエタ
2013,ノーマル,「天叢雲剣」の別名もある、日本神話でスサノオノミコトがヤマタノオロチを退治した後に尾から出たとされる三種の神器の一つは何でしょう？,草薙剣(くさなぎのつるぎ、くさなぎのけん、くさなぎのたち)
2013,ノーマル,「ICカード」や「ICチップ」などという時の「IC」とは何という英語の略でしょう？,Integrated Circuit
2013,ノーマル,オーバルと呼ばれる競技場に2本のウィケットを置いて行う、イギリス発祥の球技は何でしょう？,クリケット
2013,ノーマル,代表作に『友達のうちはどこ?』や、1997年のカンヌ映画祭でグランプリを受賞した『桜桃(おうとう)の味』などがある、イランの映画監督は誰でしょう？,アッバス・キアロスタミ
2013,ノーマル,国会議員のバッジ、パスポートの表紙、50円硬貨に共通して描かれている花は何でしょう？,菊(きく)
2013,ノーマル,タクシーで、客が乗っていない状態を空車というのに対し、客が乗っている状態のことを何というでしょう？,実車(じっしゃ)
2013,ノーマル,元々は「建築様式」を意味する、コンピュータ関連で基本設計や設計思想を指す用語は何でしょう？,アーキテクチャ
2013,ノーマル,水の「硬度」の基準となる2つの金属イオンとは何と何でしょう？,カルシウムとマグネシウム
2013,ノーマル,ケーキやアイスクリームのトッピングに使われる銀色の小さな粒を何というでしょう？,アラザン
2013,ノーマル,「東」「西」「南」「北」を漢字で書いたとき最も画数が多いのはどれでしょう？,南(みなみ)
2013,ノーマル,昨年6月に亡くなった、代表作に『火星年代記』『華氏451度』があるアメリカのSF作家は誰でしょう？,レイ・ブラッドベリ(Ray Bradbury)
2013,ノーマル,昨年、その背番号24が埼玉西武ライオンズの永久欠番となった、西鉄ライオンズで活躍した往年の名投手は誰でしょう？,稲尾和久(いなお・かずひさ)
2013,ノーマル,昨年には続編となる「college(カレッジ)」と「highschool(ハイスクール)」も刊行された、かきふらい原作の漫画は何でしょう？,『けいおん!』
2013,ノーマル,スケートリンクと特大のクリスマスツリーが、ニューヨークの冬の風物詩となっている、石油王の名が冠せられた複合施設は何でしょう？,ロックフェラー・センター(Rockefeller Center)
2013,ノーマル,江戸時代、両替屋に払った手数料のことを「何賃」といったでしょう？,切賃(きりちん)※「打賃」「打銭」も○。(せつちん(きりちん)※「だちん」「だせん」も○。)
2013,ノーマル,一般的に、標高が高くなると水の沸点は、上がる・下がるのどちらでしょう？,下がる(さがる)
2013,ノーマル,EU・欧州連合の創設を定めた条約のことを、制定されたオランダの都市の名前をとって何というでしょう？,マーストリヒト条約(まーすとりひとじょうやく)
2013,ノーマル,「序曲と獅子王の行進曲」から「終曲」までの全14曲からなる、フランスの作曲家サン=サーンスが作った組曲は何でしょう？,『動物の謝肉祭』(『どうぶつのしゃにくさい』)
2013,ノーマル,暑さを和らげるために道や/庭先に水を撒くことを何というでしょう？,打ち水(うちみず)
2013,ノーマル,新しい辞書『大渡海(だいとかい)』の編纂を行う日々とを描いた、昨年(2012年)の本屋大賞を受賞した三浦しをんの小説は何でしょう？,『舟を編む』(『ふねをあむ』)
2013,ノーマル,『「激安」のからくり』『「値切り」のマジック』などの著書で知られる、昨年(2012年)10月に肺カルチノイドのため亡くなった流通ジャーナリストは誰でしょう？,金子哲雄(かねこ・てつお)
2013,ノーマル,子育て雑誌の「たまごクラブ」「ひよこクラブ」を発行している日本の出版社はどこでしょう？,ベネッセコーポレーション
2013,ノーマル,「鶏口となるも牛後となるなかれ」と同じ意味のことわざを、魚/に例えて「鯛の尾よりも何の頭」と言うでしょう？,鰯(いわし)
2013,ノーマル,映画監督・黒澤明の監督デビュー作は『姿三四郎』ですが、遺作となった映画は何でしょう？,『まあだだよ』
2013,ノーマル,独立行政法人国立文化財機構が管轄している4つの国立博物館とは、東京国立博物館、京都国立博物館、奈良国立博物館とどこでしょう？,九州国立博物館(きゅうしゅうこくりつはくぶつかん)
2013,ノーマル,ラグビーのニュージーランド代表が試合前に行う、先住民の戦いの儀式は何でしょう？,ハカ
2013,ノーマル,AKB48の『ヘビーローテーション』等のヒット曲の振り付けでも知られる、1987年にリリースした『Love Song探して』で知られる歌手は誰でしょう？,牧野アンナ(まきのあんな)
2013,ノーマル,盛唐の詩人・李白の詩『答王十二寒夜独酌有怀』(おうじゅうにのかんやどくしゃくおもいあるにこたう)を出典とする、/人の言葉を少しも心に留めずに聞き流すことを意味する四字熟語は何でしょう？,馬耳東風(ばじとうふう)
2013,ノーマル,日本の銀行で、南日本銀行の本店があるのは鹿/児島県ですが、北日本銀行の本店があるのはどこの都道府県でしょう？,岩手(いわて)
2013,ノーマル,人形浄瑠璃の三人遣いのうち、首や右腕を動かすのは何でしょう？,主遣い(おもづかい)
2013,ノーマル,1970年にオフコースのボーカルとしてデビューした、『さよなら』『ラブストーリーは突然に』『言葉にできない』などの代表曲がある歌手は誰でしょう？,小田和正(おだ・かずまさ)
2013,ノーマル,将棋の飛車と同じ動きをする、城をかたどったチェスの駒は何でしょう？,ルーク
2013,ノーマル,本名をゲオルグ・バウエルというドイツの冶金学者で、鉱山や鉱物について書かれた著書『デ・レ・メタリカ』で知られるのは誰でしょう？,ゲオルグ・アグリコラ
2013,ノーマル,映画では森繁久彌と淡島千景の名演が人気を博した、大阪の法善寺横丁を舞台にした織田作之助の小説は何でしょう？,『夫婦善哉』(めおとぜんざい)
2013,ノーマル,昨年、ドーピング問題によってツール・ド・フランス7連覇などの記録が抹消された、アメリカの元自転車ロードレース選手は誰でしょう？,ランス・アームストロング(Lance EdwardArmstrong)
2013,ノーマル,東京都にある大森貝塚を発見した、アメリカ出身の動物学者は誰でしょう？,エドワード・モース(Edward Sylvester Morse)
2013,ノーマル,日本の市町村で、湖南市があるのは滋/賀県ですが、湖西市がある都道府県はどこでしょう？,静岡(しずおか)
2013,ノーマル,トルストイの小説『復活』で、カチューシャを救うために奔走する主人公の名前は何でしょう？,ネフリュードフ(Нехлюдов)
2013,ノーマル,ル・アーブルの港から昇る太陽が描かれている、「印象派」という言葉の由来となったクロード・モネの絵画は何でしょう？,"『印象・日の出』(Impression,Sunrise)"
2013,ノーマル,新しく仏像を作った際に、魂を込めるために眼を描きいれることを何というでしょう？,開眼(かいげん)
2013,ノーマル,「演歌一筋40年」を自称し、昨年5月には『人生かぞえ唄』でCDデビューも果たした、お笑い芸人・友近が扮する演歌歌手は誰でしょう？,水谷千恵子(みずたに・ちえこ)
2013,ノーマル,コーラとしてははじめての特定保健用食品に指定されヒット商品となっている、キリンの清涼飲料水は何でしょう？,メッツコーラ
2013,ノーマル,日南海岸国定公園の一部となっている、御崎馬(みさきうま)という野生の馬が棲息することで知られる宮崎県南部の岬はどこでしょう？,都井岬(といみさき)
2013,ノーマル,「Self Contained Underwater /Breathing Apparatus」の略である、水中で呼吸をするための装置のことを何というでしょう？,スキューバ
2013,ノーマル,琴の名曲のひとつ「六段の調」を作曲した、近世箏曲の祖とも呼ばれる江戸時代の箏曲家は誰でしょう？,八橋検校(やつはし・けんぎょう)
2013,ノーマル,チャールズ・リンドバーグが、大西洋単独無着陸飛行に成功したときに乗っていたプロペラ機に付けた愛称は何でしょう？,スピリット・オブ・セントルイス(Spirit of St.Louis)
2013,ノーマル,正式には「流行性角結膜炎」という、目の病気の通称は何でしょう？,はやり目(はやりめ)
2013,ノーマル,秋保(あきう)温泉、作並温泉、鳴子温泉といったらどこの都道府県の温泉でしょう？,宮城(みやぎ)
2013,ノーマル,「絶対的な信頼」という意味の英語から創業者の小池聰行(こいけそうこう)が名付けた、ヒットチャート等の音楽情報を提供する企業グループは何でしょう？,オリコン株式会社(おりこんかぶしきがいしゃ)
2013,ノーマル,流れをくむ鳥羽高校も2012年の春の甲子園に出場している、1915年に行われた第1回全国中等学校優勝野球大会を制した学校はどこでしょう？,京都二中(京都府第二中学校)
2013,ノーマル,「小さなマリーのためのドレス」という意味の名を持つ、ケシの花をモチーフとした「ウニッコ」柄が人気のフィンランドのアパレル企業は何でしょう？,マリメッコ
2013,ノーマル,初代逓信大臣を務めた/政治家で、戊辰戦争で五稜郭に立てこもったが新政府軍に降伏したのは誰でしょう？,榎本武揚(えのもとたけあき)
2013,ノーマル,正式名称を「放送倫理・番組向上機構」という、NHKと民放連によって設置された放送への苦情や放送倫理の問題に対応する機関をアルファベット3文字で何というでしょう？,BPO
2013,ノーマル,鉄道の勾配や血中アルコール濃度などを表す際に用いられる、日本語では「千分率」という単位は何でしょう？,パーミル
2013,ノーマル,封筒型、マミー型/などの種類がある、主にテント内で使用される携帯用の寝具は何でしょう？,シュラフ
2013,ノーマル,本名を竹尾智晴(たけお・ともはる)という声優で、アニメ『アンパンマン』におけるバイキンマン役で知られるのは誰でしょう？,中尾隆聖(なかお・りゅうせい)
2013,ノーマル,松尾芭蕉の俳句「五月雨の降り残してや光堂」に詠み込まれている「光堂」とは、どのお寺の何というお堂のことでしょう？,中尊寺金色堂(ちゅうそんじこんじきどう)
2013,ノーマル,副題を「心をひらく35のヒント」/という、昨年、日販とトーハンが発表した年間ベストセラーランキングで共に1位なった阿川佐和子(あがわ・さわこ)の著書は何でしょう？,『聞く力』(『きくちから』)
2013,ノーマル,日本語では「蜂の腰」とも言われる、砂時計の中央にある砂が通り抜ける穴を英語で何というでしょう？,オリフィス
2013,ノーマル,葬式において、遺体を整え旅立ちの衣装を着せて棺に入れる仕事を請け負う人を何と言うでしょう？,納棺師(のうかんし)
2013,ノーマル,F1のドライバーズポイントで、1位は何点獲得できるでしょう？,25点(25てん)
2013,ノーマル,ヨウ素やナフ/タレン、二酸化炭素などで見られる、物質が固体から直接気体へと変化する現象を何というでしょう？,昇華(しょうか)
2013,ノーマル,ラテン語で「さきがけ」という意味を持つ、トヨタ自動車が1997年に製造・発売を開始した世界初の量産ハイブリッド自動車の名前は何でしょう？,プリウス(Prius)
2013,ノーマル,冬の道路やスキー場で見かける、圧縮された積雪が凍結して氷のように固まった状態のことを何というでしょう？,アイスバーン
2013,ノーマル,紀元前3世紀頃のギリシア生まれの学者で、地球の直径を測定したり、素数の判定方法にその名を残すのは誰でしょう？,エラトステネス
2013,ノーマル,退職した公務員が、関係の深い民間企業に再就職することを、神が地上に降りてくることに例えて何というでしょう？,天下り(あまくだり)
2013,ノーマル,狂言で、一つの物語を最初から最後まで上演することを「何狂言」というでしょう？,通し狂言(とうしきょうげん)
2013,ノーマル,栗や銀杏の実の、内側の薄い皮は「渋皮」といいますが、外側の硬い皮を「何皮」というでしょう？,鬼皮(おにがわ)
2013,ノーマル,『黒鍵のエチュード』『別れの曲』『子犬のワルツ』など数多くのピアノの名曲を残し「ピアノの詩人」と呼ばれた、ポーランドの作曲家は誰でしょう？,フレデリック・フランソワ・ショパン
2013,ノーマル,ケプラーが発見した惑星運動に関する法則のうち、「惑星は太陽を1つの焦点とした楕円軌道上を動く」というのは第何法則でしょう？,第1法則(だい1ほうそく)
2013,ノーマル,15世紀初めのコンスタンツ公会議でヤン・フスとともに異端とされたイギリスの神学者で、初めて聖書を英語に翻訳したのは誰でしょう？,ジョン・ウィクリフ(John Wycliffe)
2013,ノーマル,失業中のバレリーナテリーと、年老いた芸人キャルベロの2人の姿を描いた、チャップリンの映画は何でしょう？,『ライムライト』
2013,ノーマル,テレビを視聴する際、リモコンを用いてしきりにチャンネルを変えることを英語で何というでしょう？,ザッピング
2013,ノーマル,オランダの女王ベアトリクスが1981年から自らの住まいとして利用している、「森の家」という意味がある宮殿は何でしょう？,ハウステンボス宮殿(ハウステンボス)
2013,ノーマル,尋ねると何でも答えてくれる博識な人のことを、辞書に例えて何というでしょう？,生き字引(いきじびき)
2013,ノーマル,アリアンツ・アレーナを本拠地に置くドイツのサッカーチームで、ブンデスリーガで最多の優勝を誇るのは何でしょう？,FCバイエルン・ミュンヘン
2013,ノーマル,日本の弁護士バッジで、正義の象徴としてデザインされているのはひまわりですが、公平の象徴としてデザインされているのは何でしょう？,はかり
2013,ノーマル,こんにゃくの中央に切れ目を入れて端を中に通す飾り包丁のことを、「何切り」というでしょう？,手綱切り(たづなきり)
2013,ノーマル,その熱狂的なファンは「モノノフ」と呼ばれる、百田夏菜子(ももた・かなこ)をリーダーとする5人組アイドルグループは何でしょう？,ももいろクローバーZ
2013,ノーマル,後の分国法にも大きな影響を与えた、鎌倉幕府の執権北条泰時が制定した武家法典は何でしょう？,御成敗式目(ごせいばいしきもく)※「貞永式目」も○。(おなりはいしきもく(ごせいばいしきもく)※「さだながしきもく」も○。)
2013,ノーマル,『慈しみの女神たち』『供養する女たち』『アガメムノン』の「オレステイア三部作」で知られる古代ギリシャの詩人は誰でしょう？,アイスキュロス(Aischylos)
2013,ノーマル,団体競技において、レギュラーメンバー以外にも相応の実力者が揃っているチームのことを「何が厚い」というでしょう？,層(選手層)
2013,ノーマル,山に咲く桜は山桜といいますが、平野部に咲く桜は何というでしょう？,里桜(さとざくら)
2013,ノーマル,現在20ある政令指定都市のうち、人口が最も多いのは横浜市ですが、最も少ないのはどの都市でしょう？,岡山(おかやま)
2013,ノーマル,童謡『いっぽんでもにんじん』で、「一本でも人参」に続く歌詞は、「二足でも何」でしょう？,サンダル
2013,ノーマル,正式名称を「Ultimate Fighting Championship」という、アメリカの人気総合格闘技イベントは何でしょう？,UFC
2013,ノーマル,『メリー・ポピンズ』シリーズを書いた、イギリスの児童文学作家は誰でしょう？,パメラ・トラバース(Pamela Lyndon Travers)
2013,ノーマル,ブルグミュラー、チェルニー、バイエルといえばどんな楽器の教則本でしょう？,ピアノ
2013,ノーマル,地球の大気中におよそ0.93%と、窒素、酸素に次いで3番目に多く存在している元素は何でしょう？,アルゴン
2013,ノーマル,ナイアガラの滝を、カナダ滝とアメリカ滝に分けている島を何というでしょう？,ゴート島(Goat Island)
2013,ノーマル,日本の首相で、20世紀が始まった時に在任していたのは伊藤博文ですが、21世紀が始まった時に在任していたのは誰でしょう？,森喜朗(もり・よしろう)
2013,ノーマル,少女漫画雑誌「Cookie」「マーガレット」「りぼん」といえば発行している出版社は何でしょう？,集英社(しゅうえいしゃ)
2013,ノーマル,第1回文化勲章を受章した、代表作に随筆『水の東京』や小説『五重塔』などがある作家は誰でしょう？,幸田露伴(こうだ・ろはん)
2013,ノーマル,僧侶でありながら革命を推進する側に回ったフランス革命時代の政治家で、著書『第三身分とは何か』で知られる人物は誰でしょう？,アベ=シェイエス(Emmanuel-Joseph Sieyès)
2013,ノーマル,英語で、正方形はsquareといいますが、長方形は何というでしょう？,rectangle(レクタングル)
2013,ノーマル,昨年(2012年)10月8日、ソフトバンク・小久保裕紀の引退試合に登板しノーヒットノーランを達成した、オリックスの投手は誰でしょう？,西勇輝(にし・ゆうき)
2013,ノーマル,イスラム教の礼拝所をモスクと言いますが、ユダヤ教の礼拝所を何というでしょう？,シナゴーク
2013,ノーマル,バイオリンの一番低い弦のみで演奏されることが名前の由来とされる、バッハ作曲の『管弦楽組曲・第3番』の第2曲の曲名は何でしょう？,『G線上のアリア』(『Gせんじょうのありあ』)
2013,ノーマル,京都の呉服商「雁金屋(かりがねや)」の次男/として生まれた江戸時代の画家で、代表作に「燕子花図屏風(かきつばたずびょうぶ)」や「紅白梅図屏風(こうはくばいずびょうぶ)」があるのは誰でしょう？,尾形光琳(おがたこうりん)
2013,ノーマル,現職の都道府県知事としては最年少/である福井県知事は誰でしょう？,石田嵩人(いしだたかと)
2013,ノーマル,日本の地上デジタルテレビのリモコンに使われている4色ボタンの4色とは、青、赤、緑と何色でしょう？,黄色(きいろ)
2013,ノーマル,獅子頭をかぶった子どもたちが笛や太鼓の音に合わせて踊る、新潟発祥の獅子舞を何というでしょう？,越後獅子(えちごじし)
2013,ノーマル,RLC回路と呼ばれる電気回路構成において、Rは抵抗、Lはコイルを表しますが、Cは何を表すでしょう？,コンデンサ
2013,ノーマル,かつてはサイゴンといい、独立に尽力した革命家にちなんで現在の名前になった、ベトナム最大の都市は何でしょう？,ホー・チ・ミン(Ho Chi Minh City/Thành phốHồChíMinh城舗胡志明)
2013,ノーマル,競馬で、競走馬の肩や腰にほどこす治療針のことを、その時に用いる針の形から何というでしょう？,笹針(ささはり)
2013,ノーマル,ギリシャ神話で、美少年アドニスの流した血から咲いたとされる花は何でしょう？,アネモネ(Anemone)
2013,ノーマル,晒し首の刑を指して「きょうしゅ」ということがありますが、これを漢字で書いた際に出てくる動物は何でしょう？,ふくろう
2013,ノーマル,自動車ブランド「スバル」のブランドマークには、丸の中にいくつの星が描かれているでしょう？,6つ
2013,ノーマル,オランダ語の「電気」がなまったものと言われている、江戸時代の博学者・平賀源内が自作した摩擦による静電気発生装置を何というでしょう？,エレキテル
2013,ノーマル,代表作に『ヒマラヤの高峰』や『日本百名山』がある、日本の作家・登山家は誰でしょう？,深田久弥(ふかだ・きゅうや)
2013,ノーマル,「モンパチ」の愛称で呼ばれる、『小さな恋のうた』や『あなたに』などの代表曲がある、沖縄出身のロックバンドは何でしょう？,MONGOL800(モンゴル・はっぴゃく)
2013,ノーマル,香川県の小豆島と前島/の間にある、最も狭いところの幅が9.93メートルと世界一狭い海峡としてギネスブックに認定された海峡はどこでしょう？,土渕海峡(どふち)
2013,ノーマル,突然変異で黒くなった生物をメラニズムというのに対し、白くなった生物を何というでしょう？,アルビノ
2013,ノーマル,ヘア=ニーマイヤー式、サン=ラグ式、ドント式などの種類がある、選挙における政党の得票率から議席を配分する選挙制度は何でしょう？,比例代表制(ひれいだいひょうせい)
2013,ノーマル,害虫やカビを防ぐため、収穫後の農作物に農薬を掛けることを英語で何というでしょう？,ポストハーベスト
2013,ノーマル,昨年11月、「世界一問題数の多いビデオゲーム」としてギネスに登録された、現在コナミが展開しているオンラインクイズゲームは何でしょう？,『クイズマジックアカデミー賢者の扉』(『くいずまじっくあかでみーけんじゃのとびら』)
2013,ノーマル,トマス・エリオットの小説『ポッサムおじさんの猫とつき合う法』を原作とする、アンドリュー・ロイド=ウェバー作曲のミュージカルは何でしょう？,『キャッツ』
2013,ノーマル,関東大学ラグビーで、早稲田大学や帝京大学が所属するのは対抗戦グループですが、法政大学や大東文化大学が所属するのは何グループでしょう？,リーグ戦グループ(りーぐせんぐるーぷ)
2013,ノーマル,ことわざで「子を持って知る」といわれるものは何でしょう？,親の恩(おやのおん)
2013,ノーマル,大阪府の府の木はイチョウですが、京都府の府の木は何でしょう？,北山杉(きたやますぎ)
2013,ノーマル,かつて「バンツーホームランド」や「アパルトヘイト」などの人種隔離政策を行っていた国はどこでしょう？,南アフリカ共和国(みなみあふりかきょうわこく)
2013,ノーマル,天照大神が天の岩戸に閉じこもったとき、その岩戸をこじ開けた神様は誰でしょう？,天手力男命(あまのたじからの・おのみこと)
2013,ノーマル,正式には「左室縮小形成術」という、拡張型心筋症を治療するための手術のことを、これを考案したブラジルの医師の名前から「何手術」というでしょう？,バチスタ手術(ばちすたしゅじゅつ)
2013,ノーマル,和名をトゲフウチョウボクというフウチョウソウ科の植物で、つぼみがスモークサーモンの付け合わせとして食されるのは何でしょう？,ケッパー
2013,ノーマル,演劇用語で、幕が開いた時に俳優がすでに舞台の上にいることを一般的に何というでしょう？,板付き(いたつきき)
2013,ノーマル,夫・シドニー、妻・ビアトリスの夫妻で、1884年、イギリスの社会主義団体「フェビアン協会」の創設に尽力したのは誰でしょう？,ウエッブ夫妻(Webb)
2013,ノーマル,ヴィブラフォンやマリンバを演奏する際に用いられる「ばち」を、英語で何というでしょう？,マレット(Mallet)
2013,ノーマル,水面に潜るアヒルに似た動作で相手のパンチをよけることから名前がついた、ボクシングの防御法は何でしょう？,ダッキング(ducking)
2013,ノーマル,長良川の鵜飼いで捕える魚は、一般的に何でしょう？,鮎(あゆ)
2013,ノーマル,1月20日に老衰の為101歳でこの世を去った、詩集『百歳』『くじけないで』で知られる女性詩人は誰でしょう？,柴田トヨ(しばたとよ)
2013,ノーマル,ひとつのことをがむしゃらに行うことを、漢数字の「二」を2回使った四字熟語で何というでしょう？,遮二無二(しゃにむに)
2013,ノーマル,僧侶が妻帯を禁止されていた頃に恵信尼(えしんに)という妻がいた、浄土真宗の開祖は誰でしょう？,親鸞(しんらん)
2013,ノーマル,アメリカの株式市場において、収益性や成長性などに優れた優良株のことを、ある色を使って何というでしょう？,ブルーチップ
2013,ノーマル,「春高楼の花の宴」という歌い出しで始まる、土井晩翠作詞・滝廉太郎作曲による唱歌は何でしょう？,『荒城の月』(こうじょうのつき)
2013,ノーマル,山形県の「つや姫」、北海道の「ゆめぴりか」といえば、どんな農作物のブランドでしょう？,コメ
2013,ノーマル,xy平面において、直線がx軸と交わった点のx座標、またはy軸と交わった点のy座標のことを、漢字2文字で何というでしょう？,切片(せっぺん)
2013,ノーマル,サッカーではシュートをしてもいいが、バレーボールではスパイクができないポジションといえば何でしょう？,リベロ
2013,ノーマル,日本語では「座金(ざがね)」と呼ばれる、ボルトを締めるときにナットの下に入れる薄い金属板のことを何というでしょう？,ワッシャー
2013,ノーマル,世界の国旗の別名で、「五星紅旗」(ごせいこうき)といえば中国ですが、「金星紅旗」(きんせいこうき)といえばどこの国でしょう？,ベトナム
2013,ノーマル,4月からNHK-BSプレミアムで放送される、子どもと父親が週末一緒に楽しむための幼児向け新番組のタイトルは何でしょう？,「おとうさんといっしょ」
2013,ノーマル,アンモニアの合成法の1つ「ハーバー・ボッシュ法」に名を残すフリッツ・ハーバーとカール・ボッシュは、いずれもどこの国の科学者でしょう？,ドイツ
2013,ノーマル,現金自動預け払い機のことを「ATM」といいますが、これは何という言葉を省略したものでしょう？,Automated TellerMachine
2013,ノーマル,南アメリカ大陸にある2つの内陸国は、ボリビアとどこでしょう？,パラグアイ共和国(Republic of Paraguay)
2013,ノーマル,『2年A組探偵局』シリーズや『ぼくらの七日間戦争』をはじめとする『ぼくら』シリーズで知られる作家は誰でしょう？,宗田理(そうだ・おさむ)
2013,ノーマル,総務省による電気通信番号規制の改正により、今年から携帯電話に使用される事になった最初の3桁の数字は何でしょう？,70
2013,ノーマル,大根はアブラナ科の植物ですが、サ/トウダイコンの別名があるテンサイは何科の植物でしょう？,アカザ科(アカザ)
2013,ノーマル,陸上の男子十種競技で、1日目の最初の種目は100メートル走ですが、2日目の最初の種目は何でしょう？,110メートルハードル(走)
2013,ノーマル,戸恒浩人(とつね・ひろひと)、内原智史(うちはら・さとし)、石井幹子(いしい・もとこ)といえば、いずれもどんな芸術で活躍する日本人でしょう？,照明デザイン(しょうめいでざいん)
2013,ノーマル,Tommy february6(トミー・フェブラリー)、Tommy heavenly6(トミー・ヘブンリー)としてソロ活動も行っている、ロックバンド・the brilliant greenのボーカルは誰でしょう？,川瀬智子(かわせ・ともこ)
2013,ノーマル,フロリダ沿岸を荒らし回った海賊に由来するチーム名を持つ、アメリカ・フロリダ州タンパに本拠地を置くNFLのチームは何でしょう？,タンパベイ・バッカニアーズ(Tampa Bay Buccaneers)
2013,ノーマル,映画などの業界における大部屋の女優のことを、「大勢いる」ということから「何ガール」というでしょう？,わんさガール
2013,ノーマル,日本の行政機関で、公安審査委員会は法務省の外局ですが、国家公安委員会は何という省庁の外局でしょう？,内閣(Cabinet Office)
2013,ノーマル,その名は、日本に普及させた実業家・川田龍吉(りょうきち)の爵位に因んでいる、ジャガイモの品種は何でしょう？,男爵イモ(だんしゃくいも)
2013,ノーマル,列車の種別である「特急」とは、何という言葉の略でしょう？,特別急行(とくべつきゅうこう)
2013,ノーマル,2009年に国際サッカー連盟が創設した、年間で最も美しいゴールに与えられる賞のことを、1950年代に活躍したハンガリー代表選手にちなんで何というでしょう？,FIFAプスカシュ賞※「プスカシュ賞」で○。(FIFAぷすかしゅしょう※「ぷすかしゅしょう」で○。)
2013,ノーマル,現在は「故宮博物院」/になっている、中国・北京にある明王朝、清王朝の王宮といえば何でしょう？,紫禁城(しきんじょう)
2013,ノーマル,代表作に詩集『雲の中の双生児』『わが妹人生』や長編小説『ドクトル・ジバゴ』があるロシアの作家は誰でしょう？,ボリス・パステルナーク(Boris Leonidovich Pasternak)
2013,ノーマル,英語では「プラスティシティ(plasticity)」という、固体に力を加えて変形させたとき、その力を除いても変形が残る性質を何というでしょう？,塑性(そせい)
2013,ノーマル,そのタイトルには「休日返上で働く」という意味がある、高橋俊策・作詞、江口夜詩(えぐち・よし)・作曲の軍歌は何でしょう？,『月月火水木金金』(げつげつかすいもくきんきん)
2013,ノーマル,名瀬市(なぜし)・笠利町(かさりちょう)・住用村(すみようそん)という一市一町一村の合併により、2006年に発足した鹿児島県の都市は何でしょう？,奄美(あまみ)
2013,ノーマル,全米大学体育協会のことを、アルファベット4文字で何というでしょう？,NCAA
2013,ノーマル,フランシスコ・ゴヤの代表作『裸のマハ』『着衣のマハ』が収蔵されているマドリッドの美術館はどこでしょう？,プラド美術館(Museo del Prado)
2013,ノーマル,一般的に「低出生体重児」といわれるのは、体重が何グラム未満で生まれた赤ちゃんのことでしょう？,2500グラム
2013,ノーマル,1952年に雑誌『少年』で連載が開始され、1963年には国産初のテレビアニメシリーズとして放送された、手塚治虫の漫画は何でしょう？,『鉄腕アトム』(『てつわんあとむ』)
2013,ノーマル,「台密(たいみつ)」と呼ばれた天台宗に対して「東密」と呼ばれた、空海が日本に伝えた仏教の一派は何でしょう？,真言宗(しんごんしゅう)
2013,ノーマル,収入印紙、郵便切手、そして印鑑に共通する英単語は何でしょう？,stamp
2013,ノーマル,プレートに敷いたご飯の上に炒めた肉と生野菜を乗せマヨネーズをかけて食べる、佐賀市のご当地グルメは何でしょう？,シシリアンライス
2013,ノーマル,作者が初期に書いた小説『道化の華』にも同名の人物が登場する、太宰治の小説『人間失格』の主人公は誰でしょう？,大庭葉蔵(おおば・ようぞう)
2013,ノーマル,英語で「親指の爪」という意味がある、ウェブページに見本として表示される、縮小した画像のことを何というでしょう？,サムネイル
2013,ノーマル,日本では「ブタクサ」「シロツメクサ」などがこれにあたる、外国から運ばれ野生化した植物を、何植物というでしょう？,外来植物(がいらいしょくぶつ)
2013,ノーマル,将棋において、玉将や王将が相手の陣地内に入ることを何というでしょう？,入玉(にゅうぎょく)
2013,ノーマル,日本の歴代天皇の中で、唯一漢字4文字のおくり名で表記される、第103代天皇は誰でしょう？,後土御門天皇(ごつちみかどてんのう)
2013,ノーマル,木管楽器のサキソフォンを考案した「アドルフ・サックス」は、どこの国の管楽器製作者でしょう？,ベルギー
2013,ノーマル,映画『エイトレンジャー』『TRICK』『20世紀少年』などの作品で監督を務めた演出家・映画監督は誰でしょう？,堤幸彦(つつみ・ゆきひこ)
2013,ノーマル,現地では「偉大なもの」という意味の「デナリ」と呼ばれている、北アメリカ大陸最高峰の山は何でしょう？,マッキンリー(Mount McKinley)
2013,ノーマル,オグロとオジロの2種類が知られる、和名をウシカモシカという、ウシ科の動物は何でしょう？,ヌー
2013,ノーマル,日本の紙幣で最も高額なのは一万円札ですが、韓国の紙幣で最も高額なのは何ウォン札でしょう？,五万ウォン札(ごまんうぉんさつ)
2013,ノーマル,大相撲の横綱で、白鵬は宮城野部屋の力士ですが、日馬富士は何部屋の力士でしょう？,伊勢ヶ濱部屋(いせがはまべや)
2013,ノーマル,ドイツ語で「力」という意味がある、封筒やセメント袋に使われる茶色い紙のことを何というでしょう？,クラフト紙(くらふとかみ)
2013,ノーマル,ペルセウス座のアルゴル、くじら座のミラなどのように、光の強さが時間によって変わる恒星のことを何というでしょう？,変光星(へんこうせい)
2013,ノーマル,ビゼー作曲のオペラ「カルメン」で、最後にカルメンをナイフで殺す伍長の名前は何でしょう？,ドン・ホセ
2013,ノーマル,背番号では「5番」、アルファベット1文字では「C」と表される、主にゴール付近での守備と攻撃を行うバスケットボールのポジションは何でしょう？,センター(Center)
2013,ノーマル,「春雨じゃ、濡れてまいろう」という台詞でお馴染の、土佐藩士・武市瑞山をモデルとした、行友李風(ゆきとも・りふう)原作の時代劇は何でしょう？,『月形半平太』(つきがたはんぺいた)
2013,ノーマル,自動車メーカーの「シトロエン」「プジョー」「ルノー」が本社を置く国はどこでしょう？,フランス
2013,ノーマル,「坂東太郎」という別名がある、日本一の流域面積を誇る川の名前は何でしょう？,利根川(とねがわ)
2013,ノーマル,昨年10月にアメリカ第3位の携帯電話会社・スプリントの買収を発表し、携帯電話事業のシェア世界第3位に上がった日本のグループ企業はどこでしょう？,ソフトバンク(Softbank)
2013,ノーマル,「白玉の歯にしみとほる秋の夜の酒はしづかに飲むべかりけり」と詠んだ歌人は誰でしょう？,若山牧水(わかやま・ぼくすい)
2013,ノーマル,本のしおりの代わりに、ページの隅を折り曲げることを、ある動物の身体の部分を使って何というでしょう？,ドッグイヤー
2013,ノーマル,今年4年ぶりに活動を再開することが発表された、『SAY YES』『YAH YAH YAH』などで知られる男性デュオは何でしょう？,CHAGE and ASKA
2013,ノーマル,笛を吹いて精霊を操る少年アラジンを主人公とした、アラビアンナイトの世界をモチーフとした大高忍の漫画は何でしょう？,『マギ』
2013,ノーマル,生のお米を密封して圧力をかけ、それを一気に開け放つことで弾けさせる駄菓子を、一般に何と呼ぶでしょう？,ポン菓子(ぽんかし)
2013,ノーマル,ロシア語で「下の新しい町」という意味がある、ヴォルガ川とオカ川の合流地点にある大都市で、1990年までは「ゴーリキー」という名称だったのはどこでしょう？,ニジニ・ノブゴロド(НижнийНовгород)
2013,ノーマル,ロシアの南極観測基地や有人宇宙船の名前に使われている、ロシア語で「東」という意味の言葉は何でしょう？,ボストーク(Vostok)
2013,ノーマル,疲労回復のために行うビタミンB1の静脈注射のことを、打った時に生じるにおいが似ているある野菜から、俗に「何注射」というでしょう？,にんにく注射(にんにくちゅうしゃ)
2013,ノーマル,マリー・アントワネットの母親はマリア・テレジアですが、父親は神聖ローマ帝国の皇帝でもあった誰でしょう？,フランツ1世(Franz I)
2013,ノーマル,昨年のロンドンオリンピックに71歳で出場したことで、自らが持つ日本人のオリンピック出場最高齢記録を更新した馬場馬術選手は誰でしょう？,法華津寛(ほけつ・ひろし)
2013,ノーマル,中扉の詩の一節「湖水のスゲは枯れはて、鳥は歌わぬ」からタイトルが取られた、環境問題の先駆けとなったレイチェル・カーソンの著書は何でしょう？,『沈黙の春』(『ちんもくのはる』)
2013,ノーマル,東京都千代田区の地名で、国会議事堂や首相官邸があることから、日本政界の代名詞となっているのはどこでしょう？,永田(ながた)
2013,ノーマル,歌舞伎役者として「市川中車(いちかわ・ちゅうしゃ)」の名前を持つ、映画などでも活躍する人気俳優は誰でしょう？,香川照之(かがわ・てるゆき)
2013,ノーマル,英語圏では「クラフトビール」と呼ばれる、特定地域にて限定量生産される地域ブランドのビールの事を一般に何というでしょう？,地ビール(ちびーる)
2013,ノーマル,「岩澤理論」や「楕円曲線」などの技法を駆使し、1995年にフェルマーの最終定理を解決したイギリスの数学者は誰でしょう？,アンドリュー・ワイルズ
2013,ノーマル,ミケランジェロの『最後の審判』などのように、漆喰が生乾きの状態で描く絵画技法を、「新鮮な」という意味のイタリア語で何というでしょう？,フレスコ(fresco)
2013,ノーマル,鹿苑寺を建立して北山文化を大成したことや、南北朝を合一させた功績で知られる、室町幕府の第3代将軍は誰でしょう？,足利義満(あしかが・よしみつ)
2013,ノーマル,白ワインを炭酸水で割ったカクテルで、ドイツ語で「はじける」という意味の言葉に由来する名前を持つのは何でしょう？,スプリッツァ(Spritzer)
2013,ノーマル,山岳観光ルートの「立山黒部アルペンルート」は、何県と何県を結んでいるでしょう？,富山県と長野(とやまけんとながの)
2013,ノーマル,カーリングで、ストーンを投げ入れる目標となる同心円のことを何というでしょう？,ハウス(House)
2013,ノーマル,連歌で、17字の長句に17字を、14字の短句に14字を付ける誤りのことを何というでしょう？,丈比べ(たけくらべ)
2013,ノーマル,陶芸で用いる「ろくろ」を漢字で書いた時、2文字に共通する部首は何でしょう？,車へん(くるまへん)
2013,ノーマル,ワウワウ型やカップ型などの種類がある、管楽器の音をこもらせたり、弱めたりするために使う道具は何でしょう？,ミュート
2013,ノーマル,もともとは軍隊用語である、野球/における選手の足の速さによる攻撃力のことを、「打力」に対して何力というでしょう？,機動力(きどう)
2013,ノーマル,星新一、小松左京と並んで「日本のSF御三家」と称される、「七瀬三部作」や小説『時をかける少女』などで知られる作家は誰でしょう？,筒井康隆(つつい・やすたか)
2013,ノーマル,鱈(タラ)の胃袋を塩漬けにして、ごま油や唐辛子などに漬け込んだ韓国料理は何でしょう？,チャンジャ(창자)
2013,ノーマル,娘に女優の藤谷文子(ふじたに・あやこ)を持つ、『沈黙の艦隊』や『沈黙の要塞』などのシリーズで知られるアメリカの俳優は誰でしょう？,スティーブン・セガール
2013,ノーマル,西暦711年から1492年まで行われた、キリスト教国がイスラム勢力からイベリア半島を取り戻す運動を何というでしょう？,レコンキスタ(Reconquista)
2013,ノーマル,自分自身には全く関わりのない人のことを、ある色を使った表現で「何の他人」というでしょう？,赤(あか)
2013,ノーマル,ウィレムスタットが中心都市であるカリブ海の島で、オレンジの皮で香り付けをしたリキュールにもその名を残すのはどこでしょう？,キュラソー島(Curacao)
2013,ノーマル,その信者の数が、キリスト教、イスラム教についで世界で3番目に多いとされる、インドやネパールで主に信仰される宗教は何でしょう？,ヒンズー教(ひんずーきょう)
2013,ノーマル,北太平洋などに生息し、英語では「Pacific giant octopus」と呼ばれる、世界最大のタコは何でしょう？,ミズダコ(水蛸)
2013,ノーマル,寄席での色物の一つで、林家今丸(いままる)、林家二楽(にらく)、林家正楽(しょうらく)といえば、ハサミを使ったどんな芸の名人でしょう？,紙切り(かみきり)
2013,ノーマル,人や動物が雪の上を歩いたあとに残るのは「足跡」ですが、車が雪の上を通り過ぎたあとにできる車輪の跡を何というでしょう？,轍(わだち)
2013,ノーマル,昨年(2012年)再びブレイクした、今年デビュー30周年を迎えるコミックシンガーで、『アホが見るブタのケツ』や『替え唄メドレー』で知られるのは誰でしょう？,嘉門達夫(かもんたつお)
2013,ノーマル,磐梯朝日国立公園内に位置する湖沼群の総称で、沼の中に溶け込んでいる成分によってその水の色が様々に変化することから名前が付いたのは何でしょう？,五色(ごしき)沼(ごしき(ごしき)ぬま)
2013,ノーマル,死んだ農奴を買い集める詐欺師チチコフを主人公とする、ロシアの作家ニコライ・ゴーゴリの代表作は何でしょう？,『死せる魂』(『しせるたましい』)
2013,ノーマル,在庫循環とも呼ばれる約40ヶ月を周期とする景気変動の波のことを、アメリカの経済学者の名をとって何の波というでしょう？,キチンの波(きちんのなみ)
2013,ノーマル,日頃の苦労から開放されて気ままに楽しむことを、ある家事に例えて「命の何」というでしょう？,命の洗濯(いのちのせんたく)
2013,ノーマル,オーギュスト・ロダンの彫刻『カレーの市民』には、何人の人物が彫られているでしょう？,6人(6にん)
2013,ノーマル,月桂樹の冠をモチーフにした三つ葉マークで知られる、アドルフ・ダスラーが創業したスポーツメーカーは何でしょう？,アディダス(adidas)
2013,ノーマル,人間の歯を構成する硬い組織で、エナメル質とセメント質の間にあるのは何でしょう？,象牙質(ぞうげしつ)
2013,ノーマル,町おこしの一環として「アート県」や「うどん県」といったキャンペーンを展開している県はどこでしょう？,香川県※「香川」が出れば○。「高松」は×。(かがわけん※「かがわ」がでれば○。「たかまつ」は×。)
2013,ノーマル,五島勉の彼に関する著書がベストセラーとなった、アンゴルモアの大王などの「大予言」で知られる16世紀フランスの占星術師は誰でしょう？,ノストラダムス※「ミシェル・ド・ノートルダム」も○。
2013,ノーマル,国連安全保障理事会の理事国は、常任、非常任合わせて全部で何ヶ国でしょう？,15ヶ国※「15」が出れば○。(15ゖくに※「15」がでれば○。)
2013,ノーマル,スペインの内戦中に空爆を受けたタイトルと同じ名前の町を題材に描いた、パブロ・ピカソを代表する絵画は何でしょう？,『ゲルニカ』(Guernica)※「ゲルニカ」のみ○。
2013,ノーマル,10段階モース硬度では硬度4の標準物質となっている、加熱すると発光することからその名が付けられた鉱物は何でしょう？,蛍石(ほたるいし、fluorite)※「けいせき」も○。「螢石」も○。「フローライトも○。これ以外は基本×。(ほたるいし(ほたるいし、fluorite)※「けいせき」も○。「ほたるいし」も○。「ふろーらいとも○。これいがいはきほん×。)
2013,ノーマル,郵便物の受け取りなど、日常的に使用する略式のハンコのことを、「実印」に対して何というでしょう？,認印※「認め印」でも○。「認」「印」いずれか1文字のみでは×。(にんいん※「みとめいん」でも○。「にん」「いん」いずれか1もじのみでは×。)
2013,ノーマル,NHKで放送されている『連続クイズホールドオン!』の司会を務めるのは、同局アナウンサーの武内陶子(たけうち・とうこ)と、タレントの誰でしょう？,山口智充(やまぐち・ともみつ)※本名同じの日本人なのでこれ以外×。「DonDokoDonの…」とあってもいいがフルネームでなければ×。(やまぐちともみつ(やまぐち・ともみつ)※ほんみょうおなじのにほんじんなのでこれいがい×。「DonDokoDonの…」とあってもいいがふるねーむでなければ×。)
2013,ノーマル,ニュージーランドの国土を主に構成している北島と南島のうち、首都ウェリントンがあるのはどちらでしょう？,北島※「北(North)」、「ノースアイランド(North Island)」など、「北」or「北島」を指す言葉があれば○。(きたじま※「きた(North)」、「のーすあいらんど(North Island)」など、「きた」or「きたじま」をさすことばがあれば○。)
2013,ノーマル,俗に、初物を食べると、何日寿命が延びると言われているでしょう？,七十五日※「75」が出れば○。(しちじゅういつか※「75」がでれば○。)
2013,ノーマル,およそ30.3mmを1とする、尺貫法の長さの単位は何でしょう？,寸(すん)※「す」「き」も○。「一寸」でも○。それら以外は×。(すん(すん)※「す」「き」も○。「ちょっと」でも○。それらいがいは×。)
2013,ノーマル,2012年よりチーム数が固定された、サッカー・J2リーグのチーム数は何チームでしょう？,22チーム※「22」が出れば○。(22ちーむ※「22」がでれば○。)
2013,ノーマル,昨年(2012年)11月上旬にアメリカ東海岸を縦断し、ニューヨークなどを含めた24州に壊滅的な被害を与えたハリケーンの名前は何でしょう？,サンディー(Sandy)※「サンディ」「サンデイ」も○。「サンデー」は×。
2013,ノーマル,日本語では「銀板写真」と呼ばれる写真技法を、これを発明したフランス人画家の名前を取って「何タイプ」と言うでしょう？,ダゲレオタイプ(daguerreotype)※「ダゲレオ」で○。「ダケレオ」は×。
2013,ノーマル,落語『死神』で、死神にすすめられて男がついた職業は何でしょう？,医者※「眼科医」など細かく指定した場合は×。(いしゃ※「がんかい」などこまかくしていしたばあいは×。)
2013,ノーマル,作曲家グスタフ・マーラーの交響曲で、第1番の副題は「巨人」ですが、第2番の副題は何と呼ばれるでしょう？,復活(Auferstehung)※左の何れかの回答以外は×。(ふっかつ(Auferstehung)※ひだりのいずれかのかいとういがいは×。)
2013,ノーマル,この世とあの世の境にある「三途の川」の渡し賃は、いくらとされているでしょう？,六文(ろくもん)
2013,ノーマル,将棋のパズル「詰め将棋」の手数(てかず)は、必ず奇数・偶数のどちらになるでしょう？,奇数(きすう)
2013,ノーマル,英語で「forget me not(フォゲットミーノット)」と呼ばれる植物はワスレナグサですが、「touch me not(タッチミーノット)」と呼ばれる植物は何でしょう？,ホウセンカ
2013,ノーマル,2015年に行われるFIFA女子サッカーワールドカップの開催国はどこでしょう？,カナダ
2013,ノーマル,豊臣秀吉が行った「検地」によって解体された、貴族や寺社などが私的に所持していた土地のことを何というでしょう？,荘園(しょうえん)
2013,ノーマル,古代ギリシャ語で「傷」という意味がある、精神的ショックによる「心の傷」のことを何というでしょう？,トラウマ
2013,ノーマル,奈良公園の東の端に位置する、毎年1月の山焼きで知られる標高342メートルの山は何でしょう？,若草山(わかくさやま)
2013,ノーマル,チャールズ・シュルツの漫画『ピーナッツ』で、いつも安心毛布を手放さない男の子は誰でしょう？,ライナス
2013,ノーマル,ペーパーカンパニーや便宜置籍船の温床となっている、外国企業に対する課税税率の低い地域を英語で何というでしょう？,タックス・ヘイブン
2013,ノーマル,『真珠の女』や『モルト・フォンテーヌの思い出』などの作品を残した、フランス・バルビゾン派の画家と言えば誰でしょう？,ジャン=バティスト・カミーユ・コロー(Jean-Baptiste Camille Corot)
2013,ノーマル,直角三角形において、直角である頂点と向かい合う辺のことを何というでしょう？,斜辺(しゃへん)
2013,ノーマル,「水あそび」「鳩ぽっぽ」「お正月」など、こども自身が楽しく歌える口語体の歌を日本で最初に作った作詞家は誰でしょう？,東(ひがし)くめ(ひがし(ひがし)くめ)
2013,ノーマル,南米で生活している人種で、黒人とインディオの混血である人のことを何というでしょう？,サンボ(zambo)
2013,ノーマル,「マルキュー系ファッション」という時の「マルキュー」とは、渋谷のものが有名などのファッションビルのことでしょう？,SHIBUYA 109(シブヤ・イチマルキュー)
2013,ノーマル,江戸幕府の歴代将軍の中で最も在位期間が長いのは徳川家斉ですが、室町幕府の歴代将軍の中で最も在位期間が長いのは誰でしょう？,足利義持(あしかが・よしもち)
2013,ノーマル,657本と、王貞治についで日本プロ野球歴代2位の本塁打記録を持つ選手は誰でしょう？,野村克也(のむらかつや)
2013,ノーマル,1935年に世界初の合成繊維であるナイロンを発明した、アメリカの化学者は誰でしょう？,ウォーレス・カロザース
2013,ノーマル,自衛隊では動く時の姿勢に応じて5つに分けられている、体勢を低くして前に進む動作のことを普通何というでしょう？,匍匐(ほふく)前進(ほふく(ほふく)ぜんしん)
2013,ノーマル,『東海道中膝栗毛』の作者は十返舎一九ですが、『西洋道中膝栗毛』の作者は誰でしょう？,仮名垣魯文(かながきろぶん)
2013,ノーマル,冬の風物詩である「こたつ」を漢字で書いた時、両方の文字に共通する部首は何でしょう？,火へん(ひへん)
2013,ノーマル,島全体がアルファベットの「K」に似ていることでも知られる、マカッサルを中心都市とするインドネシア中部の島は何でしょう？,スラウェシ島(Sulawesi)
2013,ノーマル,作曲家のエドヴァルド・グリーグ、劇作家のヘンリック・イプセンといえば、どこの国の人でしょう？,ノルウェー
2013,ノーマル,企業内教育のことを「OJT」といいますが、この「OJT」とは何という言葉の略でしょう？,オン・ザ・ジョブ・トレーニング
2013,ノーマル,東京の銀座に本社を置く、「青雲」や「毎日香」などの線香の主力製品がある会社はどこでしょう？,日本香堂(にっぽんこうどう)
2013,ノーマル,演劇の言葉で「つばなれ」といったら、お客さんが何人以上入った時にいう言葉でしょう？,10人(10にん)
2013,ノーマル,現在は福岡教育大学の大学院生である、今年の「小倉百人一首競技かるた」の第57期クイーン決定戦で9連覇を達成した選手は誰でしょう？,楠木早紀(くすのき・さき)
2013,ノーマル,衣服の擦れや筋肉が無意識に動くことが原因で起こる、実際には振動していない携帯電話が振動したように感じる現象を何というでしょう？,ファントムバイブレーションシンドローム
2013,ノーマル,主人公ジェロームと/いとこの少女アリサの悲恋を描いた、フランスの作家アンドレ・ジッドの代表作は何でしょう？,『狭き門』(せまきもん)
2013,ノーマル,大相撲の取組にかけられる懸賞金6万円のうち、勝った力士が土俵で受け取る額はいくらでしょう？,3万円(3まんえん)
2013,ノーマル,小さなサトイモを皮付きのままで茹でたものを一般的に何というでしょう？,衣かつぎ(ころもかつぎ)
2013,ノーマル,その生涯に、ジム・ドハーティ、ジョー・ディマジオ、アーサー・ミラーと三人の男性と結婚した、有名な女優は誰でしょう？,マリリン・モンロー
2013,ノーマル,カーテンではパイプを、靴ではヒモを通すために取り付けられる、リング状の小さな座金(ざがね)のことを何というでしょう？,鳩目(はとめ)
2013,ノーマル,1948年にイギリスで行われた「ストーク・マンデビル競技大会」を前身とする、障害者を対象とした国際スポーツ競技大会は何でしょう？,パラリンピック
2013,ノーマル,現在の日本では壺型/が当てはまる、ある地域のある時点での性別及び年齢別ごとの人口を積み重ねた構成図を、ある建造物を使って何というでしょう？,人口ピラミッド(じんこうピラミッド)
2013,ノーマル,相手に差をつけることを「水をあける」といいますが、相手に誘いをかけることを「水をどうする」というでしょう？,水を向ける(みずをむける)
2013,ノーマル,楽器の琴で、弦を支えたり、音の高低を調節するのに用いる道具のことを何というでしょう？,琴柱(ことじ)
2013,ノーマル,別名を「タテガミイヌ」という、ブチ、シマ、カッショクなどの種類がいるアフリカ生息の哺乳類は何でしょう？,ハイエナ
2013,ノーマル,1800年に建築家ジェームズ・ホーバン設計の下で完成した、アメリカの大統領官邸は何でしょう？,ホワイトハウス(White House)
2013,ノーマル,ブルーレイディスクやWindowsの様に、業界普及率が高い「事実上の共通規格」のことを、ラテン語と英語の合成語で何と言うでしょう？,デファクト・スタンダード
2013,ノーマル,イギリスとフランスのアフリカ政策が1898年に衝突し、戦争になりかけた事件を、発生した南スーダンの地名から何というでしょう？,ファショダ事件(Fashoda Incident)
2013,ノーマル,昨年のロンドン・オリンピック開会式でロシア選手団の旗手をつとめた女子テニス選手は誰でしょう？,マリア・シャラポワ
2013,ノーマル,ウィーンフィルのニューイヤーコンサートで必ず一番最後に演奏される、オーストリアの将軍の名前が付いた、ヨハン・シュトラウスの行進曲は何でしょう？,『ラデツキー行進曲』(『らでつきーこうしんきょく』)
2013,ノーマル,ストレート、セット、ボックス、ミニの4種類の買い方ができる、3桁または4桁の数字を自由に選び、購入する数字選択式宝くじは何でしょう？,ナンバーズ
2013,ノーマル,本名を清水三十六(しみず・さとむ)という、『赤ひげ診療譚』『樅ノ木(もみのき)は残った』などの作品で知られる作家は誰でしょう？,山本周五郎(やまもと・しゅうごろう)
2013,ノーマル,都心へ通勤する人たちの住宅地を中心に発展した都市のことを、「寝に帰るだけの場所」という意味で「何タウン」というでしょう？,ベッドタウン
2013,ノーマル,元外交官の佐藤優(まさる)は「外務省のこの人」と称された、ニコライ2世の信任を得て政治に関与し、「怪僧」と呼ばれたロシア人は誰でしょう？,ラスプーチン(Grigorii Efimovich Rasputin)
2013,ノーマル,今年の4月から放送されるNHK連続テレビ小説『あまちゃん』で脚本を手掛けることとなった、人気脚本家は誰でしょう？,宮藤官九郎(くどう・かんくろう)
2013,ノーマル,古いオランダ語で「ロバ」を意味する名前を持つ、絵を描く時にカンバスを立て懸けて固定する台は何でしょう？,イーゼル(easel)
2013,ノーマル,現在は俳優の柳生博が会長を務めている、野鳥の保護と調査研究、自然環境の保護を目的として創立された財団法人は何でしょう？,日本野鳥の会(にほんやちょうのかい)
2013,ノーマル,各地に放射状に伸びた航空路線網の中心として機能する拠点空港を、自転車の部品にたとえて「何空港」というでしょう？,ハブ空港(airline hub)
2013,ノーマル,もともとは競馬で2頭が同時にゴールインすることなどを指し、現在では白熱した試合を指す英語は何でしょう？,デッドヒート
2013,ノーマル,昨年(2012年)公開された映画版『THE FINAL新たなる希望』をもって完結した、織田裕二主演の人気警察ドラマシリーズは何でしょう？,『踊る大捜査線』(『おどるだいそうさせん』)
2013,ノーマル,現地語では「ヴルタヴァ」と発音される、スメタナの交響詩の題材として有名な、チェコの首都、プラハを流れる川は何でしょう？,モルダウ川(Moldau)
2013,ノーマル,お寿司屋さんの符帳で、ガリといえばショウガのことですが、アガリといえば何でしょう？,お茶(おちゃ)
2013,ノーマル,新しいアイディアを創るために、与えられたテーマに対して批判せず自由に発言する話し合いのことを嵐に例えて何というでしょう？,ブレインストーミング
2013,ノーマル,母国・スペインの民俗音楽を題材に、『カルメン幻想曲』/『スペイン舞曲集』『チゴイネルワイゼン』などを作曲したバイオリン奏者は誰でしょう？,パブロ・デ・サラサーテ(サラサーテ)
2013,ノーマル,今年没後50周年を迎える、空手チョップを武器に昭和20年代から30年代にかけて絶大な人気を誇ったプロレスラーは誰でしょう？,力道山(りきどうざん)
2013,ノーマル,日本の元号で、「大正」は15年までありましたが、「明治」は何年まであったでしょう？,45年(45ねん)
2013,ノーマル,代表作に、田口公平と白鳥圭輔の活躍を描いた『チーム・バチスタの栄光』や『ジェネラル・ルージュの凱旋』などがある日本の作家は誰でしょう？,海堂尊(かいどう・たける)
2013,ノーマル,マド、ヒメ、/ゲンジ、ヘイケなどの種類がある、夏の風物詩である昆虫は何でしょう？,ホタル
2013,ノーマル,『ヒゲとボイン』『すばらしい日々』『大迷惑』などのヒット曲がある、現在も活動中の奥田民生を中心としたロックバンドは何でしょう？,ユニコーン
2013,ノーマル,彼ら自身の言葉で「人間」や「男性」といった意味を持つ、北海道の先住民族は何でしょう？,アイヌ族(あいぬぞく)
2013,ノーマル,「アメリカのモーパッサン」ともたたえられた小説家で、『賢者のおくりもの』や『最後の一葉』などの代表作で知られるのは誰でしょう？,O・ヘンリー(O.Henry)
2013,ノーマル,ゴルフの「ロングホール」とは、パーがいくつ以上のホールのことでしょう？,5打以上(5だいじょう)
2013,ノーマル,西村瑞樹(にしむら・みずき)と小峠英二(ことうげ・えいじ)の2人からなるお笑いコンビで、昨年のキングオブコントでは歴代最高得点を獲得し優勝したのは何でしょう？,バイきんぐ
2013,ノーマル,画家ルノワールの代表作の舞台にもなった、パリ・モンマルトルの丘の上にかつてあったダンスホールは何でしょう？,ムーラン・ド・ラ・ギャレット(Bal du moulin de la Galette)
2013,ノーマル,1桁の素数で最も大きい数字は7ですが、2桁の素数で最も大きい数字はいくつでしょう？,97
2013,ノーマル,1本あたりの熱量は100キロカロリーである、「フルーツ」「チーズ」「メープル」などの味がある、大塚製薬の栄養食品は何でしょう？,カロリーメイト
2013,ノーマル,日本語では「空想科学小説」と訳される文学のジャンルを、アルファベット2文字の略語で何というでしょう？,SF
2013,ノーマル,社会主義諸国の秘密主義体制を「鉄のカーテン」と批判した、第61代および63代のイギリス首相を務めた政治家は誰でしょう？,ウィンストン・チャーチル(Sir Winston LeonardSpencer-Churchill)
2013,ノーマル,化学の実験で使われるBTB溶液において、中性を示すのは何色でしょう？,緑色(りょくしょく)
2013,ノーマル,英語では「Mouth Drums」と呼ばれることもある、打楽器の奏でる音色を、そっくりそのまま口で表現する技術を何というでしょう？,ボイス・パーカッション
2013,ノーマル,「これは、私が小さいときに、村の茂平(もへい)というおじいさんからきいたお話です。」という書き出しで始まる、童話作家・新美南吉の代表作は何でしょう？,『ごんぎつね』
2013,ノーマル,サッカーで、「3-5-2のフォーメーション」と言った場合、フォワードの人数は何人でしょう？,2人(2にん)
2013,ノーマル,背もたれを後ろへ倒すことができる/椅子のことを何というでしょう？,リクライニングシート
2013,ノーマル,アラビア半島やアフリカ大陸北部に見られる、雨が降った時だけ水が流れる「涸れ川」のことをアラビア語で何というでしょう？,ワジ(وادي/wādī)
2013,ノーマル,宇宙人からもらったマント、マスク、バッジの力で正義のヒーローになる小学生・須羽ミツ夫を主人公とする、藤子・F・不二雄原作の漫画は何でしょう？,『パーマン』
2013,ノーマル,平安京が作られた時の元号は延暦ですが、平安神宮が作られた時の元号は何でしょう？,明治(めいじ)
2013,ノーマル,ピーチアビエーションやジェットスターなどの格安航空会社のことを、「Low-CostCarrier(ローコストキャリア)」の頭文字を取って何というでしょう？,LCC
2013,ノーマル,行儀が悪いことをいましめた言葉で、食事をした後すぐ寝ると何になるというでしょう？,牛(うし)
2013,ノーマル,予想した通りにうまく事が運び、調子に乗ってつけあがる事を、漢字一文字を使って「何に乗る」と言うでしょう？,図(ず)
2013,ノーマル,スポーツ大会などの最優秀選手のことを「MVP」といいますが、この「MVP」とは何という言葉の略でしょう？,モースト・バリアブル・プレーヤー(Most Valuable Player)
2013,ノーマル,漁師の手に噛み付くことから「テックイ」とも呼ばれる、漢字では魚偏に平と書く魚は何でしょう？,ヒラメ
2013,ノーマル,もともとは国全体で一つの選挙区とする選挙制度を指し、現在はある人や物がより広い地域で人気を得ることを指す言葉は何でしょう？,全国(ぜんこく)
2013,ノーマル,芥川龍之介の作品『侏儒の言葉』の中で、「重大に扱うのは莫迦莫迦しい。重大に扱わなければ危険である」とされているは「一箱の何」でしょう？,マッチ
2013,ノーマル,元々はお坊さんが説法をするために座る場所のことで、現在は落語を行うために噺家が座る場所を意味する言葉は何でしょう？,高座(こうざ)
2013,ノーマル,イスラム教の第9月に相当する、イスラム教徒が「サウム」という断食を行う月のことを何というでしょう？,ラマダーン
2013,ノーマル,株式会社・菓匠三全(かしょうさんぜん)が販売する、カスタードクリームをカステラで包んだ饅頭型の仙台銘菓を何というでしょう？,萩の月(はぎのつき)
2013,ノーマル,オーストラリアの6つの州の中で、最も面積が大きいのは西オーストラリア州ですが、最も面積が小さいのは何州でしょう？,タスマニア州(Tasmania)
2013,ノーマル,ストレプトマイシンやペニシリンなど、微生物の発育や細菌の増殖を阻止する物質を、総称して何というでしょう？,抗生物質(こうせいぶっしつ)
2013,ノーマル,人気クイズ番組「パネルクイズアタック25」で現在司会を務めている、ABC・朝日放送のアナウンサーは誰でしょう？,浦川泰幸(うらかわ・やすゆき)
2013,ノーマル,ジュリアス・シーザーが「賽は投げられた」と言って渡ったとされる、イタリア北部を流れる川は何でしょう？,ルビコン川(Rubicon)
2013,ノーマル,冬のファッションアイテムとして人気を集めている、くるぶしあたりまでのの短いブーツのことをなんというでしょう？,ブーティー
2013,ノーマル,ペギー葉山が作詞した『ドレミの歌』の1番の歌詞で、ソは何と歌われているでしょう？,青い空(あおいそら)
2013,ノーマル,日本語では「踵骨腱」と呼ばれる、ふくらはぎの筋肉と踵の骨をつなぐ腱のことを、ギリシャ神話の英雄の名をとって何というでしょう？,アキレス腱(あきれすけん)
2013,ノーマル,大阪府にある唯一の村は千早赤阪村ですが、京都府にある唯一の村はどこでしょう？,南山城(みなみやましろ)
2013,ノーマル,日本ではソフトバンクとauで公式に利用できる、アップルの人気スマートフォンは何でしょう？,iPhone
2013,ノーマル,メジャーリーグで、レギュラーシーズン終了後にアメリカンリーグとナショナルリーグの優勝チーム同士が対戦するシリーズのことを何というでしょう？,ワールドシリーズ(World Series)
2013,ノーマル,日本に10社ある電力会社の中で唯一、原子力発電所を持っていないのはどこでしょう？,沖縄電力株式会社(おきなわでんりょくかぶしきがいしゃ)
2013,ノーマル,国名を表す英語を一般名詞で用いたときに、「china」は磁器のことですが、「japan」は何のことでしょう？,漆器(しっき)
2013,ノーマル,Google Chrome、Mozilla Firefox、Internet Explorerなど、インターネット上の情報を閲覧するためのソフトのことを英語で何というでしょう？,(ウェブ)ブラウザ
2013,ノーマル,ベルリン山、メルボルン山、エレバス山などの火山がある大陸はどこでしょう？,南極大陸(なんきょくたいりく)
2013,ノーマル,建築において木材と木材をつなぎ止めるための金具で、夫婦の仲をつなぎとめる子どもにも例えられるのは何でしょう？,鎹(かすがい)
2013,ノーマル,江戸三座と呼ばれる3つの歌舞伎劇場といえば、中村座、市村座と何でしょう？,森田座(もりたざ)
2013,ノーマル,大きく「エレキ」と「アコースティック」に分類される弦楽器は何でしょう？,ギター
2013,ノーマル,アラビア語では「バイト・ラフム｣と呼ばれる、パレスチナ自治区にある村で、イエス・キリストの生誕地とされるのはどこでしょう？,ベツレヘム(Bethlehem)
2013,ノーマル,鮎の強い縄張り意識を利用し、おとりの鮎を使って行う鮎釣りの方法を「何釣り」というでしょう？,友釣り(ともづりり)
2013,ノーマル,室町幕府で特に「三管領」と呼ばれた3つの武家とは、斯波氏、細川氏ともうひとつは何氏でしょう？,畠山氏(はたけやまし)
2013,ノーマル,もともとは立春、立夏、立秋、立冬それぞれの前日/を指していた、現在では特に2月3日頃のことを指す言葉は何でしょう？,節分(せつぶん)
2013,ノーマル,月見そばで、卵の黄身は月に見立てられていますが、白身は何に見立てられているでしょう？,雲(くも)
2013,ノーマル,奈良県の中村由美さんのアイディアによって誕生した、アニﾒ『ドラえもん』に登場する、ドラえもんの妹は何でしょう？,ドラミちゃん
2013,ノーマル,標高1925mの車山(くるまやま)を最高峰とする長野県にある高原で、三菱電機のルームエアコンの名前にもなっているのは何でしょう？,霧ヶ峰(きりがみね)
2013,ノーマル,「リットン調査団」の団長ヴィクター・ブルワー=リットンは、どこの国の人物でしょう？,イギリス
2013,ノーマル,ズバリ、「枝豆」が成長すると何という豆になるでしょう？,大豆(だいず)
2013,ノーマル,まっさきに敵陣に突撃する部隊の隊長から転じて、野球の一番打者や、新規事業の開拓を行う人のことを、俗に何というでしょう？,切り込み隊長(きりこみたいちょう)
2013,ノーマル,『海底二万マイル』『八十日間世界一周』『十五少年漂流記』などの作品で知られる、SF小説の先駆者とされるフランスの作家は誰でしょう？,ジュール・ベルヌ(Jules Verne)
2013,ノーマル,東北大学教授の南條道夫が命名した、家電製品のゴミの中に存在するレアメタルなどの再生可能な資源を鉱山に見立てた言葉は何でしょう？,都市鉱山(としこうざん)
2013,ノーマル,ポール・デイとバンプ・デイという2段階に分けられた独特の予選方式や、優勝者が表彰式で牛乳を飲むことでお馴染みの、アメリカのモータースポーツの祭典は何でしょう？,インディ500(indy500)
2013,ノーマル,ホオズキ、タバコ、ジャガイモ、トマトといえばすべて何科の植物でしょう？,ナス科(なすか)
2013,ノーマル,音楽の著作権を管理している日本音楽著作権協会のことをアルファベット6文字で何というでしょう？,JASRAC(ジャスラック)
2013,ノーマル,通信規約を用いたインターネット通信において割り当てられる識別番号/のことを、アルファベット2文字を使って「何アドレス」というでしょう？,IPアドレス(IP)
2013,ノーマル,一般に「三代集」と呼ばれる3つの勅撰和歌集とは、古今和歌集、後撰和歌集と何でしょう？,拾遺和歌集(しゅういわかしゅう)
2013,ノーマル,ギリシャ語の「全て」と「物まね」という意味の言葉の合成語が語源である、言葉を用いず身振りや表情などによって演じる演劇のことを何というでしょう？,パントマイム(pantomime)
2013,ノーマル,昨年(2012年)、16年ぶりに再結成した、『M』『世界で一番熱い夏』『Diamonds』などのヒット曲がある、ガールズバンドの先駆けともいえる音楽ユニットは何でしょう？,プリンセスプリンセス
2013,ノーマル,その正体は能役者の斎藤十郎兵衛(さいとう・じゅうろべえ)という説もある、『大谷鬼次(おおたに・おにじ)の奴江戸兵衛』など百数十点の浮世絵を残した天才絵師は誰でしょう？,東洲斎写楽(とうしゅうさい・しゃらく)
2013,ノーマル,「えらいやっちゃ、えらいやっちゃ、ヨイヨイヨイヨイ、踊る阿呆に見る阿呆」という掛け声で知られる、徳島県の伝統的な踊りは何でしょう？,阿波踊り(あわおどり)
2013,ノーマル,「北大西洋条約」「集積回路についての知的財産に関する条約」「絶滅のおそれのある野生動植物の種の国際取引に関する条約」といえば、全て締結された都市から「何条約」と呼ばれるでしょう？,ワシントン条約(わしんとんじょうやく)
2013,ノーマル,チェスにおける「棋譜」、音楽の演奏に使われる「楽譜」を表す共通の英単語は何でしょう？,スコア(score)
2013,ノーマル,太陽の表面の約90%を構成している元素は何でしょう？,水素(すいそ)
2013,ノーマル,ボウリングで、1投目で全てのピンを倒すことをストライクといいますが、2投目で全て倒すことを何というでしょう？,スペア
2013,ノーマル,ベン&ジェリーズ、バスキンロビンス、ハーゲンダッツといえば、どんな食べ物を主力商品としているブランドでしょう？,アイスクリーム
2013,ノーマル,「右」と「左」をそれぞれ漢字で書いた時、一画目が横棒なのはどちらでしょう？,左(ひだり)
2013,ノーマル,『あこがれ』『一握の砂』『悲しき玩具』といった作品集を残している、明治時代の詩人は誰でしょう？,石川啄木(いしかわ・たくぼく)
2013,ノーマル,1978年に世界遺産に登録された、世界で最初の国立公園としても知られるアメリカの公園はどこでしょう？,イエローストーン国立公園(Yellowstone National Park)
2013,ノーマル,ジャニーズ事務所のグループ「Sexy Zone」を正しく表記した場合、赤い文字となる2文字は何と何でしょう？,xとy
2013,ノーマル,陸上競技のトラック種目で、クラウチングスタートを行うと定められているのは、距離が何m以下の種目でしょう？,400m
2013,ノーマル,1086年に息子の堀河天皇に位を譲り、初めて院政を行った日本の天皇は誰でしょう？,白河上皇(しらかわじょうこう)
2013,ノーマル,フーガ、マーチ、ジュークなどの車種を製造販売している、日本の自動車メーカーは何でしょう？,日産自動車(にっさんじどうしゃ)
2013,ノーマル,源平合戦が歌詞に歌い込まれている、新潟県佐渡島に伝わる民謡は何でしょう？,『相川音頭』(『あいかわおんど』)
2013,ノーマル,医学的には「齲蝕症(うしょくしょう)」と呼ばれるのは、一般に何と呼ばれる病気でしょう？,虫歯(むしば)
2013,ノーマル,この年にアフリカ大陸で17カ国が独立したことから、「アフリカの年」と呼ばれているのは、西暦何年でしょう？,1960年(1960ねん)
2013,ノーマル,現在は沢城(さわしろ)みゆきが声を演じている、アニメ『ルパン三世』シリーズに登場する謎の美女は誰でしょう？,峰不二子(みね・ふじこ)
2013,ノーマル,本の巻末にある、作者や版数、発行者の名前などが書かれている部分を何というでしょう？,奥付(おくづけ)
2013,ノーマル,アメリカではNielsen Companyが、日本の地上波ではビデオ・リサーチが主力となっている、どれほどの世帯がそのテレビ番組を見たかを表す数値は何でしょう？,視聴率(しちょうりつ)
2013,ノーマル,浅原鏡村(あさはら・きょうそん)が作詞した唱歌のタイトルにもなっている、次の日が晴れることを祈って窓際に飾られる人形は何でしょう？,てるてる坊主(てるてるぼうず)
2013,ノーマル,マフラーやショールの両端等に用いられる、紐や毛糸を束ねて付けた房飾りの事を何というでしょう？,フリンジ
2013,ノーマル,腰をおろして両膝を腕で抱えるようにする座り方を、学校の教科の名前を用いて「何座り」というでしょう？,体育座り(たいいくすわり)
2013,ノーマル,日本の都市で、大野市があるのは福井県、中野市があるのは長野県ですが、小野市がある都道府県はどこでしょう？,兵庫(ひょうご)
2013,ノーマル,"50mプールを往復しながら1,500m泳ぎきった時、ターンは合計何回したでしょう？",29回(29かい)
2013,ノーマル,車の部品などを改良して機能を高めること、ラジオなどでは周波数を合わせること、音楽では楽器の音の高さを合わせることに共通する英語は何でしょう？,Tuning(チューニング)
2013,ノーマル,徳川吉宗を支え、小石川療養所・町火消し制度などを作り「名奉行」として慕われた町奉行は誰でしょう？,大岡忠相(おおおか・ただすけ)
2013,ノーマル,2014年FIFAワールドカップのアジア最終予選で、あさって3月26日に日本と対戦する国はどこでしょう？,ヨルダン(Jordan)
2013,ノーマル,人気の絵本シリーズ『ぐりとぐら』で、赤い服を着ているのは、ぐり、ぐらのどちらでしょう？,ぐら
2013,ノーマル,八代亜紀のヒット曲『舟唄』で、「お酒はぬるめの燗(かん)がいい」と歌われていますが、「肴(さかな)はあぶった何でいい」と歌われているでしょう？,イカ
2013,ノーマル,1931年から約40年間、世界一の高さを誇ったアメリカ・ニューヨークにあるビルで、映画の中でキングコングが攀(よ)じ登ったことでも知られるのは何でしょう？,エンパイアステートビル(the Empire State Building)
2013,ノーマル,英語で「麦わら」という意味がある、飲み物を吸い上げるのに用いる筒状の道具は何でしょう？,ストロー
2013,ノーマル,とても賢いことをたとえて「目からどこへ抜ける」というでしょう？,鼻(はな)
2013,ノーマル,人気のスポーツゲームシリーズで、「ウイイレ」といえば『ウイニングイレブン』のことですが、「パワプロ」といえば何というゲームの略称でしょう？,『実況パワフルプロ野球』(『じっきょうぱわふるぷろやきゅう』)
2013,ノーマル,熱の伝わり方を大きく3つにわけると、伝導、対流と何でしょう？,放射(ほうしゃ)
2013,ノーマル,1999年から2012年まで東京都知事を務めた、芥川賞作家は誰でしょう？,石原慎太郎(いしはらしんたろう)
2013,ノーマル,日本庭園において、庭園外の風物を背景に取り入れる方法のことを何というでしょう？,借景(しゃっけい)
2013,ノーマル,『工場の出口』や『ラ・シオタ駅への列車の到着』など、世界で初めて娯楽としての映画を制作した、兄・オーギュスト、弟・ルイの兄弟は何でしょう？,リュミエール兄弟(Lumière)
2013,ノーマル,山口県美祢市が日本国内シェア1位である、英語では「マーブル」という建築や彫刻によく用いられる岩石は何でしょう？,大理石(だいりせき)
2013,ノーマル,世界初の推理小説とされる、エドガー・アラン・ポーの作品は何でしょう？,『モルグ街の殺人』(モルグがいのさつじん)
2013,ノーマル,緊急走行中の救急車が一般道路を走る時の法定最高速度は、時速何kmでしょう？,80㎞
2013,ノーマル,美術家のセドリック・ギボンズがデザインした、アカデミー賞の授賞者に贈られる像は何でしょう？,オスカー像(おすかーぞう)
2013,ノーマル,ツバメやハクチョウ、マガモのように、季節に合わせて長距離の移動を繰り返す鳥のことを何というでしょう？,渡り鳥※「漂鳥」は×。(わたりどり※「ひょうちょう」は×。)
2013,ノーマル,清水依与吏(しみず・いより)がボーカルを務めるバンドの名前にもなっている、雑誌で最新号以外の過去に発行された号のことを指す言葉は何でしょう？,バックナンバー(back number)
2013,ノーマル,日本語では「単軌鉄道」と訳される、レールと電車の位置関係から懸垂式と跨座式に分類される鉄道を英語で何というでしょう？,モノレール(monorail)
2013,ノーマル,公営競技で、2着以内に入ることを「連勝式の対象」を略した言葉で何というでしょう？,連対(れんたい)
2013,ノーマル,来月(4月)27日、岡田准一・榮倉奈々主演の実写映画が公開予定である、防衛部・図書特殊部隊の奮闘を描いた、有川浩の小説は何でしょう？,『図書館戦争』(としょかんせんそう)
2013,ノーマル,「ペットボトル」などという時の「ペット」とは、何という化学物質の略称でしょう？,ポリエチレンテレフタレート
2013,ノーマル,日本語では「大憲章」という、1215年にイングランドのジョン王が承認し、憲法の基礎となった憲章を何というでしょう？,マグナカルタ(Magna Carta)
2013,ノーマル,雪山で足場を作る際などに用いられる、つるはしのような器具のことをドイツ語で何というでしょう？,ピッケル
2013,ノーマル,日本には約405万平方キロメートル存在する、国連海洋法条約に基づき各国に設定される、経済的な主権が及ぶ海域を何というでしょう？,排他的経済水域(はいたてきけいざいすいいき)
2013,ノーマル,音楽家のつのだ☆ひろと、ダンス☆マンの芸名に共通して使われているマークは何でしょう？,☆(星)
2013,ノーマル,1982年、1985年、1986年のプロ野球パシフィックリーグで打撃三冠王に輝いた、元中日ドラゴンズの監督といえば誰でしょう？,落合博満(おちあい・ひろみつ)
2013,ノーマル,草津温泉で行われるものが有名な、木の板で湯舟をかき混ぜることでお湯の温度を下げることを何というでしょう？,湯もみ(ゆもみ)
2013,ノーマル,バングラデシュ人の父と日本人の母の間に生まれた、どんな相手にもタメ口で話すキャラクターでおなじみのファッションモデルは誰でしょう？,ローラ
2013,ノーマル,アメリカンフットボールで、反則があった場合に審判が投げ入れる旗は何色でしょう？,黄色(きいろ)
2013,ノーマル,銀行の預金の中でも、特に手形や小切手の支払いを決済するための口座を特に何というでしょう？,当座預金(とうざよきん)
2013,ノーマル,ドラマでは宮沢りえや深津絵里、夏目雅子らが演じた、孫悟空たちとともに天竺を目指して旅をする『西遊記』の主人公は誰でしょう？,三蔵法師(さんぞうほうし)
2013,ノーマル,ホノルルのキングストリートにある、アメリカ合衆国唯一の宮殿は何でしょう？,イオラニ宮殿(Iolani)
2013,ノーマル,引き分けの中でも特に、ジャンケンにおける引き分けのことを何というでしょう？,あいこ
2013,ノーマル,ドイツ語では｢魔女の一撃｣という意味の名で呼ばれている、重い物を持ち上げようとした時などに起きる激しい腰痛のことを何というでしょう？,ぎっくり腰(ぎっくりこし)
2013,ノーマル,日本語では「叙唱(じょしょう)」などと呼ばれる、オペラなどで語るように歌われる部分をイタリア語で何というでしょう？,レチタティーヴォ(recitativo)
2013,ノーマル,元々は扇の骨がばらばらにならないように打ち込まれる金具のことで、現在では物事の最も重要になる部分を指す言葉は何でしょう？,要(かなめ)
2013,ノーマル,幸阿弥派と五十嵐派がその2大流派である、漆を塗った上に金粉などをつけて模様を表す伝統工芸品は何でしょう？,蒔絵(まきえ)
2013,ノーマル,「京都三大祭り」に数えられる3つの祭りは、5月に行われる葵祭、7月に行われる祇園祭と、10月に行われる何祭でしょう？,時代祭(じだいまつり)
2013,ノーマル,現在は「週刊少年サンデー」で『境界のRINNE(りんね)』を連載中である漫画家で、主な作品に『めぞん一刻』『犬夜叉』『うる星やつら』などがあるのは誰でしょう？,高橋留美子(たかはしるみこ)
2013,ノーマル,英語では「アクアリージア/(aqua regia)」という、濃塩酸と濃硝酸を3対1の割合で混ぜて作られる液体を何というでしょう？,王水(おうすい)
2013,ノーマル,恐竜をモチーフとし、変身時にはサンバを踊る、現在テレビ朝日系列で放映中の『スーパー戦隊シリーズ』の最新作の題名は何でしょう？,『獣電戦隊キョウリュウジャー』(『けものでんせんたいきょうりゅうじゃー』)
2013,ノーマル,その所在地から、東京証券取引所の別名は兜町といいますが、大阪証券取引所の別名は何というでしょう？,北浜(きたはま)
2013,ノーマル,日本独特の女性の美しさを例える場合に用いられる、かつての日本の呼び名と植物を使った四字熟語は何でしょう？,大和撫子(やまとなでしこ)
2013,ノーマル,大相撲で、十両の取り組みと幕内の取り組みの間の時間を何というでしょう？,中入り(なかいりり)
2013,ノーマル,アマースト農業大学の初代学長を務めたアメリカの教育家で、1876年に札幌農学校の教頭として来日したのは誰でしょう？,ウィリアム・スミス・クラーク(William Smith Clark)
2013,ノーマル,今年(2013年)、42年ぶりに再結成されることが発表された、『モナリザの微笑』『君だけに愛を』などの代表曲を持つグループは何でしょう？,ザ・タイガース
2013,ノーマル,市の面積の3割を運河が占めることから「北欧のベネチア」という別名を持つ、スウェーデンの首都はどこでしょう？,ストックホルム(Stockholm)
2013,ノーマル,パイナップルやマンゴーなどのように、南国で採れる果物のことを何というでしょう？,トロピカルフルーツ
2013,ノーマル,「フレミングの左手の法則」で、親指は力の向き、人差し指は磁界の向きを表しますが、中指は何を表すでしょう？,電流の向き(でんりゅうのむき)
2013,ノーマル,ショッピングサイトの「ビッダーズ」「モバオク」、ソーシャルゲームの「モバゲー」や、プロ野球のベイスターズのオーナーとして知られる企業はどこでしょう？,株式会社ディー・エヌ・エー(DeNA)
2013,ノーマル,気象用語の「エルニーニョ」と「ラニーニャ」はともに何語の言葉でしょう？,スペイン語(すぺいんご)
2013,ノーマル,1年が365日の年において、ちょうど真ん中となる183日目は何月何日でしょう？,7月2日(7がつ2にち)
2013,ノーマル,女性がドレスの胸などに付ける、生け花や造花で作ったアクセサリーのことをフランス語で何というでしょう？,コサージュ
2013,ノーマル,本州四国連絡橋の1つ・瀬戸大橋が結ぶ2つの市は、岡山県の倉敷市と、香川県の何市でしょう？,坂出(さかいで)(さかいで(さかいで))
2013,ノーマル,これを開発した梯郁太郎(かけはし・いくたろう)が今年(2013年)のグラミー技術賞を受賞した、電子楽器におけるデータの共通規格をアルファベット4文字で何と言うでしょう？,MIDI(Musical InstrumentDigital Interface)
2013,ノーマル,陸上植物の葉に見られる、蒸散や呼吸、光合成を行うために必要な穴のことを何というでしょう？,気孔(きこう)
2013,ノーマル,長野オリンピックでは里谷多英(さとや・たえ)が金メダルを獲得した、ノルウェー語で「雪のこぶ」という意味がある種目は何でしょう？,モーグル
2013,ノーマル,『エデンの東』『理由なき反抗』『ジャイアンツ』などの映画に出演した、1950年代を代表する俳優は誰でしょう？,ジェームズ・ディーン
2013,ノーマル,英語で、「The Book」といったら特にどんな書物のことを指すでしょう？,聖書(せいしょ)
2013,ノーマル,フレデリク・パシーとともに第1回ノーベル平和賞を受賞した、国際赤十字社を創設したことでも知られるフランスの政治家は誰でしょう？,ジャン・アンリ・デュナン
2013,ノーマル,宝塚歌劇において、トップスターの退団公演のことをカタカナ4文字で何公演というでしょう？,サヨナラ公演(さよならこうえん)
2013,ノーマル,人間の性格を「ハムレット型」と「ドン・キホーテ型」に分類した、『ルージン』『父と子』『猟人日記』などの作品で知られるロシアの作家は誰でしょう？,イワン・セルゲーヴィッチ・ツルゲーネフ(Ива́нСерге́евичТурге́нев)
2013,ノーマル,四則演算の中で、小学校教育において最後に学習することになっているのは何でしょう？,割り算(わりざん)
2013,ノーマル,鉄道の軌道で、上り用と下り用に1線ずつ敷かれたものを複線といいますが、上り用と下り用に2線ずつ敷かれたものを何というでしょう？,複々線(ふくふくせん)
2013,ノーマル,名もない一般人女性が短期間で成功する物語を、ある童話にちなんで何ストーリーというでしょう？,シンデレラストーリー
2013,ノーマル,レノア、ファーファー、ソフランといえば、洗濯の時に使うどんな商品のブランドでしょう？,柔軟剤(じゅうなんざい)
2013,ノーマル,野球で「左の大砲が流し打ちで、ライン際にタイムリーヒット」といえば、打球が飛んだのはレフト方向、ライト方向のどちらでしょう？,レフト方向(れふとほうこう)
2013,ノーマル,オットリーノ・レスピーギの「ローマ三部作」と呼ばれる交響詩とは、『ローマの松』、『ローマの祭』と何でしょう？,『ローマの噴水』(『ろーまのふんすい』)
2013,ノーマル,西暦208年、孫権と劉備(りゅうび)の連合軍が曹操軍を破った戦いを、その地名から何というでしょう？,赤壁(せきへき)の戦い(せきへき(せきへき)のたたかい)
2013,ノーマル,一般に「ステーキ」と言った場合、どんな食材で作ったステーキのことを指すでしょう？,牛肉(ぎゅうにく)
2013,ノーマル,カントー地方・マサラタウン出身のポケモントレーナーである、アニメ『ポケットモンスター』シリーズの主人公の少年は誰でしょう？,サトシ
2013,ノーマル,現在、バレーボールVリーグのプレミアリーグは、男子・女子とも何チームで構成されているでしょう？,8チーム
2013,ノーマル,隆元、元春、隆景の3人の息子に対して「三本の矢」の教訓を言ったエピソードが有名な、戦国時代に中国地方を支配した大名は誰でしょう？,毛利元就(もうり・もとなり)
2013,ノーマル,その「大賞」だけは審査ではなく投票によって選ばれる、日本デザイン振興会が一年に一度、デザインが優れた事物に授与している賞は何でしょう？,グッドデザイン賞(ぐっどでざいんしょう)
2013,ノーマル,国土を全てセネガルに囲まれている、首都をバンジュルに置くアフリカの国はどこでしょう？,ガンビア共和国(Republic of TheGambia)
2013,ノーマル,インドゴムノキやドラセナなどに代表される、主に葉っぱを鑑賞するために栽培される植物のことを総称して「何植物」というでしょう？,観葉植物(かんようしょくぶつ)
2013,ノーマル,総務省が2014年7月に世界に先立ちスタートさせる方針を決めた、フルハイビジョン方式に比べ解像度が4倍の映像技術を何というでしょう？,4K
2013,ノーマル,会社や芸能事務所の大きな収入源となる商品や人のことを、/ある通貨単位を用いて「何箱」というでしょう？,ドル箱(どるばこ)
2013,ノーマル,その命日を連翹(れんぎょう)忌という、『道程』『智恵子抄』などの詩集で知られる詩人は誰でしょう？,高村光太郎(たかむら・こうたろう)
2013,ノーマル,海抜約1900mの高地に位置することから、マラソン選手の合宿地に利用されることが多い、中国・雲南省の省都はどこでしょう？,昆明(こんめい、クンミン)
2013,ノーマル,1994年10月の第1回放送はHOUND DOGがメインゲストだった、昨年12月に終了したフジテレビの長寿音楽番組は何でしょう？,『HEY!HEY!HEY!MUSIC CHAMP』(ヘイ!ヘイ!ヘイ!ミュージックチャンプ)
2013,ノーマル,ラドン、キセノン、クリプトン、アルゴン、ネオン、ヘリウムがこれにあたる、周期表の18族に属する元素を総称して何というでしょう？,希ガス(元素)
2013,ノーマル,「わけあって、安い」/というキャッチコピーでも知られる、株式会社良品計画によって展開されるブランドは何でしょう？,無印良品(むじるしりょうひん)
2013,ノーマル,犯罪を行おうとして実行に移したものの、その目的が達成できなかった場合のことを漢字二文字で何というでしょう？,未遂(みすい)
2013,ノーマル,ギリシア神話に登場する、人類初の女性/とされる人物で、開けてはいけないものを意味する「箱」に名を残すのは誰でしょう？,パンドラ
2013,ノーマル,今年の8月10日から18日まで、第14回の世界陸上が開催される都市はどこでしょう？,モスクワ(Moskva)
2013,ノーマル,アニメソングの作詞を多く手掛けている、代表作に『冒険でしょでしょ?』『もってけ!セーラーふく』などがある作詞家は誰でしょう？,畑亜貴(はた・あき)
2013,ノーマル,「抗議する者」という意味のラテン語に由来する、16世紀の宗教改革後、カトリックに反抗して起こった新教徒を何というでしょう？,プロテスタント(Protestant)
2013,ノーマル,特定の人をひいきすることは「肩入れ」といいますが、お嫁に行くことをある乗り物の名を使って｢何入れ」というでしょう？,輿(こし)入れ(こし(こし)いれ)
2013,ノーマル,日本語では「競売人」とも呼ばれる、オークションの場を取り仕切る人を指す英語は何でしょう？,オークショニア(auctioneer)
2013,ノーマル,2013年、TBSでドラマ化された小説『夜行観覧車』の作者は誰でしょう？,湊かなえ(みなとかなえ)
2013,ノーマル,自社の社員食堂の料理レシピを出版して話題となった、1923年創業の体重計メーカーは何でしょう？,株式会社タニタ(かぶしきがいしゃたにた)
2013,ノーマル,アルファベットのAの上にリング記号をつけて表される、10のマイナス10乗mを1とする長さの単位は何でしょう？,オングストローム
2013,ノーマル,水泳で、個人メドレーでは1番目、メドレーリレーでは3番目に行われる泳ぎ方は何でしょう？,バタフライ
2013,ノーマル,音楽用語を英語で言った時、長調のことをメジャーといいますが、短調のことを何というでしょう？,マイナー
2013,ノーマル,『おいでよ』『とびだせ』『街へいこうよ』などの作品がある、任天堂の人気ゲームシリーズは何でしょう？,『どうぶつの森』シリーズ(『どうぶつのもり』しりーず)
2013,ノーマル,アイドルグループのメンバーの中でも、特に自分がひいきにしている人物のことを、「推しているメンバー」という言葉の略から何というでしょう？,推しメン(おしめん)
2013,ノーマル,双子は英語でツインズといいますが、三つ子は英語で何というでしょう？,トリプレット(triplets)
2013,ノーマル,山号を竺和山(じくわざん)という、四国八十八カ所の第一番札所である寺はどこでしょう？,霊山寺(りょうぜんじ)
2013,ノーマル,飛行機の離陸のことは英語でテイクオフといいますが、ロケットの発射のことは英語で何というでしょう？,リフトオフ(lift off)
2013,ノーマル,1974年にノーベル平和賞を受賞/した、日本の元首相は誰でしょう？,佐藤栄作(さとうえいさく)
2013,ノーマル,ル・レクチェ、オーロラ、ラ・フランスといえば、どんな果物の品種でしょう？,西洋ナシ(せいようなし)
2013,ノーマル,子牛を表す「ベコ」にちなんで名づけられた、不二家のマスコットキャラクターとしておなじみのキャラクターは何でしょう？,ペコちゃん
2013,ノーマル,競馬場の別名で、「府中」といえば東京競馬場ですが、「淀」といえばどこでしょう？,京都競馬場(きょうとけいばじょう)
2013,ノーマル,英語で「樽」/という意味がある、石油用の体積を表すヤード･ポンド法の単位は何でしょう？,バレル
2013,ノーマル,上着とスラックスを同じ布地で揃えて作られた服を、英語の「一揃い」という意味から何というでしょう？,スーツ
2013,ノーマル,セルバンテスの小説『ドン・キホーテ』で、ドン・キホーテが乗る愛馬の名前は何でしょう？,ロシナンテ
2013,ノーマル,『奇跡』『軍隊』『驚愕』など多くの交響曲を作曲したことから「交響曲の父」と呼ばれる18世紀オーストリアの作曲家は誰でしょう？,フランツ・ヨーゼフ・ハイドン(Franz Joseph Haydn)
2013,ノーマル,トルコ語で「黒い砂利」という意味がある、世界の8000m峰のうち4座を擁する、パキスタン・インド・中国の国境付近の山脈はどこでしょう？,カラコルム山脈(Karakoram、Karakorum、喀喇昆仑山脉)
2013,ノーマル,「わだばゴッホになる」という決意の言葉も有名な、『大世界の柵』『釈迦十大弟子』などの代表作で知られる版画家は誰でしょう？,棟方志功(むなかた・しこう)
2013,ノーマル,国学者の本居宣長がおよそ35年をかけて著した、『古事記』の注釈書は何でしょう？,『古事記伝』(こじきでん)
2013,ノーマル,「ゆりーと」をマスコットキャラクターに、今年「スポーツ祭(さい)」と題して国民体育大会が開催されるのはどこの都道府県でしょう？,東京(とうきょう)
2013,ノーマル,水に溶解させたものは炭酸水、固体となったものはドライアイスと呼ばれる、化学式CO2で表される気体は何でしょう？,二酸化炭素(にさんかたんそ)
2013,ノーマル,舞台などの通し稽古のことを「ゲネプロ」といいますが、これは何という言葉を略したものでしょう？,ゲネラルプローベ
2013,ノーマル,「新しい」という字が付く新幹線の駅で、最も北にあるのは新青森ですが、最も南にあるのは何駅でしょう？,新水俣(しんみなまた)
2013,ノーマル,金婚式は結婚50周年、銀婚式は結婚25周年を祝うものですが、銅婚式は結婚何周年を祝うものでしょう？,7周年(7しゅうねん)
2013,ノーマル,紀元前49年、シーザーが「さいは投げられた」と言って渡ったのは何という川でしょう？,ルビコン川(Rubicon)
2013,ノーマル,1978年の今日3月24日に生まれた、音楽グループ「Every Little Thing」のボーカルといえば誰でしょう？,持田香織(もちだ・かおり)
2013,ノーマル,マレー語で「あっちへ行け」という意味の言葉が語源とも言われている、テストでの「不正解」や「×印」を意味する言葉は何でしょう？,ペケ
2013,ノーマル,著書『純粋理性批判』の中で自らの認識を「コペルニクス的転回」と名付けたドイツの哲学者は誰でしょう？,イマニエル・カント(Immanuel Kant)
2013,ノーマル,ビリヤードにおいて、キューをほぼ垂直に立て、手球に強い回転を与えるテクニックのことを何というでしょう？,マッセ
2013,ノーマル,正式には「第三大臼歯」という、永久歯のうち最も遅く生えてくる4本の歯のことを、生えた頃には親が死んでいるという意味で何というでしょう？,親知らず(歯)
2013,ノーマル,日本で料理をする際に用いられる容積の単位「1カップ」は何ccを表すでしょう？,200cc
2013,ノーマル,本名をアルツール・アンツネス・コインブラという、ブラジルを代表する元サッカー選手は誰でしょう？,ジーコ
2013,ノーマル,落差350mと、日本にある滝の中で最大の高さを誇る、富山県にある滝は何でしょう？,称名滝(しょうみょう)
2013,ノーマル,音楽の楽曲の形式で、日本語で「円舞曲(えんぶきょく)」と呼ばれるのはワルツですが、「輪舞曲(りんぶきょく)」と呼ばれるのは何でしょう？,ロンド
2013,ノーマル,セールスドライバーにイケメンが多いことから公式ファンブックまで登場している、飛脚のマークでおなじみの運送会社は何でしょう？,佐川急便(さがわきゅうびん)
2013,ノーマル,サツマイモの効用を説いた書物『蕃藷考』を著した事でも知られる、江戸時代中期の儒学者と言えば誰でしょう？,青木昆陽(あおき・こんよう)
2013,ノーマル,今年(2013年)秋公開予定の『かぐや姫の物語』が14年ぶりの作品となる、『火垂るの墓』などで知られるアニメ監督は誰でしょう？,高畑勲(たかはた・いさお)
2013,ノーマル,ナポレオン・ボナパルトがかぶっていた帽子の形に似ているところから名付けられた、イカの耳の部分にあたる三角形型のひれのことを何というでしょう？,えんぺら
2013,ノーマル,アメリカにおいて大統領選挙の2年後に行われる、下院議員の全員と上院議員の3分の1が改選される選挙のことを何というでしょう？,中間選挙(midterm election、off-year election)
2013,ノーマル,もともとは兄と弟を表した熟語で、転じて互いの力が釣り合っていてほとんど差がないことを意味する言葉は何でしょう？,伯仲(はくちゅう)
2013,ノーマル,イヌイットの言葉で「我らの大地」という意味を持つ、1999年に発足したカナダで3番目の準州は何でしょう？,ヌナブト準州(Nunavut)
2013,ノーマル,国際陸上競技連盟が定める駅伝の国際ルールでは、走る距離の合計は6区間で何キロメートルでしょう？,42.195km
2013,ノーマル,昭和40年から平成18年まで日本国内の定期便に就航していた、日本航空機製造が製造した小型の双発プロペラ旅客機は何でしょう？,YS-11
2013,ノーマル,1998年に佐野陽光によって創始/された、日本最大の料理レシピ共有サイトは何でしょう？,クックパッド
2013,ノーマル,初代はショーン・コネリーが、現在はダニエル・クレイグがその役を演じている、映画『007(ダブル・オー・セブン)』シリーズの主人公は誰でしょう？,ジェームズ・ボンド
2013,ノーマル,恋愛小説を書く時にはメアリー・ウエストマコットという名前を使っていた、名探偵ポアロを生んだイギリスの女流作家は誰でしょう？,アガサ・クリスティ(Agatha Christie)
2013,ノーマル,ギリシャ語で「焼き焦がすもの」という言葉に由来する、一等星の中で最も明るい、おおいぬ座のα星は何でしょう？,シリウス
2013,ノーマル,一旦落ちた会社の業績が急激な勢いで回復することを、アルファベット1文字を使って「何字回復」というでしょう？,V字回復(Vじかいふく)
2013,ノーマル,同じ耕地で同じ作物を年2回栽培することを特に何というでしょう？,二期作(にきさく)
2013,ノーマル,共同企業体を現す略語「JV」/とは何という言葉の略でしょう？,ジョイント・ベンチャー(ジョイントベンチャー)
2013,ノーマル,体積20cm³の円錐の高さが6cmの場合、この円錐の底面積は何cm²でしょう？,10cm²
2013,ノーマル,英語で「ぶらつく」や「ゆっくり行く」という意味がある、観光地などを自転車やバイクでぶらつくことを何というでしょう？,ポタリング
2013,ノーマル,2004年に『あなたなしでは生きてゆけない』でデビューしたアイドルグループで、「ももち」こと嗣永桃子が所属していることで知られるのは何でしょう？,Berryz工房(ベリーズこうぼう)
2013,ノーマル,スポーツのチームを意味する言葉で、「ナイン」は野球、「イレブン」はサッカーですが、「フィフティーン」は一般に何のスポーツでしょう？,ラグビー
2013,ノーマル,「高飛車」「ええじゃないか」「FUJIYAMA」といえば、これらのアトラクションがある遊園地はどこでしょう？,富士急ハイランド(ふじきゅうはいらんど)
2013,ノーマル,現在の最高指導者、金正恩(キム・ジョンウン)の祖父にあたる、北朝鮮の初代最高指導者は誰でしょう？,金日成(キム・イルソン)
2013,ノーマル,『夜の踊り子』『ルーキー』『アルクアラウンド』などのヒット曲がある、山口一郎がボーカルを務めるロックバンドは何でしょう？,サカナクション
2013,ノーマル,電気回路で用いられる電流計と電圧計のうち、内部抵抗が大きいのはどちらでしょう？,電圧計(でんあつけい)
2013,ノーマル,昨年9月には立川志の輔の司会で19年ぶりに復活した、「ハンターチャンス!」の掛け声でもおなじみの、テレビ朝日の往年のクイズ番組は何でしょう？,『100万円クイズハンター』(『100まんえんくいずはんたー』)
2013,ノーマル,本名を炳五(へいご)という、代表作に『不連続殺人事件』『堕落論』がある作家は誰でしょう？,坂口安吾(さかぐち・あんご)
2013,ノーマル,唱歌『四季の歌』の歌詞で、春を愛する人は心がどんな人だと歌っているでしょう？,清き(人)
2013,ノーマル,家の敷地面積に対する延べ床面積の割合のことを何というでしょう？,容積率(ようせきりつ)
2013,ノーマル,故郷を離れた者が立身出世して帰郷することを、「故郷に何を飾る」というでしょう？,錦(にしき)
2013,ノーマル,「GET WILD & BE SEXY」をコンセプトとし、大洋図書が刊行している10代から20代前半のギャル系向き雑誌は何でしょう？,「egg」
2013,ノーマル,日本の国立公園をアイウエオ順に並べた時最初にくる、北海道にある国立公園は何でしょう？,阿寒(あかん)国立公園(あかん(あかん)こくりつこうえん)
2013,ノーマル,日本のプロ野球12球団で、唯一九州に本拠地を置くのは何でしょう？,福岡ソフトバンクホークス(ふくおかそふとばんくほーくす)
2013,ノーマル,初代兵庫県知事、初代貴族院議長、初代枢密院議長、初代内閣総理大臣など、さまざまな初代の役職を歴任した明治時代の政治家は誰でしょう？,伊藤博文(いとう・ひろぶみ)
2013,ノーマル,ファッション用語で、「カーデ」は「カーディガン」の略ですが、「コーデ」はなんという言葉の略でしょう？,コーディネート
2013,ノーマル,現在ではエジプトにあるジェベル・ムーサ山にあたるとされる、『旧約聖書』においてモーゼが十戒を授かった山はどこでしょう？,シナイ山(Sinai)
2013,ノーマル,犬をかわいがる人のことは愛犬家といいますが、猫をかわいがる人のことを、同じく「愛する」という漢字を使って何というでしょう？,愛猫家(あいびょうか)
2013,ノーマル,昨年10月に行われたF1日本グランプリで3位に入賞し、鈴木亜久里、佐藤琢磨に続き日本人3人目の表彰台を獲得したドライバーは誰でしょう？,小林可夢偉(こばやし・かむい)
2013,ノーマル,パチンコ店で初めて使ったのは「パチンコメトロ有楽町店」であるという、瀬戸口藤吉が作曲した行進曲といったら何でしょう？,『軍艦行進曲(軍艦マーチ)』(『ぐんかんこうしんきょく(ぐんかんまーち)』)
2013,ノーマル,鳥取県北栄町(ほくえいちょう)に記念館がある、代表作に『YAIBA』『名探偵コナン』がある漫画家は誰でしょう？,青山剛昌(あおやま・ごうしょう)
2013,ノーマル,モンゴル語で「植物のまばらな荒れ地」という意味がある、モンゴルと中国の国境沿いに拡がる砂漠は何でしょう？,ゴビ砂漠(ごびさばく)
2013,ノーマル,19世紀に起こった内戦で、南北戦争が起こったのはアメリカですが、西南戦争が起こった国はどこでしょう？,日本(にっぽん)
2013,ノーマル,ポイントカードの「Ponta」や情報端末の「Loppi」などのサービスを提供しているコンビニエンスストアチェーンといえばどこでしょう？,ローソン(LAWSON)
2013,ノーマル,クジラウオやチョウチンアンコウなど、太陽光の届かない水深200mより深くに棲み独特の生態系を持つ魚類を総称して何というでしょう？,深海魚(しんかいぎょ)
2013,ノーマル,レモンハート、マイヤーズ、バカルディなどのブランドが有名な、サトウキビから作られる蒸留酒は何でしょう？,ラム(rum)
2013,ノーマル,1年の月の名前を英語で綴ると、最も長くなるのは9月ですが、最も短くなるのは何月でしょう？,5月(May)
2013,ノーマル,『Shall weダンス?』や『うなぎ』といった映画に主演している俳優で、その芸名がかつて千代田区役所に勤務していたことにちなむのは誰でしょう？,役所広司(やくしょ・こうじ)
2013,ノーマル,『アルジェの女たち』『キオス島の虐殺』『民衆を導く自由の女神』などの作品で知られるフランスの画家は誰でしょう？,ウジェーヌ・ドラクロア(Ferdinand VictorEugène Delacroix)
2013,ノーマル,昨年、個人の女性として5人目となる国民栄誉賞を受賞した、五輪と世界選手権合わせて13大会連続優勝を達成したアマチュアレスリング選手は誰でしょう？,吉田沙保里(よしだ・さおり)
2013,ノーマル,効果音のことを、よく「SE」と言いますが、これは何という英語を略したものでしょう？,Sound Effect
2013,ノーマル,政権交代に備えて野党が組織する「影の内閣」のことを、英語で何というでしょう？,シャドーキャビネット(Shadow Cabinet)
2013,ノーマル,「マダガスカル島にはアタオコロイノナという神さまみたいなものがいるが、」という書き出しで始まる、作家・北杜夫の代表作は何でしょう？,『どくとるマンボウ航海記』(『どくとるまんぼうこうかいき』)
2013,ノーマル,国際地球観測年とツィオルコフスキーの生誕100年を記念して1957年に打ち上げられた、世界初の人工衛星は何でしょう？,スプートニク1号(すぷーとにく1ごう)
2013,ノーマル,トランプゲームのババ抜きで使うカードの枚数は、普通何枚でしょう？,53枚(53まい)
2013,ノーマル,スターバック、イシュメイル、エイハブといった人物が登場する、イギリスの作家ハーマン・メルビルの長編小説は何でしょう？,『白鯨』(はくげい)
2013,ノーマル,民法第725条によると、「親族」とは、6親等までの血族、3親等までの姻族と、誰でしょう？,配偶者(はいぐうしゃ)
2013,ノーマル,2008年まで続けられた「でんぐり返し」の場面が有名な、長年森光子が主演していた演劇といえば何でしょう？,『放浪記』(『ほうろうき』)
2013,ノーマル,日本三大名園のうち、金沢市にあるのは兼六園ですが、水戸市にあるのは何でしょう？,偕楽園(かいらくえん)
2013,ノーマル,スポーツのリーグ戦における順位判定に用いられる、「勝利3・引分1・敗北0」など、試合結果に対して与えられるポイントのことを何というでしょう？,勝ち点(かちてん)
2013,ノーマル,17世紀中盤に起きたイギリス清教徒革命において、チャールズ1世の王政に謀反を起こした清教徒の指導者となった人物は誰でしょう？,オリバー・クロムウェル(Oliver Cromwell)
2013,ノーマル,相手に約束を破らないように前もって念を押すことを、ある大工道具を用いて「何を刺す」というでしょう？,釘(くぎ)
2013,ノーマル,「ロング・ターム・エボリューション」という言葉の略である、3G(スリージー)に次ぐ新しい携帯電話の通信規格は何でしょう？,LTE
2013,ノーマル,イギリスでは第1番が「第二の国歌」ともいわれている、エルガー作曲の行進曲は何でしょう？,『威風堂々』(『いふうどうどう』)
2013,ノーマル,フランス語で「小さな家」という意味がある、1戸の住居が2つ以上の階にまたがっているタイプの集合住宅の事を何というでしょう？,メゾネット
2013,ノーマル,「この番組は、視聴者から寄せられた依頼にもとづいて、探偵局長が優秀なる探偵たちを野にはなち……」で始まるオープニングでおなじみの、朝日放送の人気テレビ番組といえば何でしょう？,「探偵!ナイトスクープ」(「たんてい!ないとすくーぷ」)
2013,ノーマル,ピアノの種類で、弦を水平に張ったものをグ/ランドピアノというのに対して、小さく収まる様に弦を垂直に張ったものを何というでしょう？,アップライト・ピアノ(アップライト),
2013,ノーマル,6度の航海の末ようやく日本に渡ることができた奈良時代の僧侶で、奈良に唐招提寺を開いたのは誰でしょう？,鑑真(がんじん)
2013,ノーマル,自動車をしまっておく場所のことを車庫といいますが、飛行機をしまっておく場所のことを何というでしょう？,格納庫(かくのうこ)
2013,ノーマル,中国語の「ハオチー」、タイ語の「アロイ」、イタリア語の「ボーノ」といえば、いずれもどんな意味でしょう？,おいしい
2013,ノーマル,スペインの聖職者の名前がついた、男性が女性に花を、女性が男性に本を贈る毎年4月23日の記念日のことを何というでしょう？,サン・ジョルディの日(さん・じょるでぃのにち)
2013,ノーマル,野球で、守備のときにグローブではなくミットを使うポジションは、キャッチャーとどこでしょう？,ファースト
2013,ノーマル,囲碁盤の中央にある点を「/天元(てんげん)」といいますが、将棋盤の中央のマスを何というでしょう？,天王山(てんのうざん)
2013,ノーマル,本名をウイリアム・トムソンというイギリスの物理学者で、絶対温度をあらわす単位にその名を残すのは誰でしょう？,ケルビン(Kelvin)
2013,ノーマル,2012年11月、半生を過ごした東京都文京区に記念館がオープンした、/『阿部一族』『舞姫』などの作品で知られる作家は誰でしょう？,森鷗外(もりおうがい)
2013,ノーマル,ファルセットと呼ばれる裏声を使って女性の声域を出す男声歌手のことを特に「何テナー」というでしょう？,カウンターテナー(countertenor)
2013,ノーマル,一般に「文芸復興」と訳される、14世紀以降ヨーロッパで起こった文化運動を、「再生」を意味するフランス語でなんというでしょう？,ルネッサンス(renaissance)
2013,ノーマル,もともとは「パンなどをミルクに浸す」という意味がある、バスケットボールで、リングの上からボールをたたきこむシュートを何というでしょう？,ダンクシュート
2013,ノーマル,俗に、大阪は「食い倒れ」、京都は「着倒れ」ですが、神戸は「何倒れ」と呼ばれるでしょう？,履き倒れ(はきたおれ)
2013,ノーマル,アメリカ・コロラド州の州都で、1600mという高地にあることから「マイル・ハイ・シティー」と呼ばれるのはどこでしょう？,デンバー(Denver)
2013,ノーマル,今年(2013年)2月19日発売の通算2795号で、54年の歴史に幕を下ろした、実業之日本社の漫画雑誌は何でしょう？,「漫画サンデー」(「まんがさんでー」)
2013,ノーマル,「恒温動物において、同じ種でも寒い地域に生息するものほど体が大きい」という法則のことを、提唱者の名前をとって何というでしょう？,ベルグマンの法則(べるぐまんのほうそく)
2013,ノーマル,仏教でいう八大地獄のうちの2つの地獄の名をとった、/悲惨な状況に陥り、混乱して泣き叫ぶことを意味する四字熟語は何でしょう？,阿鼻叫喚(あびきょうかん)
2013,ノーマル,「スイカとさんま」「ウナギと梅干し」など、昔から一緒に食べることで消化が悪くなるとされた食べ物の組み合わせを何というでしょう？,食い合わせ(くいあわせ)
2013,ノーマル,アルファベット3文字で「QOL」ともいう、真の生活の豊かさや生活環境の「質」を重視した考え方を英語で何というでしょう？,クオリティオブライフ
2013,ノーマル,化学変化の際に、熱を発するものを発熱反応といいますが、熱を奪うものを何というでしょう？,吸熱反応(きゅうねつはんのう)
2013,ノーマル,定食チェーンの「やよい軒」や弁当の「ほっともっと」の経営母体であり、なでしこリーグのメインスポンサーとしても知られる企業はどこでしょう？,プレナス(Plenus)
2013,ノーマル,世界で7番目の大きさの、日本最大の島は何でしょう？,本州(ほんしゅう)
2013,ノーマル,小学校1年生で習う漢字のなかではもっとも画数が多い、12画の漢字は何でしょう？,森(もり)
2013,ノーマル,昨年(2012年)にはルイ・ヴィトンとのコラボレーションが話題を呼んだ、明るい色彩と水玉を多用するデザインが特徴的な日本の女性芸術家は誰でしょう？,草間彌生(くさま・やよい)
2013,ノーマル,摂氏3380度と金属元素の中で最も融点が高い、原子番号74、元素記号Wで表される元素は何でしょう？,タングステン
2013,ノーマル,代表作に『遠き落日』『失楽園』『愛の流刑地』がある日本の作家は誰でしょう？,渡辺淳一(わたなべ・じゅんいち)
2013,ノーマル,若者に人気のバスケットボールと、老人に人気のゲートボールに共通する1チームの人数は何人でしょう？,5人(5にん)
2013,ノーマル,お笑いコンビ、雨上がり決死隊の2人とは、宮迫博之と誰でしょう？,蛍原徹(ほとはら・とおる)
2013,ノーマル,ヴィッテル、コントレックス、エビアンは、いずれもどこの国が原産のミネラルウォーターでしょう？,フランス
2013,ノーマル,竹中半兵衛と共に豊臣秀吉の双璧とうたわれた人物で、「ドン・シメオン」という洗礼名のある戦国武将は誰でしょう？,黒田官兵衛(くろだ・かんべえ)
2013,ノーマル,ゴーギャンをモデルに小説『月と六ペンス』を書いた、イギリスの作家は誰でしょう？,ウィリアム・サマセット・モーム(William Somerset Maugham)
2013,ノーマル,大地震や台風などの災害時に使われる「災害用伝言ダイヤル」の番号は何番でしょう？,171番(171ばん)
2013,ノーマル,ロゴマークには槍を高くかざした原始人が描かれている、角川書店の編集者だった見城徹(けんじょう・とおる)らが設立した出版社は何でしょう？,幻冬舎(げんとうしゃ)
2013,ノーマル,代表という意味の「セレソン」、チームカラーからつけられた「カナリヤ軍団」といった別名で呼ばれるのは、どこの国のサッカーのナショナルチームでしょう？,ブラジル
2013,ノーマル,台風の進行方向の左側と右側のうち、比較的風雨が強い「危険半円」に該当するのはどちらでしょう？,右側(みぎがわ)
2013,ノーマル,原作では「スヌス・ムムリク」という名前だった、アニメ『ムーミン』に登場する放浪の旅人といえば誰でしょう？,スナフキン
2013,ノーマル,女性ヴォーカルのロックバンドとして、はじめて100万枚のアルバムセールスを記録した、『MOON』や『フレンズ』などのヒット曲で知られるバンドは何でしょう？,レベッカ(REBECCA)
2013,ノーマル,妹の梨良(りら)も同じく卓球選手である、ロンドンオリンピックの卓球女子団体で銀メダル獲得に貢献した選手は誰でしょう？,石川佳純(いしかわ・かすみ)
2013,ノーマル,日本の漢字一文字の市で、光市や萩市があるのは山口県ですが、旭市や柏市があるのはどこの都道府県でしょう？,千葉(ちば)
2013,ノーマル,これまでにノーベル文学賞を受賞した日本の作家は、川端康成と誰でしょう？,大江健三郎(おおえ・けんざぶろう)
2013,ノーマル,テニスの4大大会のうち、唯一クレーコートで行われるのはどれでしょう？,全仏オープン(ぜんふつおーぷん)
2013,ノーマル,一般に色の三属性といえば、明度、彩度と何でしょう？,色彩or色相(しきさいorしきそう)
2013,ノーマル,イタリア・ロンバルディア州の州都で、ヨーロッパを代表する歌劇場・スカラ座がある都市はどこでしょう？,ミラノ(Milano)
2013,ノーマル,「多年にわたり社会につくしてきた老人を敬愛し、長寿を祝う日」と定められている、国民の祝日は何でしょう？,敬老の日(けいろうのにち)
2013,ノーマル,主なメンバーには西村雅彦や梶原善(かじはら・ぜん)などがいた、演出家の三谷幸喜が主宰をしていた劇団名は何でしょう？,東京サンシャインボーイズ(とうきょうさんしゃいんぼーいず)
2013,ノーマル,ムラサキ、オオバナ、ヤクシマなどの種類がある、3か月程度花を咲かせ続けることから漢字で「百日紅(ひゃくじつこう)」と書くミソハギ科の植物は何でしょう？,サルスベリ
2013,ノーマル,平安時代、鎌倉時代、江戸時代のうち、最も長く続いた時代はどれでしょう？,平安時代(へいあんじだい)
2013,ノーマル,オリコン歴代シングル売上枚数ランキング1位を記録している童謡は何でしょう？,『およげ!たいやきくん』
2013,ノーマル,兄から詩を作るように命じられた魏の曹植の故事に由来する、詩を作る才能が高いことを指す故事成語は何でしょう？,七歩(しちほ)の才(しちほ(しちほ)のさい)
2013,ノーマル,公開鍵暗号のRSA暗号にも応用されている、ある整数をいくつかの素数の積の形にすることを何というでしょう？,素因数分解(そいんすうぶんかい)
2013,ノーマル,1505年に教皇ユリオ2世が招いて以来、ローマ法王の警護を担当するようになったのは、どこの国の兵士でしょう？,スイス
2013,ノーマル,野口雨情作詞の童謡『七つの子』に歌われているのは、どんな生き物の子どもでしょう？,カラス
2013,ノーマル,源氏の武将・源頼朝が征夷大将軍になったのは西暦何年のことでしょう？,1192年(1192ねん)
2013,ノーマル,スキューバダイビングで、お互いの安全を確認するために組むペアを何というでしょう？,バディ(buddy)
2013,ノーマル,どこで死んでも世の中には骨を埋める場所ぐらいある、という意味の慣用句を「人間(じんかん)到る処何あり」というでしょう？,青山(せいざん)
2013,ノーマル,缶詰の缶などの素材として用いられる、鉄板にスズをメッキしたものを何というでしょう？,ブリキ
2013,ノーマル,鉛筆の本数を数える際に用いる、12を1とする単位は何でしょう？,ダース
2013,ノーマル,「絶対に穴の開かない金属VS(バーサス)どんな金属にも穴を開けられるドリル」など相反するもの同士の対決を行う、フジテレビ系列で放送中のバラエティ番組は何でしょう？,『ほこ×たて』
2013,ノーマル,日本で最も多い971の島を持つ都道府県といえばどこでしょう？,長崎(ながさき)
2013,ノーマル,英語では「モーニングシックネス」という、吐き気などの妊娠中に起こる消化器官のトラブルを何というでしょう？,悪阻(つわり、おそ)
2013,ノーマル,最後は清涼殿に現れたところを源頼政に射られて退治されたという、猿の顔、狸の胴、虎の手足、蛇の尻尾を持つ怪物は何でしょう？,鵺(ぬえ)
2013,ノーマル,毎年2月にロサンゼルスのステイプルズ・センターで開催され、受賞者には蓄音機の形をしたトロフィーが贈られるアメリカの音楽賞は何でしょう？,グラミー賞(ぐらみーしょう)
2013,ノーマル,日本語では「天象儀」と訳されることが多い、星の運動を再現し映写する装置のことを何というでしょう？,プラネタリウム
2013,ノーマル,直径は7.62cm、厚さは2.54cmである、アイスホッケーに使われるゴム製の円盤を何というでしょう？,パック
2013,ノーマル,英語版は2012年末で紙媒体での発行を終了し電子版に移行した、「TIME」と並ぶニュース雑誌は何でしょう？,「Newsweek」(ニューズウィーク)
2013,ノーマル,昨年コンビ結成30周年を迎えた、浜田雅功と松本人志の2人からなるお笑いコンビの名前は何でしょう？,ダウンタウン
2013,ノーマル,1488年にアフリカ大陸の喜望峰に到達したことで知られる、ポルトガルの航海士は誰でしょう？,バルトロメウ・ディアス(Bartholomeu Dias)
2013,ノーマル,鳥男(とりおとこ)を店のキャラクターにしている居酒屋チェーンで、名物料理「幻の手羽先」で知られるのはどこでしょう？,世界の山ちゃん(せかいのやまちゃん)
2013,ノーマル,手品において、観客の視線や注意を、注目されると都合の悪い部分から逸らせる技法のことを、英語で何というでしょう？,ミスディレクション(misdirection)orレッドヘリング(red herring)
2013,ノーマル,大気圧の実験を行ったトリチェリを弟子にもつ、地動説を主張したイタリアの物理学者は誰でしょう？,ガリレオ・ガリレイ
2013,ノーマル,すぐれた人のいない場所でつまらない人が威張ることを、ある生き物を使って「鳥無き里の何」というでしょう？,蝙蝠(こうもり)
2013,ノーマル,江戸時代末期に「幕末の三舟」と呼ばれたのは、勝海舟、山岡鉄舟と誰でしょう？,高橋泥舟(たかはし・でいしゅう)
2013,ノーマル,「戦争の放棄」について書かれているのは、日本国憲法の第何条でしょう？,第9条(だい9じょう)
2013,ノーマル,ボクシングで、セコンドが試合をストップするためにリングに投げ入れるものは何でしょう？,タオル
2013,ノーマル,主人公の円堂守(えんどうまもる)がキャプテンを務める雷門中学の弱小サッカー部が、世界を目指すまでを描いた人気アニメ・ゲームシリーズは何でしょう？,『イナズマイレブン』
2013,ノーマル,福岡の民謡『炭坑節』で、月が出たと歌われている炭鉱はどこでしょう？,三池炭鉱(みいけたんこう)
2013,ノーマル,栃木県が全国生産量の約98%を占める、薄く剥いた夕顔を乾かして作る食品は何でしょう？,干瓢(かんぴょう)
2013,ノーマル,日本近海の海流の別名で、日本海流は「黒潮」といいますが、千島海流は同じく「潮」という字を使って何というでしょう？,親潮(おやしお)
2013,ノーマル,著書『政治学』の中で「人間は生まれつきポリス的動物である」という言葉を残した、プラトンの弟子にあたる古代ギリシャの哲学者は誰でしょう？,アリストテレス(Aristotelēs)
2013,ノーマル,地球からの呼び掛けに対し「これ、本番ですか?」と答えた逸話で知られる、1990年、ソユーズTM11で宇宙に飛び立ち、日本人初の宇宙飛行士となった人物は誰でしょう？,秋山豊寛(あきやま・とよひろ)
2013,ノーマル,弓を片手に馬に乗る人は、ふつう、馬の手綱はどちらの手に握るでしょう？,右手(みぎて)
2013,ノーマル,経営の苦しい会社が、借金の返済と新たな借金を繰り返しながら経営を続ける様子を、実在する乗り物を用いて何というでしょう？,自転車操業(じてんしゃそうぎょう)
2013,ノーマル,相棒である亀山薫/、神部尊、甲斐享と共に事件解決する、TVドラマ『相棒』の主人公は誰でしょう？,杉下右京(すぎしたうきょう)
2013,ノーマル,カパアウやホノルルにある銅像でも知られる、1810年に初めてハワイ諸島を統一したハワイ王国の初代国王は誰でしょう？,カメハメハ1世(Kamehameha I)
2013,ノーマル,日本銀行本店本館や東京駅の赤レンガの駅舎を設計した、日本の建築家は誰でしょう？,辰野金吾(たつの・きんご)
2013,ノーマル,ロッククライミングの練習場やスキー場のことを、「土地」という意味のドイツ語で何というでしょう？,ゲレンデ
2013,ノーマル,コンパクト、ミラーレス一眼、一眼レフなどの種類がある、フィルムを使わないカメラの種類を何というでしょう？,デジタルカメラ
2013,ノーマル,登山家の今井通子が山頂で結婚式を挙げている標高4208mの山で、マッターホルン、アイガーと並びアルプス三大北壁とされるのはどこでしょう？,グランド・ジョラス
2013,ノーマル,ケストナーの小説『ふたりのロッテ』で、ロッテと出会う彼女の双子の姉妹の名前は何でしょう？,ルイーゼ
2013,ノーマル,お酒を飲む時に用いる「おちょこ」を/漢字で書いた時に出てくる生き物は何でしょう？,猪(いのしし)
2013,ノーマル,6世紀頃のインドで、「空虚」を表す「スーニャ」という言葉から転じて発見されたといわれている、プラスでもマイナスもない数字といえば何でしょう？,0(ゼロ)
2013,ノーマル,野球のグラウンドをならすT字状の整備用具を、ある昆虫に例えて何というでしょう？,トンボ
2013,ノーマル,楽譜に表記される記号で、シャープを「嬰記号」、フラットを「変記号」といいますが、ナチュラルは「何記号」というでしょう？,本位記号(ほんいきごう)
2013,ノーマル,後の江戸幕府の成立へのきっかけとなった、1600年、西の石田三成と東の徳川家康のそれぞれの連合軍が衝突した戦いを何というでしょう？,関ヶ原の戦い(せきがはらのたたかい)
2013,ノーマル,佐野市があるのは栃木県ですが、泉佐野市がある都道府県はどこでしょう？,大阪(おおさか)
2013,ノーマル,気象庁のアメダスで「四要素観測所」が観測している4つの要素とは「降水量」「気温」「風向風速」ともう一つは何でしょう？,日照時間(にっしょうじかん)
2013,ノーマル,パステルカラーよりも淡い色のことを、ある冷たい食べ物の名をとって「何カラー」というでしょう？,シャーベットカラー
2013,ノーマル,小説『Kの悲劇』でデビューした、代表作に『朝比奈耕作』シリーズなどがある推理作家は誰でしょう？,吉村達也(よしむら・たつや)
2013,ノーマル,アイドルグループ「KinKi Kids」のメンバーに共通する苗字は何でしょう？,堂本(どうもと)
2013,ノーマル,バスケットボールのコートの区画を示すラインで、長い方のラインのことをサイドラインといいますが、短い方のラインのことを何というでしょう？,エンドライン(end line)
2013,ノーマル,頴娃茶(えいちゃ)や知覧茶(ちらんちゃ)などがよく知られ、現在、静岡県に次いでお茶の生産高が第2位である都道府県はどこでしょう？,鹿児島(かこしま)
2013,ノーマル,論理学や哲学における「命題」を、英語でいうとプロポジション(proposition)ですが、ドイツ語では何というでしょう？,テーゼ(These)
2013,ノーマル,船において面舵(おもかじ)といえば、へさきを右・左どちらに向けることでしょう？,右(みぎ)
2013,ノーマル,ひらがなやカタカナのことを「仮名」というのに対して、漢字のことを何というでしょう？,真名(まな、まんな)
2013,ノーマル,日本料理の揚げ物のひとつ「東寺揚げ」で、用いられている食材は何でしょう？,湯葉(ゆば)
2013,ノーマル,お笑いにおいて、同じボケを複数回繰り返すことで笑いをとるテクニックのことを、ある食べ物を用いて何というでしょう？,天丼(てんどん)
2013,ノーマル,アメリカの彫刻家アレクサンダー・コールダーが芸術作品として確立した、風や人の手が触れると形が変化する「動く彫刻」を何というでしょう？,モビール(mobile)
2013,ノーマル,2012年のユーキャン新語流行語大賞で年間大賞に選ばれた、お笑い芸人・スギちゃんのセリフは何でしょう？,「ワイルドだろぉ」
2013,ノーマル,1904年、ロシア人として初めてノーベル賞を受賞した、イヌを用いた条件反射の実験で有名な生理学者は誰でしょう？,イワン・パブロフ
2012,4択,"次のうち、ブラジャーのカップで最もサイズが小さいのは？
(1) A (2) B (3) C (4) D",(1) A
2012,4択,"文字遊びの「へのへのもへじ」で、鼻を表しているひらがなは？
(1) へ (2) の (3) も (4) じ",(3) も
2012,4択,"近代オリンピックの旗に描かれている輪の数は？
(1) 3つ (2) 4つ (3) 5つ (4) 6つ",(3) 5つ
2012,4択,"日本で発行されている6つの硬貨のうち、原料に銅を含まないものは？
(1) 1 円玉 (2) 5 円玉 (3) 10 円玉 (4) 50 円玉",(1) 1 円玉
2012,4択,"負けを認めて降参することを、ある色の旗を用いて「何を揚げる」という？
(1) 赤旗 (2) 青旗 (3) 白旗 (4) 黒旗",(3) 白旗
2012,4択,"太閤検地や刀狩などの政策を行った、安土桃山時代の武将は？
(1) 織田信長 (2) 明智光秀 (3) 豊臣秀吉 (4) 徳川家康",(3) 豊臣秀吉
2012,4択,"映画『シャイニング』『フルメタル・ジャケット』『2001 年宇宙の旅』などを手がけた、アメリカ生まれの映画監督は？
(1) ビリー・ワイルダー (2) フランク・キャプラ (3) スタンリー・キューブリック (4) リドリー・スコット",(3) スタンリー・キューブリック
2012,4択,"丼ものの料理で、「鉄火丼」に普通使われる魚介類は？
(1) 鮪 (2) 鮭 (3) 鰹 (4) 鯛",(1) 鮪
2012,4択,"池田信太郎や潮田玲子といえば何のスポーツの選手？
(1) テニス (2) スカッシュ (3) バドミントン (4) 卓球",(3) バドミントン
2012,4択,"タレントの三浦奈保子、矢部太郎、石原良純が取得している国家資格は？
(1) 公認会計士 (2) 介護福祉士 (3) 通訳案内士 (4) 気象予報士",(4) 気象予報士
2012,4択,"日本の国会議員に対して国庫から支給される給料のことを特に何という？
(1) 給与 (2) 歳費 (3) 賞与 (4) 給費",(2) 歳費
2012,4択,"正式名を「船島 (ふなしま)」という、宮本武蔵と佐々木小次郎の決闘でも知られる山口県の島は？
(1) 青海島 (2) 笠戸島 (3) 巌流島 (4) 黒髪島",(3) 巌流島
2012,4択,"サウスウエスト、エアアジア、ジェットスターなどに代表される、格安運賃の航空会社をアルファベット3文字で何という？
(1) LCC (2) LCL (3) LLC (4) CLC",(1) LCC
2012,4択,"主な品種に平核無、次郎、富有 (ふゆう) などがある果物は？
(1) 柿 (2) 枇杷 (3) 葡萄 (4) 無花果",(1) 柿
2012,4択,"2009 年の M-1 グランプリと 2011 年の THE MANZAI を制したお笑いコンビは？
(1) ナイツ (2) 笑い飯 (3) ブラックマヨネーズ (4) パンクブーブー",(4) パンクブーブー
2012,4択,"ベストセラー『心を整える』を書いた、男子サッカーの日本代表は？
(1) 長友佑都 (2) 本田圭佑 (3) 長谷部誠 (4) 川島永嗣",(3) 長谷部誠
2012,4択,"世界最大のピラミッドを築いた古代エジプトの王は？
(1) クフ王 (2) カウラー王 (3) メンカウラー王 (4) ツタンカーメン王",(1) クフ王
2012,4択,"オードリー・ヘップバーンがヒロインのアン王女を演じた、ウィリアム・ワイラー監督の映画は？
(1) 『嵐が丘』 (2) 『ローマの休日』 (3) 『噂の二人』 (4) 『おしゃれ泥棒』",(2) 『ローマの休日』
2012,4択,"ブンデスバンクといえばどこの国の中央銀行？
(1) ドイツ (2) フランス (3) イタリア (4) オーストリア",(1) ドイツ
2012,4択,"押し出されて自然と前に進むことを、ある食べ物を使って「何式」という？
(1) こんにゃく式 (2) みつ豆式 (3) ところてん式 (4) ういろう式",(3) ところてん式
2012,4択,"ファッションデザイナー・森英恵のデザインによく用いられる昆虫は？
(1) 蝶 (2) 蟻 (3) 蜂 (4) 蝉",(1) 蝶
2012,4択,"箸使いのタブーで、箸の先からポタポタと汁を滴らせることを何という？
(1) 落とし箸 (2) こじ箸 (3) ねぶり箸 (4) 涙箸",(4) 涙箸
2012,4択,"日本国憲法の条文で「すべて国民は、健康で文化的な最低限度の生活を営む権利を有する。」と書かれているのは第何条？
(1) 第 13 条 (2) 第 19 条 (3) 第 25 条 (4) 第 29 条",(3) 第 25 条
2012,4択,"昔話『わらしべ長者』『雀の恩返し』などが収められている、鎌倉時代に成立した説話集は？
(1) 『曽我物語』 (2) 『平家物語』 (3) 『初瀬物語』 (4) 『宇治拾遺物語』",(4) 『宇治拾遺物語』
2012,4択,"国際水泳連盟、国際柔道連盟、国際オリンピック委員会の本部がある都市は？
(1) チューリヒ (2) ベルン (3) バーゼル (4) ローザンヌ",(4) ローザンヌ
2012,4択,"漢字の部首で、「けものへん」は何という文字が変化したもの？
(1) 犬 (2) 牛 (3) 羊 (4) 牙",(1) 犬
2012,4択,"1598 年にナントの勅令を発布してユグノー戦争を終結させた、ブルボン朝の初代国王は？
(1) アンリ1世 (2) アンリ2世 (3) アンリ3世 (4) アンリ4世",(4) アンリ4世
2012,4択,"二酸化マンガンに過酸化水素水を加えると発生する気体は？
(1) 酸素 (2) 水素 (3) 窒素 (4) 塩素",(1) 酸素
2012,4択,"画家エル・グレコの名前は、どこの国の人を意味する？
(1) イタリア人 (2) トルコ人 (3) ギリシア人 (4) ドイツ人",(3) ギリシア人
2012,4択,"世界で最も流域面積の広い川は？
(1) アマゾン川 (2) コンゴ川 (3) ミシシッピ川 (4) ラプラタ川",(1) アマゾン川
2012,4択,"1932 年の五・一五事件で暗殺された、当時の内閣総理大臣は？
(1) 犬養毅 (2) 齋藤實 (3) 岡田啓介 (4) 廣田弘毅",(1) 犬養毅
2012,4択,"粒の大きい雪のことを、ある花を使って「何雪」という？
(1) 薔薇雪 (2) 梅雪 (3) 牡丹雪 (4) 桜雪",(3) 牡丹雪
2012,4択,"「一定温度下での気体の体積は圧力に反比例する」という法則を、発見した科学者の名前から何という？
(1) ジュールの法則 (2) ルシャトリエの法則 (3) シャルルの法則 (4) ボイルの法則",(4) ボイルの法則
2012,4択,"毎年6月にル・マン 24 時間耐久レースが行われるサーキットは？
(1) スパ・フランコルシャンサーキット (2) ニュルブルクリンク (3) デイトナ・インターナショナル・スピードウェイ (4) サルテ・サーキット",(4) サルテ・サーキット
2012,4択,"文章の句切りを誤って読む「ぎなた読み」の別名は「何読み」？
(1) 弁慶読み (2) 牛若読み (3) 頼朝読み (4) 清盛読み",(1) 弁慶読み
2012,4択,"小倉百人一首の持統天皇の歌にも詠まれている大和三山の一つは？
(1) 赤城山 (2) 畝傍山 (3) 耳成山 (4) 天香具山",(4) 天香具山
2012,4択,"親子三代にわたり著名な作曲家である良一、克久、隆之といえば苗字は？
(1) 中村 (2) 古賀 (3) 吉田 (4) 服部",(4) 服部
2012,4択,"「ネビュラ賞」「ヒューゴー賞」「星雲賞」といえば、どんなジャンルの文学作品に与えられる賞？
(1) 歴史小説 (2) 推理小説 (3) 詩 (4) SF",(4) SF
2012,4択,"イスラム教徒の巡礼地として知られるサウジアラビアの都市は？
(1) リヤド (2) ジッダ (3) メッカ (4) メディナ",(3) メッカ
2012,4択,"漢字1文字では「埃」と書かれる、アフリカの国は？
(1) エジプト (2) カメルーン (3) ケニア (4) ザンビア",(1) エジプト
2012,4択,"プッチーニのオペラ『蝶々夫人』で、蝶々夫人と結婚式を挙げるアメリカの海軍士官は？
(1) ハリス (2) モルガン (3) ピンカートン (4) グラバー",(3) ピンカートン
2012,4択,"元北海道日本ハムのダルビッシュ有投手と契約した、メジャーリーグのチームは？
(1) レッドソックス (2) マリナーズ (3) メッツ (4) レンジャース",(4) レンジャース
2012,4択,"毎年3月に世界長者番付を発表しているアメリカの月刊誌は？
(1) 「エコノメトリカ」 (2) 「エコノミスト」 (3) 「フォーチュン」 (4) 「フォーブス」",(4) 「フォーブス」
2012,4択,"弥生時代の遺跡として有名な山木遺跡、登呂遺跡は何県にある？
(1) 長崎県 (2) 佐賀県 (3) 静岡県 (4) 青森県",(3) 静岡県
2012,4択,"アルファ星のベテルギウス、ベータ星のリゲルなどの星で構成される冬の星座は？
(1) オリオン座 (2) おうし座 (3) こいぬ座 (4) ぎょしゃ座",(1) オリオン座
2012,4択,"12 ヶ月の異称で「神無月 (かんなづき)」はいつ？
(1) 8月 (2) 9月 (3) 10 月 (4) 11 月",(3) 10 月
2012,4択,"童謡『赤い靴』で、赤い靴をはいていた女の子は、どこの波止場から船に乗っていった？
(1) 釧路 (2) 横浜 (3) 神戸 (4) 長崎",(2) 横浜
2012,4択,"プロボクシングの階級で、ヘビー級とライトヘビー級の間に位置するのは何級？
(1) ウエルター級 (2) フェザー級 (3) バンタム級 (4) クルーザー級",(4) クルーザー級
2012,4択,"A2 判に近い大きさである、一般的な新聞の1ページのサイズは？
(1) タブロイド判 (2) 菊判 (3) 四六判 (4) ブランケット判",(4) ブランケット判
2012,4択,"今年の4月1日に、全国で 20 番目の政令指定都市となる都市は？
(1) 浜松市 (2) 相模原市 (3) 岡山市 (4) 熊本市",(4) 熊本市
2012,4択,"芥川龍之介の『蜘蛛の糸』も掲載された、大正時代に鈴木三重吉が創刊した児童文学雑誌は？
(1) 「赤い鳥」 (2) 「青い鳥」 (3) 「白い鳥」 (4) 「黒い鳥」",(1) 「赤い鳥」
2012,4択,"今年8月 25 日に佐藤健、武井咲主演による実写版映画が公開される、和月伸宏の人気マンガは？
(1) 『武装錬金』 (2) 『エンバーミング』 (3) 『るろうに剣心』 (4) 『GUN BLAZE WEST』",(3) 『るろうに剣心』
2012,4択,"神社や仏閣の軒下にある、参拝者が垂れ下がった縄をゆらして鳴らす鈴のようなものは何？
(1) 鮫口 (2) 鯉口 (3) 鰐口 (4) 鮹口",(3) 鰐口
2012,4択,"北方領土を除く日本の村で面積が最大なのは、奈良県の何村？
(1) 明日香村 (2) 東吉野村 (3) 野迫川村 (4) 十津川村",(4) 十津川村
2012,4択,"「国際値切りスト」を自称し、『「激安」のからくり』などの著書やテレビでもおなじみの流通ジャーナリストは？
(1) 宮塚利雄 (2) 門倉貴史 (3) 武田邦彦 (4) 金子哲雄",(4) 金子哲雄
2012,4択,"本名をカイド・ホーヴェルソンという、今年の大相撲初場所で幕内初優勝を飾った外国人力士は？
(1) 琴欧洲 (2) 隆の山 (3) 阿覧 (4) 把瑠都",(4) 把瑠都
2012,4択,"メディチ家領時代のトスカーナ大公国役所を改装して設立された、イタリアの美術館は？
(1) カピトリーノ美術館 (2) ウフィツィ美術館 (3) ブレラ美術館 (4) ボルゲーゼ美術館",(2) ウフィツィ美術館
2012,4択,"正式には「国際連合児童基金」という国連の機関を、アルファベット6文字で何という？
(1) UNESCO (2) UNICEF (3) UNCTAD (4) UNIFEM",(2) UNICEF
2012,4択,"魚のイワシ、サケ、サンマは、いつの季語？
(1) 春 (2) 夏 (3) 秋 (4) 冬",(3) 秋
2012,4択,"1977 年に国民栄誉賞を創設した、当時の総理大臣は？
(1) 三木武夫 (2) 大平正芳 (3) 鈴木善幸 (4) 福田赳夫",(4) 福田赳夫
2012,4択,"黒石市があるのは青森県ですが、白石市があるのはどこ？
(1) 福島県 (2) 千葉県 (3) 宮城県 (4) 石川県",(3) 宮城県
2012,4択,"「恒温動物は寒冷地に生息するほど身体の突起物が小さくなる」という法則を何という？
(1) ベルクマンの法則 (2) コープの法則 (3) アレンの法則 (4) グロージャーの法則",(3) アレンの法則
2012,4択,"昭和を代表する日本の映画スターで、「マイトガイ」といわれたのは？
(1) 石原裕次郎 (2) 二谷英明 (3) 小林旭 (4) 宍戸錠",(3) 小林旭
2012,4択,"1994 年にイギリスのティム・ラングが提唱した概念を元にした、「食料輸入量重量×輸送距離」を表す言葉は？
(1) フードコスト (2) フードディスタンス (3) フードマイレージ (4) フードアマウント",(3) フードマイレージ
2012,4択,"「アクロバット」や「フォトショップ」などで知られるアメリカのコンピュータソフトメーカーは？
(1) Quark Inc. (2) Oracle (3) Red Hat (4) Adobe",(4) Adobe
2012,4択,"次のうち、ボルネオ島に領土を持たない国は？
(1) インドネシア (2) フィリピン (3) マレーシア (4) ブルネイ・ダルサラーム",(2) フィリピン
2012,4択,"童謡『ぞうさん』は何拍子？
(1) 4分の2拍子 (2) 4分の3拍子 (3) 4分の4拍子 (4) 4分の6拍子",(2) 4分の3拍子
2012,4択,"美容液、化粧下地、ファンデーションなどを配合した化粧品は何クリーム？
(1) AA クリーム (2) BB クリーム (3) CC クリーム (4) DD クリーム",(2) BB クリーム
2012,4択,"道路交通法によれば、原動機付自転車の法定最高速度は時速何キロメートル？
(1) 25 キロ (2) 30 キロ (3) 35 キロ (4) 40 キロ",(2) 30 キロ
2012,4択,"童話『幸福な王子』で王子の像の宝石を貧しい家に運んでいった鳥は？
(1) ハト (2) カラス (3) ひばり (4) つばめ",(4) つばめ
2012,4択,"天神、胴、棹などの部分からなる、日本の楽器は？
(1) 尺八 (2) 琴 (3) 鼓 (4) 三味線",(4) 三味線
2012,4択,"1972 年、現職のアメリカ合衆国大統領として初めて中華人民共和国を訪問したのは？
(1) ハリー・トルーマン (2) ジョン・F・ケネディ (3) リチャード・ニクソン (4) ジミー・カーター",(3) リチャード・ニクソン
2012,4択,"遊女・お初と醤油屋の手代・徳兵衛を主人公とする、近松門左衛門の浄瑠璃は？
(1) 『曾根崎心中』 (2) 『冥途の飛脚』 (3) 『心中天網島』 (4) 『女殺油地獄』",(1) 『曾根崎心中』
2012,4択,"普通、出産予定日といえば妊娠何週目のこと？
(1) 30 週 (2) 35 週 (3) 40 週 (4) 45 週",(3) 40 週
2012,4択,"人類史上初めて 8000 メートル峰全 14 座の完全登頂を達成した登山家は？
(1) カルロス・カルソリオ (2) エアハルト・ロレタン (3) イイジ・ククチカ (4) ラインホルト・メスナー",(4) ラインホルト・メスナー
2012,4択,"香川県の小豆島と前島の間にある、世界で最も狭い海峡は？
(1) 来島海峡 (2) 土渕海峡 (3) 鳴門海峡 (4) 明石海峡",(2) 土渕海峡
2012,4択,"来年・2013 年の歌会始のお題は？
(1) 岸 (2) 立 (3) 葉 (4) 光",(2) 立
2012,4択,"ベンチャー企業に投資をして金銭的支援をする、個人投資家のことを何という？
(1) ヘッジファンド (2) ローンスター (3) エンジェル (4) ホワイトナイト",(3) エンジェル
2012,4択,"カーリングで、ストーンを投げる時に使う蹴り台のことを何という？
(1) ハック (2) シート (3) ボタン (4) ライン",(1) ハック
2012,4択,"昨年のノーベル平和賞を受賞した、リベリア共和国の現大統領は？
(1) エレン・ジョンソン・サーリーフ (2) カルメン・ペレイラ (3) レイマ・ボウィ (4) タワックル・カルマン",(1) エレン・ジョンソン・サーリーフ
2012,4択,"三角形の五心のうち、3つの中線が交わる点は？
(1) 垂心 (2) 重心 (3) 外心 (4) 内心",(2) 重心
2012,4択,"歌舞伎役者の市川団十郎、海老蔵親子の屋号は？
(1) 成田屋 (2) 音羽屋 (3) 高島屋 (4) 萬屋",(1) 成田屋
2012,4択,"「ブランチ」「ボクササイズ」のように、複数の語の一部を抜き出して組み合わせた造語を何という？
(1) 帽子語 (2) ネクタイ語 (3) ベルト語 (4) かばん語",(4) かばん語
2012,4択,"高校野球で史上初の甲子園春夏連覇を達成した学校は？
(1) 作新学院 (2) PL 学園 (3) 横浜 (4) 中京商業",(1) 作新学院
2012,4択,"トルストイの小説『復活』で、若い公爵ネフリュードフと関係を持ち、のちに娼婦となる女性は？
(1) カチューシャ (2) ナターシャ (3) ラネーフスカヤ (4) ジナイーダ",(1) カチューシャ
2012,4択,"人間の心臓にある2心房2心室のうち、大動脈に動脈血を送り出しているのは？
(1) 左心房 (2) 右心房 (3) 左心室 (4) 右心室",(3) 左心室
2012,4択,"雑誌『ザテレビジョン』の表紙で初めてレモンを持った女優は？
(1) 田中裕子 (2) 浅野温子 (3) 原田知世 (4) 薬師丸ひろ子",(4) 薬師丸ひろ子
2012,4択,"競泳競技の背泳ぎでは、スタート後、何メートルの地点までに頭を水面に出さないといけない？
(1) 10m (2) 15m (3) 20m (4) 30m",(2) 15m
2012,4択,"赤ん坊を運んでくる言い伝えがあるコウノトリを県の鳥としているのは？
(1) 兵庫県 (2) 富山県 (3) 栃木県 (4) 山形県",(1) 兵庫県
2012,4択,"今年1月、アメリカ・ミステリー作家協会が選ぶ「エドガー賞」の候補に選出された、東野圭吾の直木賞受賞作は？
(1) 『容疑者 X の献身』 (2) 『白夜行』 (3) 『流星の絆』 (4) 『幻夜』",(1) 『容疑者 X の献身』
2012,4択,"ダヴィッド・オイストラフ、樫本大進、諏訪内晶子といえば、どんな楽器の演奏家？
(1) ピアノ (2) バイオリン (3) チェロ (4) ビオラ",(2) バイオリン
2012,4択,"カクテルなどにも使われるラム酒の原料となる植物は？
(1) ジャガイモ (2) サトウキビ (3) リュウゼツラン (4) サボテン",(2) サトウキビ
2012,4択,"ギリシャ神話の登場人物で、アンドロメダの父親であるエチオピア王は？
(1) テセウス (2) ケフェウス (3) ペルセウス (4) メネラオス",(2) ケフェウス
2012,4択,"『太陽がいっぱい』『ゴッドファーザー』などの映画音楽を手掛けた作曲家は？
(1) アルフレッド・ニューマン (2) ヘンリー・マンシーニ (3) ニーノ・ロータ (4) リチャード・ロジャース",(3) ニーノ・ロータ
2012,4択,"三角関数の微分で、sin x を x で2回微分するとどんな関数になる？
(1) -cos x (2) sin x (3) cos x (4) -sin x",(4) -sin x
2012,4択,"オーロラの出現率が高いことで知られる、先住民の名前にちなんだカナダ・ノースウエスト準州の州都は？
(1) ブルーナイフ (2) イエローナイフ (3) ホワイトナイフ (4) ブラックナイフ",(2) イエローナイフ
2012,4択,"「とげぬき地蔵」で有名な、東京の巣鴨にあるお寺は？
(1) 高岩寺 (2) 東慶寺 (3) 題経寺 (4) 回向院",(1) 高岩寺
2012,4択,"来月から始まる NHK 連続テレビ小説『梅ちゃん先生』で、主人公の下村梅子を演じる女優は？
(1) 綾瀬はるか (2) 堀北真希 (3) 剛力彩芽 (4) 前田敦子",(2) 堀北真希
2012,4択,"918 年に王建 (おうけん) によって建国された、朝鮮の王朝は？
(1) 高句麗 (2) 新羅 (3) 百済 (4) 高麗",(4) 高麗
2012,4択,"サッカーJリーグで、「東北電力ビッグスワンスタジアム」を本拠地としているクラブは？
(1) ベガルタ仙台 (2) アルビレックス新潟 (3) モンテディオ山形 (4) 水戸ホーリーホック",(2) アルビレックス新潟
2012,4択,"油滴を用いた電気素量の測定実験/などにより 1923 年にノーベル物理学賞を受賞したアメリカの物理学者は？
(1) シュタルク (2) フランク (3) シーグバーン (4) ミリカン",(4) ミリカン(ミリカン)
2012,4択,"外国企業が日本国内で発行する債券のうち、円建てのものを特に何という？
(1) テンプラ債 (2) ショーグン債 (3) サムライ債 (4) スシ債",(3) サムライ債
2012,4択,"ノースカロライナの薬剤師ケイレブ・ブラッドハムが消化不良の治療薬として売り出した、有名な清涼飲料は何でしょう？
(1) コカコーラ (2) ペプシコーラ (3) ジンジャーエール (4) ゲータレード",(2) ペプシコーラ
2012,4択,"1992 年のセビリア万博開催にあわせて開業/したスペイン版新幹線を、アルファベット3文字で何という？
(1) TAV (2) TGV (3) AVE (4) ICE",(3) AVE(AVE)
2012,4択,"ゴルフで、ストロークプレーでの全ホールの打数からハンディキャップを引いたものを何という？
(1) ネット (2) グロス (3) トータル (4) アマウント",(1) ネット
2012,4択,"江戸時代のお金で1朱といえば、1両の何分の1？
(1) 4分の1 (2) 10 分の1 (3) 16 分の1 (4) 100 分の1",(3) 16 分の1
2012,4択,"久住小春、高橋メアリージュン、安座間美優 (あざま・みゅう) らが現在専属モデルを務めているファッション誌は？
(1) 「CanCam」 (2) 「JJ」 (3) 「Ray」 (4) 「ViVi」",(1) 「CanCam」
2012,4択,"日本の GI レース・桜花賞のモデルとなった、イギリス競馬のクラシック競走は？
(1) ダービー (2) セントレジャー (3) 1000 ギニー (4) 2000 ギニー",(3) 1000 ギニー
2012,4択,"健康診断などで使われる機器で、オージオメーターといったら何を測るもの？
(1) 血圧 (2) 聴力 (3) 眼圧 (4) 肺活量",(2) 聴力
2012,4択,"1995 年に発売された、人気 RPG『テイルズ オブ』シリーズの第1作は『テイルズ オブ “何”』？
(1) エターニア (2) シンフォニア (3) デスティニー (4) ファンタジア",(4) ファンタジア
2012,4択,"JR 四国の本社がある都市は？
(1) 高松市 (2) 松山市 (3) 徳島市 (4) 高知市",(1) 高松市
2012,4択,"中世の叙事詩『ローランの歌』でローランが用いる剣の名前は？
(1) エクスカリバー (2) デュランダル (3) ジュワユーズ (4) ズルフィカール",(2) デュランダル
2012,4択,"往年のハリウッド女優、ビビアン・リーが生まれたのは現在のどこの国？
(1) イギリス (2) ベルギー (3) スウェーデン (4) インド",(4) インド
2012,4択,"胃液などに含まれ、脂肪をグリセリンと脂肪酸に分解する酵素は？
(1) マルターゼ (2) トリプシン (3) ペプシン (4) リパーゼ",(4) リパーゼ
2012,4択,"『オーダーメイド』『DADA』『狭心症』といえば何というロックバンドの曲？
(1) RADWIMPS (2) DUFF (3) Dirty Old Men (4) メガマソ",(1) RADWIMPS
2012,4択,"現在、大相撲の土俵上に吊られている屋根は、何造りとされている？
(1) 神明造 (2) 春日造 (3) 入母屋造 (4) 住吉造",(1) 神明造
2012,4択,"1538 年に、オスマン帝国がスペイン・ヴェネツィア・ローマ教皇の連合艦隊を破り、地中海の制海権を握った戦いは？
(1) サラミスの海戦 (2) プレヴェザの海戦 (3) レパントの海戦 (4) トラファルガーの海戦",(2) プレヴェザの海戦
2012,4択,"今年 (2012 年)、競技カルタのクイーン位決定戦で戦った楠木早紀と本多恭子が、ともに通う大学は？
(1) 関西大学 (2) 関西学院大学 (3) 同志社大学 (4) 立命館大学",(3) 同志社大学
2012,4択,"「ノーベル賞の前哨戦」といわれるウルフ賞を主催するウルフ財団がある国は？
(1) ドイツ (2) イスラエル (3) トルコ (4) フランス",(2) イスラエル
2012,4択,"今年没後 300 年目を迎える、生類憐みの令を廃止した江戸幕府の第6代将軍は？
(1) 徳川綱吉 (2) 徳川家宣 (3) 徳川家継 (4) 徳川吉宗",(2) 徳川家宣
2012,4択,"落語『牡丹灯籠』で浪人の新三郎に恋をする女性のは？
(1) お岩 (2) お菊 (3) お露 (4) お市",(3) お露
2012,4択,"花札の5点札で、次のうち青短ではないものは？
(1) 菖蒲 (2) 牡丹 (3) 菊 (4) 紅葉",(1) 菖蒲
2012,4択,"形式ばっていて堅苦しいことを、動物を表す漢字を使って「何らしい」という？
(1) 鷹爪 (2) 鷲爪 (3) 馬爪 (4) 鹿爪",(4) 鹿爪
2012,4択,"楽天やユニクロが現在使用している企業ロゴをデザインしたグラフィックデザイナーは？
(1) 亀倉雄策 (2) 山名文夫 (3) 横尾忠則 (4) 佐藤可士和",(4) 佐藤可士和
2012,4択,"日本の歴代天皇で初めて名前に「後」という漢字がついたのは？
(1) 後白河天皇 (2) 後嵯峨天皇 (3) 後朱雀天皇 (4) 後一条天皇",(4) 後一条天皇
2012,4択,"いとこの関係にある夫婦の仲が良いことを、「いとこ同士は何の味」という？
(1) 鶏 (2) 鴨 (3) 鴫 (4) 雉",(2) 鴨
2012,4択,"鳥取砂丘の特産品であり、鳥取市の花にもなっている植物は？
(1) ネギ (2) ニラ (3) ニンニク (4) ラッキョウ",(4) ラッキョウ
2012,4択,"古生代最初の時代はカンブリア紀ですが、中生代最初の時代は？
(1) 石炭紀 (2) ペルム紀 (3) 三畳紀 (4) ジュラ紀",(3) 三畳紀
2012,4択,"次の言語のうち、NHK が日本にいる外国人向けに放送する津波警報に使われているのは？
(1) イタリア語 (2) スペイン語 (3) ポルトガル語 (4) ロシア語",(3) ポルトガル語
2012,4択,"「これがまあ終 (つい) の栖 (すみか) か雪五尺」この俳句の作者は？
(1) 松尾芭蕉 (2) 小林一茶 (3) 与謝蕪村 (4) 加賀千代女",(2) 小林一茶
2012,4択,"カリブ海の「グアドループ」「マルティニーク」、インド洋の「レユニオン」といった海外領土を持つ国は？
(1) イギリス (2) フランス (3) ドイツ (4) オーストリア",(2) フランス
2012,4択,"国民年金の被保険者のうち、サラリーマンや公務員などは第何号被保険者？
(1) 第 1 号 (2) 第 2 号 (3) 第 3 号 (4) 第 4 号",(2) 第 2 号
2012,4択,"次のうち、インドの映画監督サタジット・レイの「オプ三部作」に含まれないものは？
(1) 『大地のうた』 (2) 『大河のうた』 (3) 『大樹のうた』 (4) 『大空のうた』",(4) 『大空のうた』
2012,4択,"ベトナムやカンボジアで見られる、運転席が後ろにあり、前の席に乗客を座らせる自転車タクシーは？
(1) トゥクトゥク (2) テンプー (3) バジャイ (4) シクロ",(4) シクロ
2012,4択,"昨年、国立天文台などが発見した、地球から約 118 億光年離れた場所に位置する「超モンスター銀河」の名前は？
(1) ゴーゴン (2) オロチ (3) ベンケイ (4) ビースト",(2) オロチ
2012,4択,"体操競技の得点で、技の難易度に応じて決まる得点を何という？
(1) D スコア (2) E スコア (3) F スコア (4) G スコア",(1) D スコア
2012,4択,"ドイツの「モーブス」「エドワード・マイヤー」「ビルケンシュトック」といえば、何のブランド？
(1) 眼鏡 (2) 靴 (3) 帽子 (4) 時計",(2) 靴
2012,4択,"国土交通省はかつて存在した4つの省庁を統合して設置されましたが、それは運輸省、建設省、国土庁と？
(1) 北海道開発庁 (2) 沖縄開発庁 (3) 食糧庁 (4) 観光庁",(1) 北海道開発庁
2012,4択,"「あづま路の道の果てよりも、なほ奥つ方に生ひ出でたる人、いかばかりかはあやしかりけむを……」という書き出しで始まる、平安時代の日記文学は？
(1) 『蜻蛉日記』 (2) 『更級日記』 (3) 『十六夜日記』 (4) 『中務内侍日記』",(2) 『更級日記』
2012,4択,"第一次世界大戦後の講和条約で、連合国がハンガリーと結んだのは何条約？
(1) ヌイイ条約 (2) トリアノン条約 (3) サン=ジェルマン条約 (4) セーヴル条約",(2) トリアノン条約
2012,4択,"次のうち、現在のリビアの国旗に使用されていない色は？
(1) 赤 (2) 青 (3) 白 (4) 緑",(2) 青
2012,4択,"天守閣が現存する 12 の日本のお城で、最も南にあるのは？
(1) 熊本城 (2) 唐津城 (3) 高知城 (4) 宇和島城",(4) 宇和島城
2012,4択,"すべての元素のうち、沸点、融点ともに最も低いものは？
(1) 窒素 (2) 水素 (3) ヘリウム (4) ネオン",(3) ヘリウム
2012,4択,"セブン&アイの CM ソング『女子力←パラダイス』などを歌う「SUPER ☆ GiRLS」は何人組？
(1) 3人組 (2) 5人組 (3) 7人組 (4) 11 人組",(4) 11 人組
2012,4択,"鎌倉幕府の政所で初代別当を務めたのは？
(1) 和田義盛 (2) 大江広元 (3) 三善康信 (4) 天野遠景",(2) 大江広元
2012,4択,"『ジャイアント・ステップス』『至上の愛』などのジャズの名曲を残した、アメリカのサックス奏者は？
(1) グレン・ミラー (2) ベニー・グッドマン (3) チャーリー・パーカー (4) ジョン・コルトレーン",(4) ジョン・コルトレーン
2012,4択,"沖縄美ら海水族館最大の見所である、7500 立方メートルの巨大な水槽は？
(1) 珊瑚の海 (2) 南国の海 (3) 黒潮の海 (4) 紺碧の海",(3) 黒潮の海
2012,4択,"「ミラレ」という細かいボーダーの肌触りのいい下着類が子どもから大人にまで人気の、フランスのブランドは？
(1) プチバトー (2) バレンシアガ (3) モンクレール (4) ランバン",(1) プチバトー
2012,4択,"パックン、リン、コロンの三兄弟の日常を描いた、E テレで放送されている1分間のアニメ番組は？
(1) 『パリッコロン』 (2) 『パッコロリン』 (3) 『パリンコロン』 (4) 『コロリンパッ』",(2) 『パッコロリン』
2012,4択,"アメリカのバージニア・ダリーが生み出した、「クーガーフェイス」と呼ばれる顔つきが人気のネコの品種は？
(1) セルカークレックス (2) キムリック (3) オシキャット (4) マンチカン",(3) オシキャット
2012,ノーマル,ジャッキー、ティト、ジャーメイン、マーロン、マイケルの5人からなる、『I'll BeThere』『ABC』などの曲で知られるユニットは何でしょう？,ジャクソン・ファイブ
2012,ノーマル,日本に持ち込んだといわれる中国人の名前が付いた、人間の言葉をまねることでおなじみのムクドリ科の鳥は何でしょう？,九官鳥(キュウカンチョウ)
2012,ノーマル,アラファトの死後、パレスチナ解放機構の議長を継承し、現在、パレスチナ自治政府の大統領を務める人物は誰でしょう？,マフムード・アッバース【アブー・マーゼン】(マフムード・アッバース)
2012,ノーマル,「山鯨(やまくじら)」や「牡丹肉(ぼたんにく)」と呼ばれて食用にされるのは、どんな動物の肉でしょう？,イノシシ
2012,ノーマル,本名を野尻清彦(のじり・はるひこ)という、代表作に『赤穂浪士』や『鞍馬天狗』などがある小説家は誰でしょう？,大仏次郎(おさらぎ・じろう)
2012,ノーマル,アムステルダムオリンピック女子 800メートルで銀メダルを獲得し、日本人女性として初めての五輪メダリストとなった陸上選手は誰でしょう？,人見絹枝(ひとみ・きぬえ)
2012,ノーマル,上遠野浩平(かどの・こうへい)、西尾維新(にしお・いしん)、舞城王太郎(まいじょう・おうたろう)の3人によって小説化された、荒木飛呂彦(あらき・ひろひこ)作の人気漫画は何でしょう？,『ジョジョの奇妙な冒険』(『じょじょのきみょうなぼうけん』)
2012,ノーマル,タテヤマスギを県の木とするのは富山県ですが、ジングウスギを県の木とする都道府県はどこでしょう？,三重(みえ)
2012,ノーマル,和食器や座布団は、ともに何枚で1組として数えられるでしょう？,5枚(5まい)
2012,ノーマル,自然対数の底や円周率など、有理数を係数とする方程式の解にならない数のことを特に何というでしょう？,超越数(ちょうえつすう)
2012,ノーマル,英語でオスのクジャクは「ピーコック」といいますが、メスのクジャクは何というでしょう？,ピーヘン
2012,ノーマル,1898年にアフリカ分割をめぐってフランス軍とイギリス軍が衝突した事件を、対峙した南スーダンの村の名前から何事件というでしょう？,ファショダ事件(ふぁしょだじけん)
2012,ノーマル,バスケットボールで、試合終了のブザーと同時に決まるシュートを何というでしょう？,ブザービーター
2012,ノーマル,今年5月 21日には日本でも観測できる、日食の中でも月の周囲に太陽の輪っかが出来たように見えるものを何というでしょう？,金環食(きんかんしょく)
2012,ノーマル,お茶の栽培が盛んに行われている、静岡県中部の大井川下流西岸に広がる台地を何というでしょう？,牧之原(まきのはら)台地(まきのはら(まきのはら)だいち)
2012,ノーマル,災害時に市町村長が出す「避難勧告」と「避難指示」のうち、より緊急度が高いのはどちらでしょう？,避難指示(ひなんしじ)
2012,ノーマル,日本語では「衒学的(げんがくてき)」などという、むやみに難しい言葉を使ったりして、学識をひけらかす態度を英語で何というでしょう？,ペダンティック
2012,ノーマル,ハワイ王国第8代国王で、「アロハ・オエ」の作曲者としても知られるのは誰でしょう？,リリウオカラニ
2012,ノーマル,ハングライダーやパラグライダーなどのエアスポーツで、上昇気流によって長時間滞空することを英語で何というでしょう？,ソアリング
2012,ノーマル,映画倫理委員会が定める年齢制限で、「R15」などという時の「R」は「Restricted(レストリクテッド)」の略ですが、「PG12」の「PG」は何の略でしょう？,Parental Guidance(ペアレンタル・ガイダンス)
2012,ノーマル,2012年1月にはアニメ映画化もされた、ジャックとアニーの兄妹が時間旅行を繰り広げる児童文学シリーズは何でしょう？,『マジック・ツリーハウス』(マジック・ツリーハウス)
2012,ノーマル,シーエンを州都とするノルウェーの州で、スキー・ジャンプ競技の着地姿勢の名前になっているのは何でしょう？,テレマーク
2012,ノーマル,英語で「噛み砕ける」という意味がある通り、水が無くても噛み砕いて服用できる錠剤のことを何というでしょう？,チュアブル錠(ちゅあぶるじょう)
2012,ノーマル,日本の衆議院の比例代表選挙は、全国をいくつのブロックに分けて行われるでしょう？,11
2012,ノーマル,膝をついて、額と両手を地面に着ける礼の仕方を何というでしょう？,土下座(どげざ)
2012,ノーマル,マツやツバキ、スギのように、1年中いつでも葉をつけている樹木を何というでしょう？,常緑樹(じょうりょくじゅ)
2012,ノーマル,その名はローマへ通じる通商路だったことに由来する、ドイツのビュルツブルグからフュッセンまでを結ぶ道のことを「何街道」というでしょう？,ロマンティック街道(ろまんてぃっくかいどう)
2012,ノーマル,大きく分けて、リエージュ風、ブリュッセル風の2種類がある、ベルギー名物の焼き菓子といえば何でしょう？,ワッフル【ゴーフル】
2012,ノーマル,今年2月29日の日本武道館公演で解散した、椎名林檎(しいな・りんご)がボーカルを務めていたロックバンドは何でしょう？,東京事変(とうきょうじへん)
2012,ノーマル,その高さは約 13メートルである、思い切った決断をするとき、ここから飛び降りたつもりになるとたとえられるのはどこでしょう？,清水(きよみず)の舞台(しみず(きよみず)のぶたい)
2012,ノーマル,19世紀末から第一次世界大戦までの、パリが繁栄した華やかな時代のことを、「良き時代」という意味の言葉で何というでしょう？,ベル・エポック
2012,ノーマル,オリンピックの水泳競技における飛び込み競技の3種目とは、「高飛び込み」「飛び板飛び込み」と何でしょう？,シンクロナイズドダイビング
2012,ノーマル,裾が広がった七分丈のゆったりとしたズボンのことを、南米のカウボーイが穿いていたことから何というでしょう？,ガウチョパンツ
2012,ノーマル,正式には「世界文庫」という、黄色いカバーでも知られる、岩波文庫のモデルとなったドイツの文庫はどこでしょう？,レクラム文庫(れくらむぶんこ)
2012,ノーマル,現在の日本では6目半が一般的である、囲碁で後攻に与えられるハンデのことを何というでしょう？,コミ
2012,ノーマル,天気の「ひょう」と「あられ」の境目となる直径は、何ミリメートルでしょう？,5
2012,ノーマル,企業が利益を追求するだけでなく、社会に与える影響に責任を持って経営を行うという考え方を、アルファベット3文字で何というでしょう？,CSR
2012,ノーマル,奈良県の三輪や兵庫県の竜野(たつの)が産地として知られる、夏に良く食べられる麺類は何でしょう？,そうめん
2012,ノーマル,東京六大学野球で唯一、ストライプのユニフォームを採用している大学はどこでしょう？,立教大学(りっきょうだいがく)
2012,ノーマル,グッチやミネトンカのものが有名な、元々は北米インディアンが履いていた、一枚革から作られた靴のことを何というでしょう？,モカシン
2012,ノーマル,アラスカのスワード半島と東シベリアのチュクチ半島との間にある海峡を、通過した探険家の名を取って何海峡というでしょう？,ベーリング海峡(べーりんぐかいきょう)
2012,ノーマル,テキサス州アディソンに本社を置き、全世界に3万を超える店舗を展開する、世界最大のピザチェーンは何でしょう？,ピザハット
2012,ノーマル,歯茎の炎症が進行した結果、歯と歯茎の間にできる大きな溝のことを特に何というでしょう？,歯周ポケット(ししゅうポケット)
2012,ノーマル,とても悲惨な状況に陥り、混乱して泣き叫ぶことを、仏教で出てくる二つの地獄の名前を使った四字熟語で何というでしょう？,阿鼻叫喚(あびきょうかん)
2012,ノーマル,就任の経緯から「くじ引き将軍」/とも呼ばれる、室町幕府第6代将軍は誰でしょう？,足利義教(あしかが・よしのり)
2012,ノーマル,「カムバック」という言葉を聞き間違えてできたといわれる、競馬でスタートが正常に行われずにやり直しになることを何というでしょう？,カンパイ
2012,ノーマル,1963年、『野のユリ』でアカデミー主演男優賞を受賞し、黒人初となる同賞受賞者となったアメリカの俳優は誰でしょう？,シドニー・ポワチエ
2012,ノーマル,日本の法律で定められている4つの離婚の形態とは、裁判離婚、審判離婚、調停離婚と何離婚でしょう？,協議離婚【協議上の離婚】(きょうぎりこん【きょうぎうえのりこん】)
2012,ノーマル,現在は1月6日の開催が恒例となっている、消防関係者の仕事始めの行事を何というでしょう？,出初式(でぞめしき)
2012,ノーマル,フランス語で「金細工師(きんざいくし)」という意味を持つ、昨年誕生した日本競馬史上7頭目となる三冠馬は何でしょう？,オルフェーヴル
2012,ノーマル,オランダのデルフト生まれの生物学者で、微生物を観察する際に世界で初めて顕微鏡を使用したのは誰でしょう？,レーウェンフック
2012,ノーマル,日本の一般電気事業者 10社の中で、唯一原子力発電所がない会社はどこでしょう？,沖縄電力(おきなわでんりょく)
2012,ノーマル,俗に食べると物忘れがひどくなると言われる、薬味や漬物などにして食べるショウガ科の多年草は何でしょう？,ミョウガ
2012,ノーマル,その製作者のことは製管師と呼ばれる、都山(とざん)流、琴古(きんこ)流などの流派がある楽器は何でしょう？,尺八(しゃくはち)
2012,ノーマル,「いれものがない両手でうける」「咳(せき)をしても一人」などの自由律俳句で知られる鳥取県生まれの俳人は誰でしょう？,尾崎放哉(おざきほうさい)
2012,ノーマル,栗原恵(くりはら・めぐみ)は女子バレーボールの選手ですが、栗原あゆみは何のプロスポーツ選手でしょう？,女子プロレス(じょしぷろれす)
2012,ノーマル,ギリシャ語で「形」/を意味する、キリスト教の中でも東方正教会の伝統で大切にされてきた、板絵の聖画像のことを何というでしょう？,イコン
2012,ノーマル,魚釣島(うおつりじま)や久場島(くばじま)などの島と岩からなる沖縄県の諸島で、中国や台湾が領有権を主張して問題になっているのは何でしょう？,尖閣諸島(せんかくしょとう)
2012,ノーマル,オリエンタルランドの主要株主でもある鉄道/会社で、千葉線や成田空港線など、東京都と千葉県に鉄道路線を持つのは何でしょう？,京成電鉄(けいせい)
2012,ノーマル,春の樹木で、木通(アケビ)はアケビ科ですが、馬酔木(アシビ)は何科でしょう？,ツツジ科(つつじか)
2012,ノーマル,昨年 12月、電気自動車として初めて日本カー・オブ・ザ・イヤーに選ばれた、日産が販売している車は何でしょう？,リーフ
2012,ノーマル,アイスホッケーで、相手チームが反則などで人数が少なくなっている間の攻撃を「何プレイ」というでしょう？,パワープレイ
2012,ノーマル,代表作に『ヘアリボンの少女』や『Look Mickey』がある、ポップ・アートを代表するアメリカの画家は誰でしょう？,ロイ・リキテンスタイン
2012,ノーマル,バガテル公園やロンシャン競馬場などがある、パリの西にある広大な森を何と呼ぶでしょう？,ブローニュの森(ぶろーにゅのもり)
2012,ノーマル,市街で最も人通りの多い、中心的な通りのことを、ある体の一部を使って何というでしょう？,目抜き通り(めぬきとうり)
2012,ノーマル,発症している患者の 99%以上は男性である、血液凝固因子の一部が先天的に欠乏することにより出血が止まりにくくなる遺伝病は何でしょう？,血友病(けつゆうびょう)
2012,ノーマル,有利な方に付こうと形勢をうかがうことを、山崎の戦いの故事から「何を決め込む」というでしょう？,洞ヶ峠(ほらがとうげ)を決め込む(ほらがとうげ(ほらがとうげ)をきめこむ)
2012,ノーマル,スイスとオランダの独立を承認した、1648年に締結された三十年戦争の講和条約は何でしょう？,ウェストファリア条約【ヴェストファーレン条約】(うぇすとふぁりあじょうやく【ゔぇすとふぁーれんじょうやく】)
2012,ノーマル,柔道の国際ルールにおいて、相手に一本が与えられ負けになるのは、連続で何回の指導を受けた時でしょう？,4回(4かい)
2012,ノーマル,映画『禁じられた遊び』では、音楽の編曲・構成・演奏を1本のギターだけで行ったとされる、スペインのギタリストは誰でしょう？,ナルシソ・イエペス
2012,ノーマル,「人間は万物の尺度である」という言葉で知られる、ギリシャの哲学者は誰でしょう？,プロタゴラス
2012,ノーマル,一般には元日から七日間を指す、門松を飾っておく期間のことを何というでしょう？,松の内(まつのうち)
2012,ノーマル,シュウ酸溶液中に浸し電気を流すことで行われるアルミニウムの表面処理のことで、弁当箱のものがよく知られるのは何でしょう？,アルマイト
2012,ノーマル,2007年4月から「養護学校」から名称が改められた、障害を持つ子どもの教育と自立を助けることを目的に設置される学校を何というでしょう？,特別支援学校(とくべつしえんがっこう)
2012,ノーマル,県の人口に占めるカトリック信者の割合が4%と、日本で最も多いのは何県でしょう？,長崎(ながさき)
2012,ノーマル,丹波太郎、比古太郎、坂東太郎など土地によって様々な呼び名がつけられている、夏空にもくもくと盛り上がる雲は何でしょう？,入道雲(にゅうどうぐも)
2012,ノーマル,南太平洋の島々などに多く産する、海鳥の糞が堆積して固まったものを何というでしょう？,グアノ
2012,ノーマル,電気、ガス、水道といった、生活に必要なインフラ設備のことを、「命綱」を意味する英語で何というでしょう？,ライフライン
2012,ノーマル,童謡『あんたがたどこさ』で、狸が住んでいると歌われている山の名前は何でしょう？,せんば山(せんばやま)
2012,ノーマル,1919年、米騒動の責任をとって辞任した第 18代総理大臣で、その頭の形から「ビリケン宰相」と呼ばれていたのは誰でしょう？,寺内正毅(てらうち・まさたけ)
2012,ノーマル,正式には「全国健康福祉祭」という、1988年から毎年開催されている、60歳以上を対象にしたスポーツや文化の祭典を何というでしょう？,ねんりんピック
2012,ノーマル,1977年にはクリエイター育成のため「劇画村塾(げきがそんじゅく)」を創設した、代表作に『子連れ狼』がある漫画原作者は誰でしょう？,小池一夫(こいけ・かずお)
2012,ノーマル,およそ1億5千万キロメートルを1とする、地球と太陽との平均距離から決められた長さの単位は何でしょう？,天文単位(てんもんたんい)
2012,ノーマル,労働者の基本的権利である労働三権とは、団結権、団体交渉権と何でしょう？,争議権【団体行動権】(そうぎけん【だんたいこうどうけん】)
2012,ノーマル,果汁飲料を作る時に、いったん果汁の水分を飛ばした後、再び水を加えて戻す製法を何というでしょう？,濃縮還元(のうしゅくかんげん)
2012,ノーマル,背泳ぎとクロールでのみ行われる、水泳で、水中で体を回転させ、足でタッチを行う素早いターンのことを何というでしょう？,クイックターン
2012,ノーマル,フランス語で「かご」という意味の、ドレスなどのスカートの形を美しく見せるために着る下着は何でしょう？,パニエ
2012,ノーマル,かつて北ローデシアと呼ばれた国はザンビアですが、南ローデシアと呼ばれたのは現在のどこの国でしょう？,ジンバブエ
2012,ノーマル,土砂などを運搬する手押し車のことを、ある動物の名を使って俗に何というでしょう？,猫車(ねこぐるま)
2012,ノーマル,オンラインゲームでのプレーヤーの操作や、ツイッターでの書き込みを人間の代わりに行うプログラムのことを特に何というでしょう？,bot(ボット)
2012,ノーマル,ポルトガル語で「バラの冠」という意味がある、カトリック教徒が祈りのときに用いる数珠(じゅず)のような輪を何というでしょう？,ロザリオ
2012,ノーマル,ラテン名を「アヴィケンナ」という、著書『医学典範』などで知られるアラビアの医学者は誰でしょう？,イブン・シーナー
2012,ノーマル,インターハイの種目のうち、毎回必ず京都府で開催される競技は何でしょう？,駅伝(えきでん)
2012,ノーマル,今年の7月 16日、桂三枝が六代目を襲名する、上方落語の大名跡(だいみょうせき)は何でしょう？,桂文枝(かつら・ぶんし)
2012,ノーマル,日本語では「悪漢小説」と訳される、悪知恵に富む主人公に視点を置くスペインで流行した小説の形式は何でしょう？,ピカレスク小説(ぴかれすくしょうせつ)
2012,ノーマル,論理学において、「Aならば Bである」という命題に対し、「Bでないなら Aでない」という命題のことを何というでしょう？,対偶(たいぐう)
2012,ノーマル,1987年 10月 19日に発生した世界的な株価の大暴落の事を、この日の曜日から通称何というでしょう？,ブラックマンデー【暗黒の月曜日】(ブラックマンデー)
2012,ノーマル,将棋の反則で、持ち駒の歩を王の前に打つことで詰めるものを特に何というでしょう？,打ち歩詰め(うちほつめ)
2012,ノーマル,冬のオリンピックで行われているフリースタイルスキーの正式種目3つとは、モーグル、エアリアルと何でしょう？,スキークロス
2012,ノーマル,葉に鋭いトゲがあるため、節分の日に鬼除けとして使われるモクセイ科の植物は何でしょう？,ヒイラギ
2012,ノーマル,昨年 11月に来日したジグミ・ケサル・ナムギャル・ワンチュクが国王をつとめるアジアの国はどこでしょう？,ブータン王国(ぶーたんおうこく)
2012,ノーマル,錦梅堂(きんぱいどう)のものが元祖である、地元の名産である絹織物にちなんだ名がつけられた、福井県の和菓子は何でしょう？,羽二重餅(はぶたえもち)
2012,ノーマル,洋楽を多くかけていた FMラジオ局・J-WAVE(ジェイウェーブ)が、番組に見合う邦楽曲を指してつけた言葉で、現在では邦楽のヒット曲全般を指すようになったのは何でしょう？,J-POP
2012,ノーマル,小説家・内田百閒(うちだ・ひゃっけん)の教師時代の教え子との交流を描く、黒澤明の遺作としても知られる作品は何でしょう？,『まあだだよ』
2012,ノーマル,アンデルセンの童話『雪の女王』で、雪の女王に連れ去られてしまう少年の名前は何でしょう？,カイ
2012,ノーマル,本名をエマニュエル・ラドニツキーというアメリカの写真家で、ソラリゼーションという技法を用いた作品で知られるのは誰でしょう？,マン・レイ
2012,ノーマル,日本の国立公園のなかで、名前にカタカナが使われているものは、南アルプス国立公園とあとひとつは何でしょう？,利尻礼文サロベツ国立公園(りしりれぶんさろべつこくりつこうえん)
2012,ノーマル,かな漢字変換ソフトの「ATOK(エイトック)」や日本語ワープロソフトの「一太郎」を販売している、ソフトウェア開発会社は何でしょう？,ジャストシステム
2012,ノーマル,人間の「第三大臼歯(だいさんだいきゅうし)」のことを、その歯と対応する乳歯がないことから俗に何というでしょう？,親知らず(おやしらず)
2012,ノーマル,漢字の字体を構成する要素で、上の部分にあたるものは冠(かんむり)ですが、下の部分にあたるものを何というでしょう？,脚(あし)
2012,ノーマル,徳川吉宗のもとで編纂され、1742年に完成した、江戸幕府の裁判の基準となった基本法令は何でしょう？,公事方御定書(くじかたおさだめがき、くじがたおさだめがき)
2012,ノーマル,最優秀選手のことを「MVP」といいますが、この「MVP」とは何という言葉の略でしょう？,モスト・バリアブル・プレーヤー
2012,ノーマル,温度の単位の名前の由来で、摂氏はセルシウスにちなんでいますが、華氏は誰にちなんで名づけられたでしょう？,ガブリエル・ファーレンハイト
2012,ノーマル,ブラックマヨネーズの小杉竜一(こすぎ・りゅういち)がイメージキャラクターを務めている、大阪府枚方市にある遊園地はどこでしょう？,ひらかたパーク
2012,ノーマル,ダスティン・ホフマン主演の映画『卒業』の主題歌となった、サイモン&ガーファンクルの曲は何でしょう？,『サウンド・オブ・サイレンス』
2012,ノーマル,結婚の「婚」に活動の「活」と書くのは「婚活」ですが、独身の「独」に活動の「活」と書くウコギ科の野菜は何でしょう？,ウド
2012,ノーマル,活躍した戦いの名前にちなみ「ティピカヌー」の愛称でも呼ばれたアメリカ第9代大統領で、歴代で最も在職期間が短かったのは誰でしょう？,ウィリアム・ヘンリー・ハリソン
2012,ノーマル,1941年の映画『市民ケーン』で、監督・製作・脚本・主演を務めた人物は誰でしょう？,ジョージ・オーソン・ウェルズ
2012,ノーマル,夏休みの宿題でおなじみの青少年読書感想文全国コンクールで、主催者が指定する本のことを特に「何図書」というでしょう？,課題図書(かだいとしょ)
2012,ノーマル,医学用語では「外傷性頸部症候群」と呼ばれる、自動車の追突事故などで首などによく起こる症状は何でしょう？,むちうち症(むちうちしょう)
2012,ノーマル,ケイト・シェパードを中心とした活動により、1893年、世界で初めて女性参政権が認められた国はどこでしょう？,ニュージーランド
2012,ノーマル,サッカー・Jリーグに加盟するチームのうち東京都に本拠地を置くのは、東京ヴェルディ、FC東京と、今シーズンから加盟した何でしょう？,FC町田ゼルビア(FCまちだぜるびあ)
2012,ノーマル,チェスでは先手、オセロや囲碁では後手となるのは、白・黒のどちらでしょう？,白(しろ)
2012,ノーマル,ボウリングで、ボールがポケットに入りながらも、1本だけピンが残ってしまうことを何というでしょう？,タップ
2012,ノーマル,圧力の単位「ヘクトパスカル」をアルファベット表記したとき、唯一大文字で書かれる文字は何でしょう？,P
2012,ノーマル,1932年にケルンとボンの間で初めて開通した、ドイツ・オーストリア・スイスにまたがる高速道路を何というでしょう？,アウトバーン
2012,ノーマル,長十郎、新高(にいたか)、幸水(こうすい)などの品種がある、バラ科の果物は何でしょう？,梨(なし)
2012,ノーマル,今年開催された第1回冬季ユースオリンピックで、日本選手金メダル第1号となった、スキージャンプ女子の選手は誰でしょう？,高梨沙羅(たかなし・さら)
2012,ノーマル,童謡『赤とんぼ』の作詞を手がけたのは三木露風ですが、作曲を手がけたのは誰でしょう？,山田耕筰(やまだ・こうさく)
2012,ノーマル,指輪の中でも、アームの部分に小粒のダイヤをぎっしりと敷きつめたもののことを、「石畳」という意味のフランス語で何というでしょう？,パヴェ
2012,ノーマル,一条天皇の中宮であった定子(ていし)に仕えた、随筆集『枕草子』を残した平安時代の女流文学者は誰でしょう？,清少納言(せいしょうなごん)
2012,ノーマル,ドイツのザクセン=アンハルト州の州都である都市で、ここの市長であった物理学者のゲーリケが真空の実験を行ったことで知られるのはどこでしょう？,マグデブルク
2012,ノーマル,諸国を回って弘法大師の教えを説いた高野山の僧侶のことで、泉鏡花(いずみ・きょうか)の小説のタイトルにもなっているのは何でしょう？,高野聖(こうやひじり)
2012,ノーマル,ノンアルコールのビアテイスト飲料の発売元で、「プレミアムアルコールフリー」はサッポロですが、｢オールフリー｣は何という会社でしょう？,サントリー
2012,ノーマル,消費者金融会社やクレジットカード会社のように、お金の貸付を専門に行う金融機関のことを英語で何というでしょう？,ノンバンク
2012,ノーマル,「抵抗膜方式」や「静電容量方式」などの種類がある、画面に触れて操作する電子部品のことを何というでしょう？,タッチパネル
2012,ノーマル,1965年アメリカ・ヒューストンにオープンした、世界初のドーム球場といえば何でしょう？,アストロドーム
2012,ノーマル,リキュールの名前にもなっている「キュラソー島」は、どこの国の領土でしょう？,オランダ
2012,ノーマル,客の手元に置くという意味から、一般に、割り箸の包み紙に書かれているひらがな4文字は何でしょう？,おてもと
2012,ノーマル,ビタミンをその化学的性質から大きく2つに分けると、水に溶けやすい水溶性ビタミンと何でしょう？,脂溶性ビタミン(しようせいびたみん)
2012,ノーマル,1180年に起こった源平の戦いで、平維盛率いる平家軍が、水鳥の羽音に驚いて敗走したという逸話で知られるのは何でしょう？,富士川の戦い(ふじがわのたたかい)
2012,ノーマル,9年連続を含む通算 12回首位打者獲得という記録を持つ、メジャーリーグ往年の名選手は誰でしょう？,タイ・カッブ
2012,ノーマル,照明や大道具を使った怪談話を得意とする、講談界で初めて人間国宝になった講釈師は誰でしょう？,一龍斎貞水(いちりゅうさい・ていすい)
2012,ノーマル,バングラディッシュ国歌『わが黄金のベンガルよ』やインド国歌『ジャナ・ガナ・マナ』を作詞作曲した、インドのノーベル文学賞作家は誰でしょう？,ラビンドラナート・タゴール
2012,ノーマル,英語で「属性」/という意味がある、Windowsにおいて、ファイルやフォルダの情報のことを指す言葉は何でしょう？,プロパティ
2012,ノーマル,企業の設備投資に起因しているとされる、約10年の周期をもつ景気循環のことを、提唱したフランスの経済学者にちなんで「誰の波」というでしょう？,ジュグラーの波(じゅぐらーのなみ)
2012,ノーマル,将棋盤で、縦の列を「筋(すじ)」と呼ぶのに対し、横の列は何と呼ぶでしょう？,段(だん)
2012,ノーマル,今年1月に亡くなった、東京オリンピックのボクシング・バンタム級で金メダルを獲得した日本人といえば誰でしょう？,桜井孝雄(さくらい・たかお)
2012,ノーマル,顔の部分が赤い「コザクラ」、頬に橙色の斑点がある「オカメ」、背中が黄色や青色をとる「セキセイ」などの種類がいる鳥は何でしょう？,インコ
2012,ノーマル,日本の歴代首相で、森喜朗、竹下登、野田佳彦に共通する出身大学はどこでしょう？,早稲田大学(わせだだいがく)
2012,ノーマル,もともとはチガヤの葉で巻かれたことからその名がついた、端午の節句の時に食べるお餅は何でしょう？,ちまき
2012,ノーマル,さとう宗幸(むねゆき)のヒット曲『青葉城恋唄』では冒頭で歌われている、仙台市内を流れる川は何でしょう？,広瀬川(ひろせがわ)
2012,ノーマル,現在、ジャニーズ事務所に所属するアイドルグループの中で最も活動歴が長い、東山紀之、植草克秀、錦織一清のグループは何でしょう？,少年隊(しょうねんたい)
2012,ノーマル,『采覧異言(さいらんいげん)』『西洋紀聞(せいようきぶん)』『折たく柴の記(おりたくしばのき)』などの著書を残した、江戸時代の儒学者は誰でしょう？,新井白石(あらい・はくせき)
2012,ノーマル,サッカーワールドカップの第1回開催国で、男子はウルグアイですが、女子はどこでしょう？,中国(ちゅうごく)
2012,ノーマル,生涯独身を通したエリザベス1世に因んで名付けられた、リッチモンドを州都とするアメリカの州は何州でしょう？,バージニア州(ばーじにあしゅう)
2012,ノーマル,キャッチコピーは「科学をあなたのポケットに」である、科学を初心者向けに解説する講談社の新書シリーズは何でしょう？,ブルーバックス
2012,ノーマル,1958年にイギリスの経済学者が発表した、賃金上昇率と失業率の関係を示した曲線は何でしょう？,フィリップス曲線(ふぃりっぷすきょくせん)
2012,ノーマル,人気の洋菓子店、モロゾフとユーハイムの本店があるのは共に何市でしょう？,神戸(こうべ)
2012,ノーマル,「緑の芸術」とも呼ばれる、樹木を動物の形や幾何学模様に刈り込むことを英語で何というでしょう？,トピアリー
2012,ノーマル,ロシアのロケットを発射している「バイコヌール宇宙基地」はどこの国にあるでしょう？,カザフスタン
2012,ノーマル,フィンランドのピルカンマー県にある都市で、携帯電話端末世界最大シェアを誇る会社にその名がつけられているのはどこでしょう？,ノキア
2012,ノーマル,発症時に高熱でぼんやりとする様子から「煙」を意味するギリシャ語にその名が由来する、パラ、腸、発疹の3種類に大別される法定伝染病は何でしょう？,チフス
2012,ノーマル,「泥にまみれ火に焼かれるよう」であることから、極めて苦しい状態のことを「何の苦しみ」というでしょう？,塗炭(とたん)の苦しみ(とたん(とたん)のくるしみ)
2012,ノーマル,古代朝鮮半島にあった「三韓」とは馬韓(ばかん)、辰韓(しんかん)とあと一つは何でしょう？,弁韓(べんかん)
2012,ノーマル,「百人一首」や「無学者」といった別名もある、在原業平の歌の解釈を語る落語の演目といえば何でしょう？,千早振る(ちはやふる)
2012,ノーマル,ワーグナーによるオペラも有名な、マルク王に使える円卓の騎士の一人と、彼が愛したアイルランドの王女を描いた物語は何でしょう？,『トリスタンとイゾルデ』
2012,ノーマル,よさこい祭りが行われるのは高知市ですが、YOSAKOIソーラン祭りが行われる都市はどこでしょう？,札幌(さっぽろ)
2012,ノーマル,『マボロシの鳥』『文明の子』という2作の小説も書いている、お笑いコンビ・爆笑問題のボケ担当は誰でしょう？,太田光(おおた・ひかり)
2012,ノーマル,国民から無作為に選ばれた 11人で構成される、検察官の不当な不起訴処分などを抑制するための機関は何でしょう？,検察審査会(けんさつしんさかい)
2012,ノーマル,七福神にちなんだ七種類の具材を巻き入れるのが定番である、節分の日に食べられる縁起物の太巻きは何でしょう？,恵方巻(えほうまき)
2012,ノーマル,ATPから女子部門の独立という形で設立された、女子プロテニスプレーヤーのランキングを発表している団体を、アルファベット3文字で何というでしょう？,WTA
2012,ノーマル,約 5000年前には天の北極付近にあり、北極星の役割を果たしていた、竜座のアルファ星は何でしょう？,ツバーン
2012,ノーマル,環境意識の高まりから増えている、環境にやさしい商品を優先的に購入する消費者のことを、英語で何というでしょう？,グリーンコンシューマー
2012,ノーマル,『想いあふれて』や『イパネマの娘』などが日本でもよく知られる、「新しい感覚」という意味の言葉にその名を因むブラジルの大衆歌謡は何でしょう？,ボサノヴァ
2012,ノーマル,グラゴル文字を基に/して作られたといわれている、ロシア語などのスラブ語圏で使用されている文字は何でしょう？,キリル文字(キリル)
2012,ノーマル,仏教書『立正安国論』を著したのは日蓮ですが、『立正治国論』を著した室町時代の日蓮宗の僧侶は誰でしょう？,日親(にっしん)
2012,ノーマル,1971年 7月 17日、グランド・ジョラスの北壁の登攀(とうはん)に成功し、女性で初めてヨーロッパアルプス三大北壁を制覇した日本の登山家は誰でしょう？,今井通子(いまい・みちこ)
2012,ノーマル,19世紀に医師エリアス・リョンロートによって編纂された、英雄ワイナミョイネンの冒険を描いたフィンランドの叙事詩は何でしょう？,『カレワラ』
2012,ノーマル,ぶつ切りにしたエビやカニを、殻つきのまま煮た料理を何というでしょう？,具足煮(ぐそくに)
2012,ノーマル,電気回路の実験でよく用いられる、電気信号の波形を表示するのに用いる装置は何でしょう？,オシロスコープ
2012,ノーマル,結婚式の受付などで、ゲストが名前を記入する帳簿のことを日本語で何というでしょう？,芳名帳(ほうめいちょう)
2012,ノーマル,段位とは別に与えられる剣道の3つの称号のうち、最も位が高いのは何でしょう？,範士(はんし)
2012,ノーマル,昨年9月3日、川崎市多摩区にオープンした、長年川崎市に住んでいたある漫画家に関する文化施設は何でしょう？,藤子・F・不二雄ミュージアム(ふじこ・F・ふじおみゅーじあむ)
2012,ノーマル,日本で販売されている郵便用普通切手で、1番安いのは1円切手ですが、2番目に安いのは何円切手でしょう？,3円切手(3えんきって)
2012,ノーマル,日本語では「求償貿易」ともいう、主に発展途上国との間で行われる、物々交換による貿易のことを何というでしょう？,バーター貿易(ばーたーぼうえき)
2012,ノーマル,俗に梅干しの種の中にいるといわれている神様は何でしょう？,天神様(てんじんさま)
2012,ノーマル,第1回ノーベル生理学・医学賞では受賞者候補にも挙がった、1894年にペスト菌を発見した日本の細菌学者は誰でしょう？,北里柴三郎(きたざとしばさぶろう)
2012,ノーマル,英語で、少数派を「マイノリティ」というのに対して、多数派の事を何というでしょう？,マジョリティ
2012,ノーマル,本名をウィリアム・フレデリック・コーディという、1年半で 4820頭もの野牛を殺したといわれる西部開拓時代のガンマンは誰でしょう？,バッファロー・ビル
2012,ノーマル,グノー作曲の『賛歌と教皇の行進曲』を国歌とする、/世界で面積が最も小さい国はどこでしょう？,バチカン市国(バチカン)
2012,ノーマル,このほど野球殿堂入りを果たした、広島のエースとして活躍し、そのコントロールから「精密機械」の異名を取った投手は誰でしょう？,北別府学(きたべっぷ・まなぶ)
2012,ノーマル,5000人以上の外国人タレントと契約を結んでおり、テレビ番組の再現ドラマなどに出演者を供給している日本の芸能事務所は何でしょう？,稲川素子(いながわもとこ)事務所(いながわもとこ(いながわもとこ)じむしょ)
2012,ノーマル,ヒトのX染色体、Y染色体のうち、男性にしかないのはどちらでしょう？,Y染色体(Yせんしょくたい)
2012,ノーマル,現在のところ直木賞の最年少受賞者で、かつ女性初の受賞者でもあるのは誰でしょう？,堤千代(つつみ・ちよ)
2012,ノーマル,イギリスの哲学者ベンサムや経済学者ミルなどに代表される、幸福を人生や社会の最大目的とする倫理・政治学説を「何主義」というでしょう？,功利主義(こうりしゅぎ)
2012,ノーマル,食品衛生法の規定に基づき、わが国で、放射線をあてることが許可されている唯一の食材は何でしょう？,ジャガイモ
2012,ノーマル,スノーボードのハーフパイプで、横に回転する技をスピンというのに対し、縦に回転する技を何というでしょう？,フリップ
2012,ノーマル,主に気孔で行われるものと、クチクラで行われるものの2種類に大別される、植物が体内の水分を外へ放出する現象を何というでしょう？,蒸散(じょうさん)
2012,ノーマル,2010年の日本の数値は 1.39とわずかに上昇傾向にある、一人の女性が一生に産む子供の平均数を何というでしょう？,合計特殊出生率(ごうけいとくしゅしゅっしょうりつ、ごうけいとくしゅしゅっせいりつ)【TFR、total fertility rate】(ごうけいとくしゅしゅっせいりつ(ごうけいとくしゅしゅっしょうりつ、ごうけいとくしゅしゅっせいりつ)【TFR、total fertility rate】)
2012,ノーマル,魚を焼く時に、焼けすぎを防ぐために焦げやすい尾と胸ビレにつける塩を何というでしょう？,化粧塩(けしょうしお)
2012,ノーマル,『旅の宿』『結婚しようよ』などの曲で知られる、1970年代から現在まで活動を続けるシンガーソングライターは誰でしょう？,吉田拓郎(よしだ・たくろう)
2012,ノーマル,祖母の旅館で若おかみとして修行する小学六年生・おっこの成長を描く、令丈(れいじょう)ヒロ子の児童文学作品は何でしょう？,『若おかみは小学生!』(わかおかみはしょうがくせい)
2012,ノーマル,アイスホッケーで、キーパーはパックを何秒以上持つと反則になるでしょう？,3秒(3)
2012,ノーマル,絵画『アラメダ公園の日曜日の午後の夢』を描いた、オロスコ、シケイロスと共にメキシコ三大壁画家と呼ばれる画家は誰でしょう？,ディエゴ・リベラ
2012,ノーマル,東京湾アクアラインは、神奈川県川崎市と千葉県の何市を結んでいるでしょう？,木更津(きさらづ)
2012,ノーマル,演劇プロデュースユニット「阿佐ヶ谷スパイダース」の主宰を務めている、妻に女優の常盤貴子(ときわ・たかこ)を持つ俳優は誰でしょう？,長塚圭史(ながつか・けいし)
2012,ノーマル,書画やサインなどで、誰に書いたものであるかを書き添えた言葉のことを何というでしょう？,為(ため)書き(ため(ため)かき)
2012,ノーマル,辛い調味料の原料になるワサビとカラシナは、共に何科の植物でしょう？,アブラナ科(あぶらなか)
2012,ノーマル,ラテン語で「繁殖させる」という意味の言葉に由来する、特定の思想・世論へ誘導する宣伝行為のことを一般に何というでしょう？,プロパガンダ
2012,ノーマル,第二次大戦後のブレトン・ウッズ体制において、1アメリカドルは何円に固定されていたでしょう？,360円(360),ブレトンウッズ体制とは、第二次世界大戦後の世界経済を安定させるため、米ドルを基軸に据えて為替相場を固定した国際通貨制度のことです。1944年に米国のブレトンウッズで開かれた会議で合意され、金・ドル本位制、固定相場制、国際機関の設立を主な特徴としてニクソンショックで米国の経済悪化とドルの流出入増加により崩壊するまで1971年まで続きました。
2012,ノーマル,ラグビーではゴールキックしたボールがクロスバーを越えて入ること、野球では専門である守備位置を変えることを共通して指す言葉は何でしょう？,コンバート
2012,ノーマル,接触させたレンズと透明な板に光を当てたとき、同心円状のリングが重なって見える現象のことを、ある物理学者の名をとって何というでしょう？,ニュートン・リング
2012,ノーマル,山形県、鳥取県、長崎県の県の鳥になっている、仲の良い夫婦を表現する際にも例えられる、カモ科の鳥は何でしょう？,オシドリ
2012,ノーマル,皮袋にみたした空気を押し出し/ながら吹きならす、スコットランドの民族楽器は何でしょう？,バグパイプ
2012,ノーマル,「負ける」という漢字の部首は「貝(かい)」ですが、「勝つ」という漢字の部首は何でしょう？,力(ちから)
2012,ノーマル,テニスで、前に出てきた相手の逆をついて、脇を抜いていくショットを英語で何というでしょう？,パッシングショット
2012,ノーマル,ヴィットリオ・デ・シーカ監督の映画『終着駅』の舞台となった、ローマの玄関口である駅は何駅でしょう？,テルミニ駅(ローマ・テルミニ駅)
2012,ノーマル,新潟県上越市が主宰する文学賞に名を残す児童文学作家で、代表作に『赤い蝋燭と人魚』などがあるのは誰でしょう？,小川未明(おがわ・みめい、おがわ・びめい)
2012,ノーマル,職業適正検査の一つ、クレペリン検査に名を残すクレペリンはどこの国の精神医学者でしょう？,ドイツ
2012,ノーマル,ブライアン、デニス、カールのウィルソン3兄弟を中心に結成されたアメリカのバンドで、『サーフィン・U.S.A.』で知られるのは何でしょう？,ザ・ビーチ・ボーイズ
2012,ノーマル,過去に 1952年と 1953年の2度だけ行われた、衆議院の解散中に急を要する場合、内閣の要請によって行われる集まりのことを何というでしょう？,緊急集会(きんきゅうしゅうかい)
2012,ノーマル,ロングセラーの参考書「赤尾の豆単」や、受験雑誌「蛍雪時代」で知られる出版社はどこでしょう？,旺文社(おうぶんしゃ)
2012,ノーマル,本名を菊次一弘(きくつぎ・かずひろ)という、昨年、日本人として4年ぶりの大関昇進を果たした佐渡ヶ嶽部屋に所属する力士は誰でしょう？,琴奨菊和弘(ことしょうぎく・かずひろ)【四股名の「琴奨菊」のみで○】(ことしょうぎくかずひろ(ことしょうぎく・かずひろ)【しこなの「ことしょうぎく」のみで○】)
2012,ノーマル,日本には河合隼雄(かわい・はやお)によって紹介された、砂の入った箱に玩具を自由に配置していくという心理療法の一種は何でしょう？,箱庭療法(はこにわりょうほう)
2012,ノーマル,昨年後半に大規模な氾濫が発生した、タイのアユタヤやバンコクを流れる川は何でしょう？,チャオプラヤー川(ちゃおぷらやーかわ)
2012,ノーマル,こんにゃくいもの国内生産量の 90%を占める、都道府県はどこでしょう？,群馬(ぐんま)
2012,ノーマル,バレエ音楽の『マ・メール・ロワ』『ダフニスとクロエ』、管弦楽曲の『ボレロ』で知られるフランスの作曲家は誰でしょう？,モーリス・ラヴェル
2012,ノーマル,かつて参議院で採用されていた選挙制度に由来する、全国的に知名度が高まることを表す言葉は何でしょう？,全国(ぜんこく)
2012,ノーマル,日本では弥生時代以降一般的になった、死者の両足を伸ばした姿勢で埋葬することを何というでしょう？,伸展葬(しんてんそう)
2012,ノーマル,別名を「レスト」という、ビリヤードで、手玉が遠くて打ちづらい位置にあるときに使う道具は何でしょう？,メカニカルブリッジ
2012,ノーマル,もともとは「江戸褄(えどづま)」と呼ばれる下半身の部分のみ模様が入った着物を指していた、既婚女性の礼装となる和服を何というでしょう？,留袖(とめそで)
2012,ノーマル,紫式部が『源氏物語』の構想を練った場所とされている、滋賀県大津市にある寺はどこでしょう？,石山寺(いしやまでら)
2012,ノーマル,モスクといえばイスラム教の礼拝所ですが、シナゴーグといえば何という宗教の礼拝所でしょう？,ユダヤ教(ゆだやきょう)
2012,ノーマル,森進一と森昌子の息子である Takaがヴォーカルを務める、代表曲に『完全感覚Dreamer』『アンサイズ二ア』などがあるロックバンドは何でしょう？,ONE OK ROCK(ワンオクロック)
2012,ノーマル,野球で、手のひらで押し出すようにして投げる変化球の一種を、「手のひら」を意味する英語を使って何というでしょう？,パームボール
2012,ノーマル,色の三原色といえば、赤・青・黄色ですが、光の三原色といえば赤･青と何でしょう？,緑(みどり)
2012,ノーマル,日本語では「扛重機(こうじゅうき)」という、車のタイヤ交換の時などに用いる、重い物を持ち上げる装置は何でしょう？,ジャッキ
2012,ノーマル,ドクター・マーチンやジョージ・コックスのものが有名な、/靴底がゴムで出来ている靴のことを何というでしょう？,ラバーソール
2012,ノーマル,宮城のお菓子メーカー・菓匠三全(かしょうさんぜん)が製造・販売している、カスタードクリームをカステラで包んだ仙台土産の定番といえば何でしょう？,萩の月(はぎのつき)
2012,ノーマル,毎年4月 20日頃に来る二十四節気のひとつで、穀物の芽を出させる雨が降ることを意味しているのは何でしょう？,穀雨(こくう)
2012,ノーマル,京都の鴨川を望める「山紫水明処(さんしすいめいのしょ)」という書斎で執筆活動を行なっていた、代表作に『日本政記』『日本外史』などがある歴史家は誰でしょう？,頼山陽(らい・さんよう)
2012,ノーマル,相撲で、幕内の取組における仕切りの制限時間は何分でしょう？,4分(4ふん)
2012,ノーマル,映画『君の名は』の後宮春樹役などで知られる往年の二枚目俳優で、中井貴恵(きえ)・貴一兄弟の父親に当たる人物は誰でしょう？,佐田啓二(さだ・けいじ)
2012,ノーマル,ファンタジー小説『ホビットの冒険』『指輪物語』を書いたイギリスの作家は誰でしょう？,J・R・R・トールキン
2012,ノーマル,アクチノイドとランタノイドは、共に何個の元素で構成されるでしょう？,15個(15こ)
2012,ノーマル,「ドル」と「ユーロ」に共通する補助通貨単位は何でしょう？,セント
2012,ノーマル,その様子が、牡丹、松葉、柳、散り菊の4段階に分けられる、花火といえば何でしょう？,線香花火(せんこうはなび)
2012,ノーマル,フランス語で「黄金の球」という意味がある、サッカーの年間世界最優秀選手に与えられる賞は何でしょう？,バロンドール
2012,ノーマル,鳥の鳴き声を聞きなしたもので、「法華経(ほっけきょう)」といえばウグイスの鳴き声ですが、「仏法僧(ぶっぽうそう)」といえば何の鳴き声でしょう？,コノハズク
2012,ノーマル,複式簿記で、資産や費用のことを「借方(かりかた)科目」というのに対して、負債や収益のことを「何科目」というでしょう？,貸方(かしかた)科目(かしかた(かしかた)かもく)
2012,ノーマル,米の作況指数で、「著しい不良」といえば、いくつ以下でしょう？,90
2012,ノーマル,伝統的なものでは弦は絹、胴はニシキヘビの皮で作られている、「蛇皮線(じゃびせん)」の別名もある奄美や琉球の民謡に欠かせない弦楽器は何でしょう？,三線(さんしん)
2012,ノーマル,俳優ジョン・トラボルタの出世作となった 1977年公開のジョン・バダム監督の映画で、当時のディスコ・ブームの火付け役となったのは何でしょう？,『サタデー・ナイト・フィーバー』
2012,ノーマル,江戸いろはがるたの「ほ」の札は「骨折り損のくたびれもうけ」ですが、京いろはがるたの「ほ」の札は何でしょう？,仏の顔も三度(ほとけのかおもさんど)
2012,ノーマル,総合格闘技の試合で選手が着用する、指部分が露出したグローブの名前は何でしょう？,オープンフィンガーグローブ
2012,ノーマル,1927年に勅使河原蒼風(てしがわら・そうふう)により創始された、池坊(いけのぼう)流、小原(おはら)流と共に華道の三大流派に数えられる流派は何でしょう？,草月(そうげつ)流(そうげつ(そうげつ)りゅう)
2012,ノーマル,都市が不規則に虫食い状態で拡大していくことを、何現象というでしょう？,スプロール現象(すぷろーるげんしょう)
2012,ノーマル,渋滞や交通規制などの情報をリアルタイムに送信し、カーナビに表示する「道路交通情報通信システム」のことを、アルファベット4文字で何というでしょう？,VICS(ビックス)
2012,ノーマル,1929年にアレキサンダー・フレミングによって青カビから発見された、世界初の抗生物質は何でしょう？,ペニシリン
2012,ノーマル,テニスのラケットやゴルフのクラブで、そこに当たると最も効果的な打球を生むとされる部分のことを何というでしょう？,スイートスポット
2012,ノーマル,正式には「女王陛下の宮殿にして要塞」という、夏目漱石の小説の題名にもなっているイギリスにある世界遺産は何でしょう？,ロンドン塔(ろんどんとう)
2012,ノーマル,ウバやディンブラといった紅茶の産地としても知られる、首都をスリジャヤワルダナプラコッテに置く国はどこでしょう？,スリランカ
2012,ノーマル,品質表示マークで、STマークはおもちゃにつけられますが、TSマークやBAAマークは何につけられるでしょう？,自転車(じてんしゃ)
2012,ノーマル,厚生労働省が「五大疾病」に指定している疾病は、がん、脳卒中、急性心筋梗塞、糖尿病と何でしょう？,精神疾患(せいしんしっかん)
2012,ノーマル,物事のたとえで、赤く錆びてしまった刀をあざける時、ある魚を使って何というでしょう？,赤鰯(あかいわし)
2012,ノーマル,紀元前 202年に漢の劉邦(りゅうほう)が楚(そ)の項羽(こうう)を倒した戦いで「四面楚歌」という故事の元となったのは何の戦いでしょう？,垓下(がいか)の戦い(がいか(がいか)のたたかい)
2012,ノーマル,2012年に行われるプロ野球のポストシーズンで、日本のクライマックスシリーズ進出するのは6チームですが、アメリカ・メジャーリーグのプレーオフに進出するのは何チームでしょう？,10チーム
2012,ノーマル,映画『メメント』『インセプション』『ダークナイト』などの作品でメガホンをとった、イギリス出身の映画監督は誰でしょう？,クリストファー・ノーラン
2012,ノーマル,今年行われた台湾総統選挙において、中国との対話政策を掲げて再選を果たしたのは誰でしょう？,馬英九(ば・えいきゅう、マー・インチウ)
2012,ノーマル,日本では古くから蘆薈(ろかい)と呼ばれ、「医者いらず」の別名でも知られるアフリカ原産の植物は何でしょう？,アロエ
2012,ノーマル,阪神・淡路大震災を教訓に制定された「防災とボランティアの日」は、何月何日でしょう？,1月 17日(1がつ 17にち)
2012,ノーマル,蛍光灯の原型や無線トランスミッターを発明し、現在は磁束密度の単位にその名を残す発明家は誰でしょう？,ニコラ・テスラ
2012,ノーマル,国際的なニーズを無視し、閉鎖的な環境で技術開発が進む現象を、太平洋に浮かぶ諸島に例えて「何現象」というでしょう？,ガラパゴス現象(がらぱごすげんしょう)
2012,ノーマル,カクテルで、ドッグス・ノーズ、パナシェ、シャンディ・ガフ、レッド・アイといえば、ベースとなるお酒は何でしょう？,ビール
2012,ノーマル,昨年の三井住友 VISA太平洋マスターズで史上3人目となるアマチュアでの日本ツアー優勝を果たした、東北福祉大学在学中のゴルファーは誰でしょう？,松山英樹(まつやま・ひでき)
2012,ノーマル,自転周期が 243日と、太陽系の惑星の中でいちばん長いのは何でしょう？,金星(きんせい)
2012,ノーマル,富士五湖があるのは山梨県ですが、三方五湖があるのは何県でしょう？,福井(ふくい)
2012,ノーマル,医療法において病院とは、ベッド数がいくつ以上と定められているでしょう？,20以上(20いじょう)
2012,ノーマル,恋人の美しさを太陽にたとえた、カプアが編曲したイタリア民謡は何でしょう？,『オー・ソレ・ミオ』
2012,ノーマル,1669年に起こった松前藩に対するアイヌ人たちの蜂起のことを、アイヌ人指導者の名前から「何の戦い」というでしょう？,シャクシャインの戦い(しゃくしゃいんのたたかい)
2012,ノーマル,アメリカンフットボールのポジションで、「DB」で表わされるのはディフェンスバックですが、「QB」で表わされるのは何でしょう？,クォーター・バック
2012,ノーマル,ゲーム雑誌「週刊ファミ通」を出版している出版社はどこでしょう？,エンターブレイン
2012,ノーマル,兄エドモン、弟ジュールのフランスの兄弟作家で、フランスで最も権威のある文学賞にその名を残しているのは誰でしょう？,ゴンクール兄弟(ごんくーるきょうだい)
2012,ノーマル,ニッケルとチタンで作るニチノールが代表的な、一度変形させても、加熱することで元の形状に回復する性質をもつ合金のことを何と言うでしょう？,形状記憶合金(けいじょうきおくごうきん)
2012,ノーマル,国内では電通と博報堂が二大大手である、メディアと広告主の仲介を行う企業を総称して何というでしょう？,広告代理店(こうこくだいりてん)
2012,ノーマル,主に巡業相撲で演じられる、禁じ手をおもしろおかしく紹介する余興を何というでしょう？,初っ切り(しょっきり)
2012,ノーマル,最近は妻・伊藤理佐との育児日記を描いている、代表作に『ちくちくウニウニ』『殴るぞ』『伝染るんです。』がある漫画家は誰でしょう？,吉田戦車(よしだ・せんしゃ)
2012,ノーマル,アフリカ大陸のザンビア共和国中部からコンゴ民主共和国南部にかけて広がる地域を、ある鉱物の生産地であることから何というでしょう？,カッパーベルト
2012,ノーマル,『植物の属』『自然の体系』などの著書があるスウェーデンの博物学者で、動植物を属名と種名で分ける「二名法」を提唱したのは誰でしょう？,カール・フォン・リンネ
2012,ノーマル,ギリシャ文字の最初の文字はアルファですが、最後の文字は何でしょう？,オメガ
2012,ノーマル,匈奴(きょうど)の捕虜となった李陵(りりょう)を弁護したため宮刑に処せられた、『史記』の作者である中国・前漢時代の歴史家は誰でしょう？,司馬遷(しばせん)
2012,ノーマル,コンサートで演奏する曲の一覧を順番に記した文書の事を何というでしょう？,セットリスト
2012,ノーマル,1987年に行われた第1回は藤谷美紀がグランプリを獲得した、オスカープロモーションが開催するタレントオーディションは何でしょう？,全日本国民的美少女コンテスト(ぜんにほんこくみんてきびしょうじょこんてすと)
2012,ノーマル,歌舞伎の舞台に設けられた、役者が下から登場するための穴のことを何というでしょう？,せり
2012,ノーマル,一度止めても数分後に再びアラームが鳴り出す、目覚まし時計の機能を何というでしょう？,スヌーズ
2012,ノーマル,第1回を山田太一の『異人たちとの夏』が受賞した文学賞に名を残す、『樅ノ木は残った』『赤ひげ診療譚』などの大衆小説が知られる作家は誰でしょう？,山本周五郎(やまもと・しゅうごろう)
2012,ノーマル,小学校で習う公式で、長方形の面積は「縦×横」ですが、平行四辺形の面積は「何×何」でしょう？,底辺×高さ(ていへん×たかさ)
2012,ノーマル,著書に『経済学および課税の原理』があり、自由貿易に関する比較生産費説を提唱したイギリスの経済学者は誰でしょう？,デヴィッド・リカード
2012,ノーマル,プロレスの技で、スリーパーホールドは「裸絞め」のことですが、オクトパスホールドは日本語で何という技のことでしょう？,卍固め(まんじがため)
2012,ノーマル,別名を「ガランチョウ」という、長い下くちばしの大きな袋を利用して魚を飲み込む事で知られる鳥は何でしょう？,ペリカン
2012,ノーマル,中島哲也(なかしま・てつや)監督によって映画化されることになった、人間を食べる巨人達とそれに対抗する兵士の姿を描いた、諫山創(いさやま・はじめ)の漫画は何でしょう？,『進撃の巨人』(『しんげきのきょじん』)
2012,ノーマル,タケノコの先端近くにある、薄く柔らかい皮を特に何というでしょう？,姫皮(ひめかわ)
2012,ノーマル,主にポピュラー音楽において、自ら作詞作曲した曲を歌う人のことを、英語で何というでしょう？,シンガーソングライター
2012,ノーマル,スティーブン・キングの短編小説『The Body』を原作とする、/死体探しの旅に出る少年たちを描いた、ロブ・ライナー監督の映画は何でしょう？,『スタンド・バイ・ミー』(スタンドバイミー)
2012,ノーマル,瀬戸内海の風景を詠んだ「春の海ひねもすのたりのたりかな」という俳句で知られる俳人は誰でしょう？,与謝蕪(よさ・ぶ)
2012,ノーマル,今までに、カナダでオリンピックの開催地となった3つの都市とは、モントリオール、バンクーバーと 1988年のどこでしょう？,カルガリー
2012,ノーマル,代表作に『二人の貴婦人』があるイタリアの画家で、牛肉や魚の薄切りをオリーブ油などと和えた料理に名を残すのは誰でしょう？,ヴィットーレ・カルパッチョ
2012,ノーマル,県内が大きく、村山地方、置賜(おきたま)地方、庄内地方、最上(もがみ)地方に分けられる東北の県はどこでしょう？,山形(やまがた)
2012,ノーマル,「槍」という意味の「ラス・ランサス」という愛称で親しまれている、スペインの画家ベラスケスの代表作は何でしょう？,『ブレダの開城』(『ぶれだのかいじょう』)
2012,ノーマル,日本では大井川鐵道井川線でのみ採用されている、急勾配を上り下りするための鉄道の方式で、考案したスイス人技師の名がついているのは何でしょう？,アプト式(アプト)
2012,ノーマル,英語では「ジャパニーズ・フレッシュウォーター・クラブ」という、一生を淡水で過ごすことで知られる日本固有種のカニは何でしょう？,サワガニ
2012,ノーマル,方角を表す「東」「西」「南」「北」を漢字で書いたとき、一番画数が多いのはどれでしょう？,南(みなみ)
2012,ノーマル,もともとは日露戦争で日本が獲得したロシアの病院船であった、1908年に第1回ブラジル移民を運んだ船は何でしょう？,笠戸丸(かさとまる)
2012,ノーマル,イタリアのサッカーファンや、F1のフェラーリのファンのことを、「チフスにかかった人」を意味するイタリア語で何というでしょう？,ティフォシ
2012,ノーマル,その名は「ライオンの山」という意味のポルトガル語に由来する、首都をフリータウンに置く西アフリカの共和国はどこでしょう？,シエラレオネ
2012,ノーマル,18世紀のヨーロッパで流行した中国趣味の美術様式のことを、フランス語で何というでしょう？,シノワズリ
2012,ノーマル,ソロ歌手としても 1996年にシングル『田園』を大ヒットさせている、ロックバンド「安全地帯」のボーカルは誰でしょう？,玉置浩二(たまき・こうじ)
2012,ノーマル,「幕が切って落とされる」という言葉の由来となっている、歌舞伎で使われる薄い青色の幕は何でしょう？,浅葱幕(あさぎまく)
2012,ノーマル,ラグビーのラインアウトで、ボールを真っ直ぐに投げ入れない反則を何というでしょう？,ノットストレート
2012,ノーマル,歌手のアル・ジョルソンによる「お楽しみはこれからだ」という映画史上初めてのセリフが登場した、1927年公開の世界初のトーキー映画は何でしょう？,『ジャズ・シンガー』
2012,ノーマル,マンドリンの演奏家でもあった群馬県生まれの詩人で、詩集『青猫(あおねこ)』や『月に吠える』で知られるのは誰でしょう？,萩原朔太郎(はぎわら・さくたろう)
2012,ノーマル,紀元前 140年から 135年まで使われていた、中国で最初の元号は何でしょう？,建元(けんげん)
2012,ノーマル,英語では「オポチュニスティック・インフェクション」という、健康なヒトでは感染しない病原体がおこす感染症を何というでしょう？,日和見感染症(ひよりみかんせんしょう)
2012,ノーマル,経済産業省の3つの外局とは資源エネルギー庁、中小企業庁とあと一つは何でしょう？,特許庁(とっきょちょう)
2012,ノーマル,2012年の6月9日からサッカーの欧州選手権が開催される2つの国とはポーランドとどこでしょう？,ウクライナ
2012,ノーマル,正距方位図法の世界地図においては円周上に現れる、地球上のある地点からちょうど反対側にある点のことを何というでしょう？,対蹠点(たいせきてん、たいしょてん)
2012,ノーマル,「カクテルの王様」とも呼ばれる、ジンとベルモットで作られるカクテルは何でしょう？,マティーニ
2012,ノーマル,朝鮮語で「桔梗」という意味の、アリランと共に世界中に広く知られている朝鮮民謡は何でしょう？,『トラジ』
2012,ノーマル,大事業は長期間の努力なしには完成しないということを、ある都市の名前を用いて何というでしょう？,ローマは一日にして成らず(ろーまはついたちにしてならず)
2012,ノーマル,槍の名手としても知られ、勝海舟、山岡鉄舟とともに幕末の三舟(さんしゅう)と呼ばれた幕臣は誰でしょう？,高橋泥舟(たかはし・でいしゅう)
2012,ノーマル,登山で、複数の登山者が危険な場所に登るときに、お互いの体をザイルで結び合うことを何というでしょう？,アンザイレン
2012,ノーマル,「持ち主こそが主人」という考え方によって、マークとなっている幌つきの四輪馬車には馬と従者だけしか描かれていない、「バーキン」や「ケリーバッグ」などで知られるブランドは何でしょう？,エルメス
2012,ノーマル,エミリア、キャシオー、イアーゴ、デズデモーナなどが登場する、シェイクスピアの四大悲劇の一つは何でしょう？,『オセロ』
2012,ノーマル,日照り続きのとき、雨が降るように神や仏に祈ることを何というでしょう？,雨乞い(あまごい)
2012,ノーマル,全天に 88ある星座のうち、2等星の数が6個と最も多い星座は何でしょう？,おおぐま座(おおぐまざ)
2012,ノーマル,日本経済新聞社が発表する「日経平均株価」の算出の対象となる、東証一部上場銘柄は全部でいくつでしょう？,225銘柄(225めいがら)
2012,ノーマル,フジテレビの場合は「JOCX-TV」である、放送局に割り当てられた識別信号を何というでしょう？,コールサイン
2012,ノーマル,陸上競技場で、周回走路をトラックというのに対し、投擲(とうてき)や跳躍を行う部分のことを何というでしょう？,フィールド
2012,ノーマル,昨年 12月に行われたロシア下院議員選挙において当選を果たした、女性初の宇宙飛行士として知られる人物は誰でしょう？,ワレンチナ・テレシコワ
2012,ノーマル,オブリーク、ポインテッド、スクエア、ラウンドなどの種類がある、靴のつま先部分の形状を意味するファッション用語は何でしょう？,トゥ
2012,ノーマル,ギニア共和国の首都はコナクリですが、赤道ギニア共和国の首都はどこでしょう？,マラボ
2012,ノーマル,キセルで、タバコの葉を入れて火をつける部分を何というでしょう？,雁首(がんくび)
2012,ノーマル,第一国立銀行、東京ガス、日本郵船など多くの企業の設立に関わり、「日本近代経済の父」と呼ばれる実業家は誰でしょう？,渋沢栄一(しぶさわ・えいいち)
2012,ノーマル,1950年に第1回日本シリーズの第1戦が行われた、現在はヤクルトスワローズが本拠地とする野球場はどこでしょう？,神宮球場(じんぐうきゅうじょう)
2012,ノーマル,カミーユ・サン=サーンスが作曲を手がけた、旧約聖書に登場する怪力の英雄を題材としたオペラは何でしょう？,『サムソンとデリラ』
2012,ノーマル,女性が掲載されていてもこの様に呼ばれる、存命中の有名人や会社役員などの情報をまとめた冊子の事を何というでしょう？,紳士録(しんしろく)
2012,ノーマル,短編集『ダブリン市民』や小説『ユリシーズ』などの作品で知られる、アイルランド出身の作家は誰でしょう？,ジェイムズ・ジョイス
2012,ノーマル,数学のフィールズ賞とネヴァリンナ賞の受賞資格があるのは、いずれも満何歳以下と定められているでしょう？,40歳(40とし)
2012,ノーマル,旧日本軍の戦闘機・ゼロ戦が所属していたのは、陸海空のうちどの軍でしょう？,海軍(かいぐん)
2012,ノーマル,サラリーマン川柳を発表しているのは第一生命ですが、創作四字熟語を発表している生命保険会社はどこでしょう？,住友生命(すみとも)
2012,ノーマル,韓国でも「花闘(ファトゥ)」という名で広まっている、四季折々の植物が描かれた札を使って遊ぶ日本のカードゲームは何でしょう？,花札(はなふだ)
2012,ノーマル,医師免許を持っていたため「ドトール」の愛称で呼ばれた、ジーコらと共にブラジル代表として活躍した往年のサッカー選手は誰でしょう？,ソクラテス
2012,ノーマル,チェコのクリッチが発明した写真印刷に適した印刷法で、現在では雑誌などの写真ページを指す言葉になっているのは何でしょう？,グラビア
2012,ノーマル,「ナイジェリア」という国名の由来となった、アフリカを流れる川は何でしょう？,ニジェール川(にじぇーるかわ)
2012,ノーマル,よくスモークサーモンに添えられる、フウチョウソウ科の植物のつぼみをピクルスにしたものを何というでしょう？,ケッパー
2012,ノーマル,正式名称を『幻想曲風ソナタ』という、ベートーベン作曲のピアノソナタ第 14番嬰(えい)ハ短調の通称は何でしょう？,『月光』(『げっこう』)
2012,ノーマル,もともとは「歯の間が詰まっている」という意味の言葉で、目先のことにとらわれて気持ちが落ち着かない様子を表すのは何でしょう？,齷齪(あくせく)
2012,ノーマル,ルイ 14世によるフランス絶対王制の絶頂期を支えたといわれる、重商主義政策を行った財務総監は誰でしょう？,ジャン=バティスト・コルベール
2012,ノーマル,現在はクラーク記念国際高等学校の校長を務めている、2008年、日本人最高齢の75歳でエベレスト登頂に成功した登山家は誰でしょう？,三浦雄一郎(みうら・ゆういちろう)
2012,ノーマル,スコットランド西部の町の名前がつけられた、ネクタイやハンカチの柄としてお馴染みの勾玉に似た模様は何でしょう？,ペイズリー
2012,ノーマル,東海道五十三次の宿場町で、日本橋から数えても京都から数えても 27番目と真ん中になるのはどこでしょう？,袋井(ふくろい)
2012,ノーマル,昨年開通した東北新幹線「はやぶさ」に導入されている、新幹線における最上級クラスの座席を「何クラス」というでしょう？,グランクラス
2012,ノーマル,尺貫法の単位で、1尺は 10寸ですが、1間は何尺でしょう？,6尺(6しゃく)
2012,ノーマル,オーストリアの経済学者シュンペーターが提唱した、停滞した均衡状態を打破するような社会的革新のことを英語で何というでしょう？,イノベーション
2012,ノーマル,1984年に、ヨーグルト、青りんご、小倉、ピーナッツの4種類でスタートした、柔らかい食パンの間に具を閉じ込めた、山崎製パンの人気サンドイッチシリーズは何でしょう？,ランチパック
2012,ノーマル,横浜ベイスターズとソフトバンクホークスで首位打者となり、史上2人目となるセパ両リーグでの首位打者を獲得した野球選手は誰でしょう？,内川聖一(うちかわ・せいいち)
2012,ノーマル,「Hatch(ハッチ)」「Zoff(ゾフ)」「JINS(ジンズ)」といえば、どんな装身具で有名なブランドでしょう？,眼鏡(めがね)
2012,ノーマル,ミーアキャットの主な生息地としても知られ、ボツワナの面積の約 70%を占めている、アフリカ南部に広がる砂漠は何でしょう？,カラハリ砂漠(からはりさばく)
2012,ノーマル,生物学者ダーウィンの祖父である、クイーンズウェア、ジャスパーウェアなどで知られる世界的陶磁器メーカーの創業者は誰でしょう？,ジョサイア・ウェッジウッド
2012,ノーマル,たんぱく質のケラチンを栄養源として増殖する、水虫の原因となる菌は何でしょう？,白癬菌(はくせんきん)
2012,ノーマル,元々は食事の仕度を整える事で、転じて物事にすぐ取りかかれる様にあらかじめ準備をしておく事を何というでしょう？,お膳立て(おぜんだて)
2012,ノーマル,本名を斉藤福という、/江戸幕府三代将軍・徳川家光の乳母となった人物は誰でしょう？,春日局(かすがのつぼね)
2012,ノーマル,2012年現在、女子円盤投げとハンマー投げの2種目で日本記録を保持するミズノ所属の選手は誰でしょう？,室伏由佳(むろふしゆか)
2012,ノーマル,1960年代に平野謙により提起された文学論争の名にもなっている、大衆文学に対して芸術性に重きをおいた文学作品を指す言葉は何でしょう？,純文学(じゅんぶんがく)
2012,ノーマル,アルミニウム・亜鉛・スズ・鉛に代表される、酸にも塩基にも溶ける金属元素を何というでしょう？,両性元素(りょうせいげんそ)
2012,ノーマル,今年1月 11日にメジャーファーストシングル『つけまつける』をリリースした、青文字系ファッション雑誌で活躍するモデルは誰でしょう？,きゃりーぱみゅぱみゅ(きゃろらいんちゃろんぷろっぷきゃりーぱみゅぱみゅ、きゃりー)
2012,ノーマル,日本国憲法第 38条で保障されている、自分に不利益な供述を強要されないという権利のことを何というでしょう？,黙秘権(もくひけん)
2012,ノーマル,毎年 11月に各地の神社で行われる「酉の市」で、「幸せを掻き集める」という意味合いから売られる縁起ものは何でしょう？,熊手(くまで)
2012,ノーマル,1930年、ゴルフ史上初の年間グランドスラムを達成した、アメリカの名選手は誰でしょう？,ボビー・ジョーンズ
2012,ノーマル,物質の状態を英語で表すと、固体は「ソリッド」、液体は「リキッド」といいますが、気体は何というでしょう？,ガス
2012,ノーマル,山号を松岡山(しょうこうざん)という鎌倉市にある臨済宗の寺で、江戸時代には「駆け込み寺｣や｢縁切り寺｣といわれたのはどこでしょう？,東慶寺(とうけいてら)
2012,ノーマル,印紙や切手を切り取りやすくするため、/周囲に空けられたパンチ穴のことを、一般に何というでしょう？,目打ち(めうち)
2012,ノーマル,息子に映画監督のダンカン・ジョーンズがいる、『スペイス・オディティ』や『ジギー・スターダスト』などの作品で知られるミュージシャンは誰でしょう？,デビッド・ボウイ
2012,ノーマル,共生関係にあるイソギンチャクとクマノミを英語で表記した時に共通してでてくる花は何でしょう？,アネモネ
2012,ノーマル,1066年にイングランドを征服し、ノルマン朝の初代国王となったのは誰でしょう？,ウィリアム1世(うぃりあむ1よ)
2012,ノーマル,東直己(あずま・なおみ)の小説を原作とする、大泉洋(おおいずみ・よう)演じる探偵の「俺」が主人公の、昨年公開された映画は何でしょう？,『探偵は BARにいる』(『たんていは BARにいる』)
2012,ノーマル,1999年にノーベル文学賞を受賞した、『猫と鼠』『犬の年』『ブリキの太鼓』のダンツィヒ三部作で知られるドイツの作家は誰でしょう？,ギュンター・グラス
2012,ノーマル,ゆで卵の黄身を散らしたサラダのことを、春に黄色い花を咲かせる植物にちなんで何というでしょう？,ミモザサラダ
2012,ノーマル,先天的に21番染色体が3本あることによって、目じりが上がる、鼻が低くなるなどの症状が現れる病気を、発見したイギリスの医学者の名前から何というでしょう？,ダウン症候群(だうんしょうこうぐん)
2012,ノーマル,公害等調整委員会と消防庁の2つの外局を持つ日本の省庁はどこでしょう？,総務省(そうむしょう)
2012,ノーマル,釈迦の涅槃にならい、ふつう、亡くなった人を寝かせる時に頭を向けるのはどの方角でしょう？,北(きた)
2012,ノーマル,初代は画家の小杉放庵(こすぎ・ほうあん)がデザインした、都市対抗野球大会の優勝チームに贈られる旗を、描かれている動物から何というでしょう？,黒獅子旗(くろししはた)
2012,ノーマル,昨年、全 17巻で完結した、行商人のロレンスを主人公とする支倉凍砂(はせくら・いすな)のライトノベルは何でしょう？,『狼と香辛料』(『おおかみとこうしんりょう』)
2012,ノーマル,琴ヶ淵(ことがふち)という大きな地底湖がある、龍河洞(りゅうがどう)、龍泉洞(りゅうせんどう)と共に、日本三大鍾乳洞に数えられる洞窟は何でしょう？,秋芳洞(しゅうほうどう、あきよしどう)
2012,ノーマル,二十四節気で、春分の次にくるのは清明ですが、秋分の次にくるのは何でしょう？,寒露(かんろ)
2012,ノーマル,全部で5つある正多面体のうち、頂点の数が一番多いのは正何面体でしょう？,正十二面体(せいじゅうにめんたい)
2012,ノーマル,「花の画家」「バラの画家」と呼ばれている、代表作に『バラ図譜』『名花選』があるベルギーの画家は誰でしょう？,ピエール=ジョゼフ・ルドゥーテ
2012,ノーマル,陰陽道において、縁起が悪い方角に目的地がある時にいったん別の方角で一泊してから目的地に向かうことを何というでしょう？,方違え(かたたがえ)
2012,ノーマル,戦況が一進一退を繰り返したことから「アコーディオン/戦争」と呼ばれた、1950年に勃発した国際紛争は何でしょう？,朝鮮戦争(ちょうせんせんそう)
2012,ノーマル,メガデスやメタリカに代表される過激なへヴィメタルのジャンルを、「ムチを打つ」という意味の英単語を使って「何メタル」というでしょう？,スラッシュメタル
2012,ノーマル,2010年の 25期生卒塾をもって閉塾となった、脚本家の倉本聰が俳優や脚本家の育成のため主宰した私塾は何でしょう？,富良野塾(ふらのじゅく)
2012,ノーマル,ドラマ化もされた｢チームバチスタ」シリーズで知られる、現役の医師でもある作家は誰でしょう？,海堂尊(かいどう・たける)
2012,ノーマル,果物のカキは「カキノキ科」ですが、海産物のカキは何科に分類されるでしょう？,イタボガキ科(いたぼがきか)
2012,ノーマル,現在はジェリー・ブラウンが、かつてはロナルド・レーガンやアーノルド・シュワルツェネッガーが知事を務めていた、アメリカの州はどこでしょう？,カリフォルニア州(かりふぉるにあしゅう)
2012,ノーマル,塩辛の種類で、めふんは鮭から作られますが、うるかは何という魚から作られるでしょう？,アユ
2012,ノーマル,フィギュアスケートの「アクセル・ジャンプ」に名を残すアクセル・パウルゼンはどこの国の選手でしょう？,ノルウェー
2012,ノーマル,萩原雪歩(はぎわら・ゆきほ)、如月千早(きさらぎ・ちはや)、星井美希(ほしい・みき)などのキャラクターをプロデュースしてトップアイドルを目指す、バンダイナムコゲームスの人気ゲームシリーズは何でしょう？,『THE IDOLM@STER(アイドルマスター)』
2012,ノーマル,鳥や獣、魚などを保護する地域のことを、「聖域」という意味の英語で何というでしょう？,サンクチュアリ
2012,ノーマル,現在、国際連合に加盟しているのは何ヶ国でしょう？,193ヶ国(193ゖくに)
2012,ノーマル,昭和 44年に山田拓実が創業したラーメンチェーン店で、その愛好者を「ジロリアン」というのは何でしょう？,ラーメン二郎(らーめんじろう)
2012,ノーマル,検索サイトの Googleが記念日や偉人の誕生日などにあわせて表示する特別なサイトロゴを何というでしょう？,ドゥードゥル【ホリデーロゴ】
2012,ノーマル,アメリカのニューオリンズにある国際空港にもその名を残している、「サッチモ」の愛称で呼ばれたジャズミュージシャンは誰でしょう？,ルイ・アームストロング
2012,ノーマル,「今日も誰かの1/366日」がキャッチコピーである、デアゴスティーニ社が 2009年に発刊した書籍のタイトルは何でしょう？,『My Birthday Book』
2012,ノーマル,昨年9月 25日に行われたベルリンマラソンで、2時間3分 38秒という男子マラソン世界記録を樹立した、ケニアのランナーは誰でしょう？,パトリック・マカウ
2012,ノーマル,アメリカで DCコミックと人気を二分している漫画出版社で、『スパイダーマン』『X-Men(エックス・メン)』で知られるのはどこでしょう？,マーベルコミック
2012,ノーマル,鹿児島県指宿市にある標高 924mの山で、「薩摩富士」の別名を持つのは何でしょう？,開聞岳(かいもんだけ)
2012,ノーマル,子供の火遊び事故を防ぐ「CR機能付きライター」の「CR」とは、何という英語の略でしょう？,チャイルド・レジスタンス
2012,ノーマル,正式には「自然哲学の数学的諸原理」という、万有引力の法則などが扱われているニュートンの著書は何でしょう？,『プリンキピア』
2012,ノーマル,アイヌ語の「イヤイライケレ」、沖縄の方言の「にふぇーでーびる」といえば、いずれもどんな意味の挨拶でしょう？,ありがとう
2012,ノーマル,オリンピックで行われる陸上競技の種目で、「デカスロン」といえば十種競技ですが、「ヘプタスロン」といえば何種競技でしょう？,七種競技(ななくさきょうぎ)
2012,ノーマル,アメリカの物理学者の名にちなむ、短波長の X線を物質に当てたとき、散乱されたX線の中に波長が元より長いものが出現する、という物理学の効果は何でしょう？,コンプトン効果(こんぷとんこうか)
2012,ノーマル,スイスとオーストリアに挟まれた国土の西にライン川が流れる、首都をファドゥーツに置く公国はどこでしょう？,リヒテンシュタイン公国(りひてんしゅたいんこうこく)
2012,ノーマル,旅行先で、いつも決まって泊まる宿のことを、一般に何というでしょう？,定宿(じょうやど)
2012,ノーマル,エミとユミの伊藤姉妹からなるなつかしの双子デュオで、『恋のバカンス』や『モスラの歌』などで知られるのは誰でしょう？,ザ・ピーナッツ
2012,ノーマル,バネ、泉、春などの意味を持つ英単語は何でしょう？,spring
2012,ノーマル,ジャンヌダルクの活躍により百年戦争終結に導いた、フランス国王は誰でしょう？,シャルル7世(しゃるる7よ)
2012,ノーマル,正式には「後方かかえ込み2回宙返り1回ひねり下り」という、塚原光男が鉄棒の下り技として発表した体操競技の技は何でしょう？,ムーンサルト【月面宙返り】(むーんさると【げつめんちゅうがえり】)
2012,ノーマル,映画では、ブライアン・コックスやアンソニー・ホプキンスらが演じた、トマス・ハリスの小説『羊たちの沈黙』に登場する猟奇殺人鬼は誰でしょう？,ハンニバル・レクター
2012,ノーマル,平岩弓枝(ひらいわ・ゆみえ)の『へんこつ』や、芥川龍之介の小説『戯作三昧(げさくざんまい)』にその姿が描かれている日本の作家は誰でしょう？,滝沢馬琴(たきざわ・ばきん)
2012,ノーマル,マセレーション法という方法で製造されるのが一般的な、フランス語で「バラ色」という意味があるワインは何でしょう？,ロゼワイン
2012,ノーマル,英語では「シーザリアン・セクション」という、母体の腹壁または子宮壁を切り開き、胎児を取り出す手術を何というでしょう？,帝王切開(ていおうせっかい)
2012,ノーマル,1973年にイスラエル・中東アラブ諸国間で起こった戦争で、第一次石油危機の背景となった事でも知られるのは何でしょう？,第四次中東戦争(だいよんつぎちゅうとうせんそう)
2012,ノーマル,三幸製菓、亀田製菓、ブルボンといえば、何県に本社を置くお菓子メーカーでしょう？,新潟(にいがた)
2012,ノーマル,アメリカのホイル・シュワイツァーによって考案された、サーフボードに帆を張り、風を利用して水上を進むスポーツは何でしょう？,ウィンドサーフィン【ボードセーリング】
2012,ノーマル,植物の和名で、「テンジクボタン」といえばダリアですが、「テンジクアオイ」といえば何のことでしょう？,ゼラニウム
2012,ノーマル,インダス文明の遺跡・モヘンジョダロは、どこの国にあるでしょう？,パキスタン
2012,ノーマル,日本では「ホクシン」と「農林 61号」の2つの品種が多く生産されている、米・トウモロコシと並ぶ世界三大穀物のひとつは何でしょう？,小麦(こむぎ)
2012,ノーマル,スエズ運河の開通を記念し、エジプトのイスマイル・パシャ総督の依頼により作られた、ヴェルディ作曲のオペラは何でしょう？,『アイーダ』
2012,ノーマル,622年、ムハンマドが迫害を避けるためにメッカから逃れたことを、アラビア語で「移住」という意味の言葉で何というでしょう？,ヒジュラ
2012,ノーマル,1992年のバルセロナオリンピックの競泳女子 200メートル平泳ぎで金メダルを獲得した、当時中学2年生の日本人選手は誰でしょう？,岩崎恭子(いわさき・きょうこ)
2012,ノーマル,ファッションブランドで「ユニクロ」は「ユニーク・クロージング・ウェアハウス」の略ですが、「アバクロ」は何の略でしょう？,アバクロンビー&フィッチ
2012,ノーマル,本を綴じて表紙などをつける作業のことを指す漢字2文字は何でしょう？,装丁(そうてい)
2012,ノーマル,将棋の七大タイトルのうち、羽生善治が永世位を獲得していない唯一のタイトルは何でしょう？,竜王(りゅうおう)
2012,ノーマル,主人公の声を高山みなみが演じる、今年放送開始から 18年目を迎える NHK史上最長のアニメ番組は何でしょう？,『忍たま乱太郎』(『にんたまらんたろう』)
2012,ノーマル,火山岩の一つ・玄武岩の名の由来となった「玄武洞」がある都道府県はどこでしょう？,兵庫(ひょうご)
2012,ノーマル,返済期間がおよそ 210日間の約束手形のことを、ある自然現象を使って何というでしょう？,台風手形(たいふうてがた)
2012,ノーマル,冷蔵庫や自動車に設置されている霜切り装置のことを、英語で何というでしょう？,デフロスター
2012,ノーマル,昨年、プロ野球の沢村賞を受賞した、東北楽天ゴールデンイーグルスの投手は誰でしょう？,田中将大(たなか・まさひろ)
2012,ノーマル,二段、貝の口、お太鼓といえば、着物を着るときに必要な何の結び方でしょう？,帯(おび)
2012,ノーマル,アメリカ 50州の州都をアルファベット順に並べた時に最初にくる、ニューヨーク州の州都はどこでしょう？,オールバニ
2012,ノーマル,コーヒー販売の大手で、UCCは「上島珈琲カンパニー」の略ですが、AGFは何の略でしょう？,味の素ゼネラルフーヅ(あじのもとぜねらるふーづ)
2012,ノーマル,物事が断続的にだらだらと続いていくさまを、雨の降り方に例えて何式というでしょう？,五月雨式(さみだれしき)
2012,ノーマル,彼が亡くなった際には日本で初めて国葬が執り行われた、明治維新期に活躍した華族は誰でしょう？,岩倉具視(いわくら・ともみ)
2012,ノーマル,英語では「レフェリーズ･ファン」という、相撲の行司が手に持つ道具は何でしょう？,軍配(ぐんばい)
2012,ノーマル,これまでにミミ・ロジャース、ニコール・キッドマン、ケイティ・ホームズと結婚したハリウッドスターは誰でしょう？,トム・クルーズ
2012,ノーマル,鉄棒をつかんだ状態から足を蹴り上げ、その勢いで体を一回転させる運動を、一般的に何というでしょう？,逆上がり(ぎゃくじょうがり)
2012,ノーマル,北欧神話に登場する、主神オーディンが乗る8本脚の馬の名前は何でしょう？,スレイプニル
2012,ノーマル,今年1月、内山晃(うちやま・あきら)を代表として、民主党離党組の9人によって旗揚げされた新政党は何でしょう？,新党きづな(しんとうきづな)
2012,ノーマル,オーストラリアの国旗には6つの星が描かれていますが、ニュージーランドの国旗にはいくつの星が描かれているでしょう？,4つ
2012,ノーマル,仏壇に使用する仏具の中で「三具足(みつぐそく)」と呼ばれる3つの道具とは、花立(はなたて)、燭台(しょくだい)と何でしょう？,香炉(こうろ)
2012,ノーマル,完全変態をする昆虫が、幼虫からさなぎになることを何というでしょう？,蛹化(ようか)
2012,ノーマル,少年法による少年とは、何歳未満の者とされているでしょう？,20歳未満(20としみまん)
2012,ノーマル,中世ヨーロッパではその実が惚れ薬/の材料としても用いられた、和名を「ヒメウイキョウ」というセリ科のハーブは何でしょう？,キャラウェイ
2012,ノーマル,オーボエやクラリネットなどの木管楽器に音を出すために取り付けられる薄い木の板のことを、その材質から何というでしょう？,リード
2012,ノーマル,少しずれてボケる大水洋介(おおみず・ようすけ)と、それを冷静にツッコむ飛永翼(とびなが・つばさ)の2人によるシュールコントで人気のお笑いコンビは何でしょう？,ラバーガール
2012,ノーマル,杜甫(とほ)の「曲江詩(きょっこうし)」の一節から名付けられた、数え年 70歳のお祝いは何でしょう？,古稀(こき)
2012,ノーマル,UAEのアブダビ国の首長の名前にちなんで名づけられた、高さ 828メートルと、世界一の高さを誇る超高層ビルは何でしょう？,ブルジュ・ハリファ
2012,ノーマル,うちわの全国生産量のおよそ9割を占めている香川県の市はどこでしょう？,丸亀(まるがめ)
2012,ノーマル,車の停止距離のうち、ブレーキが効き始めてから止まるまでに走る距離のことを何というでしょう？,制動距離(せいどうきょり)
2012,ノーマル,ロシアの科学者ボリス・トーキンが発見した樹木などが発散する殺菌力を持った化学物質は何でしょう？,フィトンチッド
2012,ノーマル,人と人との不和や仲の悪いことを、「車輪がきしむ」という意味の2字熟語で何というでしょう？,軋轢(あつれき)
2012,ノーマル,株式会社ディー・エヌ・エーの携帯ゲームで、「帝国」「ガンダム」「戦国」「怪盗」の後ろに共通して付く言葉は何でしょう？,ロワイヤル
2012,ノーマル,優勝杯を寄贈したアメリカの政治家の名に由来する、テニスの男子国別対抗戦は何でしょう？,デビスカップ
2012,ノーマル,「色彩の魔術師」の異名をとった、『ムーラン・ド・ラ・ギャレット』などの作品で知られるフランス・印象派の画家は誰でしょう？,ピエール=オーギュスト・ルノワール
2012,ノーマル,16世紀から 18世紀にかけてはハンガリー王国の首都であった、現在のスロバキア共和国の首都はどこでしょう？,ブラチスラバ
2012,ノーマル,流行に左右されず、安定した売り上げを保つ商品のことを、その商品番号が一定であったことから何というでしょう？,定番(ていばん)
2012,ノーマル,処方の際、薬の有効成分を一般名で表記することが多いことからこう呼ばれる、新薬の特許が切れた後に発売される「後発医薬品」のことを何というでしょう？,ジェネリック医薬品(じぇねりっくいやくひん)
2012,ノーマル,「利益はほしいが危険な目には遭いたくない」という意味のことわざを「何は食いたし命は惜しし」というでしょう？,ふぐ
2012,ノーマル,ロゼッタストーンに記されている3種類の文字といえば、ギリシャ文字、デモティックと何でしょう？,ヒエログリフ【神聖文字】(ひえろぐりふ【しんせいもじ】)
2012,ノーマル,モータースポーツにおける世界三大レースのうち最も歴史が古い、アメリカのインディアナポリス・モーター・スピードウェイで開催されるレースは何でしょう？,インディ 500
2012,ノーマル,バックダンサーなど脇役が出て良い限界の線のことで、1975年に初演されたブロードウェイ・ミュージカルのタイトルにもなっているのは何でしょう？,コーラスライン
2012,ノーマル,禁欲的な思想を意味する「ストイック」という言葉の語源となった、ギリシャ哲学の一派は何でしょう？,ストア派(ストア)
2012,ノーマル,「書中見舞い」はこの日を過ぎたら残暑見舞いとして出すのが正式である、二十四節季の一つは何でしょう？,立秋(りっしゅう)
2012,ノーマル,とくに「べにふうき」という品種に多く含まれている、お茶の渋み成分として知られるフラボノイドは何でしょう？,カテキン
2012,ノーマル,現在は笠間治雄(かさま・はるお)が務める、最高検察庁のトップに位置する役職は何でしょう？,検事総長(けんじそうちょう)
2012,ノーマル,1300年前の 712年に太安万侶(おお・の・やすまろ)によって献上された、現存する日本最古の歴史書は何でしょう？,『古事記(こじき)』(『こじき(こじき)』)
2012,ノーマル,ゴルフ場のバンカーの中でも特に、グリーンの周りにあるものを何というでしょう？,ガードバンカー
2012,ノーマル,南極点付近に置かれたアメリカの観測基地を、人類最初の南極点到達を争った2人の探検家の名前にちなんで何というでしょう？,アムンゼン・スコット基地(あむんぜん・すこっときち)
2012,ノーマル,いわゆる「京都三大祭り」に数えられる祭りの中で、1年で最も早く開催されるのは何でしょう？,葵祭(あおいまつり)
2012,ノーマル,イタリア語で「ピッツェリア」といったらピザ屋さんのことですが、「パネッテリア」といったら何屋さんのことでしょう？,パン屋さん(ぱんやさん)
2012,ノーマル,群馬県の民謡『草津節』で、「お医者様でも草津の湯でも」治せない、と歌われているのはどんな病でしょう？,惚れた病(恋わずらい、恋の病)
2012,ノーマル,敬語で書かれた文章の事を、語尾に用いられる助動詞を2つつなげて、俗に「何調」というでしょう？,ですます調(ですますちょう)
2012,ノーマル,天武天皇の皇子で、701年に藤原不比等と共に大宝律令を完成させたのは誰でしょう？,刑部親王(おさかべしんのう)
2012,ノーマル,ゴルフで、ハンディキャップが9以下のプレイヤーのことを特に何というでしょう？,シングルプレイヤー
2012,ノーマル,現在、『弱虫ペダル』『侵略!イカ娘』『ドカベンスーパースターズ編』などが連載されている、4大少年漫画誌の一つは何でしょう？,「週刊少年チャンピオン」(「しゅうかんしょうねんちゃんぴおん」)
2012,ノーマル,ホメロスの叙事詩『イリアス』では主人公として描かれている、人体の腱にもその名を残すギリシャ神話の英雄は誰でしょう？,アキレス
2012,ノーマル,仏教の四天王で、北を守護するのは多聞天ですが、南を守護するのは何でしょう？,増長天(ぞうちょうてん)
2012,ノーマル,全天 88星座のうち、その名前に「みなみ」という単語が含まれいるものは、「みなみじゅうじ座」「みなみのうお座」「みなみのかんむり座」と何でしょう？,みなみのさんかく座(みなみのさんかくざ)
2012,ノーマル,正式には「相互通貨取決め」という、各国の中央銀行間で相互に自国通貨を預け合うことや枠組みを決めることを何というでしょう？,スワップ協定【通貨スワップ協定】(すわっぷきょうてい【つうかすわっぷきょうてい】)
2012,ノーマル,登山用語で、山頂がとがって突き出ている岩山のことを、ドイツ語で何というでしょう？,チンネ
2012,ノーマル,4月からは同じく名古屋放送局制作の後番組『ティーンズプロジェクトフレ☆フレ』が始まる、3月 16日に終了した NHKの長寿番組は何でしょう？,『中学生日記』(『ちゅうがくせいにっき』)
2012,ノーマル,相撲で、力士が突っ張りの稽古に使う柱を何というでしょう？,鉄砲柱(てっぽうはしら)
2012,ノーマル,最近はバッグだけでなく、タイツや靴などが若い女性の間で人気を集めているヘビ柄を「ニシキヘビ」の英語名から何というでしょう？,パイソン
2012,ノーマル,ヨーロッパ人として最初に通過した航海者の名前がつけられた、南アメリカ大陸の南端とフェゴ島の間にある海峡は何でしょう？,マゼラン海峡(まぜらんかいきょう)
2012,ノーマル,正月のお年玉を入れる/のに使う、小さな熨斗(のし)袋のことを何というでしょう？,ぽち袋(ぽちぶくろ)
2012,ノーマル,キュリー夫妻とともに第3回ノーベル物理学賞を受賞した、放射能の発見で知られるフランスの物理学者は誰でしょう？,アンリ・ベクレル
2012,ノーマル,もともとは物語のあらすじを指した英単語で､転じてプロジェクトなどにおいて土台となる構想という意味を持つようになったのは何でしょう？,プロット
2012,ノーマル,横浜市の称名寺の境内にある、鎌倉時代中期に北条実時によって作られた私設図書館といえば何でしょう？,金沢文庫(かなざわぶんこ、かねさわぶんこ)
2012,ノーマル,楽器の種類で、「グランド」「アップライト」といえばピアノですが、「リード」「ハモンド」「パイプ」といえば何でしょう？,オルガン
2012,ノーマル,オードリー・ヘプバーン主演で映画化された小説『ティファニーで朝食を』で知られるアメリカの作家は誰でしょう？,トルーマン・カポーティ
2012,ノーマル,フランスの数学者・マンデルブローが導入した幾何学の概念で、全体と部分とが同じ形となる自己相似性を示す図形のことを何というでしょう？,フラクタル
2012,ノーマル,ある期間中の始値と終値、高値と安値を棒状の図形にして時系列に並べる株価チャートの書き方を、図形があるものに似ていることから何というでしょう？,ローソク足(ろーそくあし)
2012,ノーマル,果物などをシロップやワインで煮こんだ洋菓子と、果物を盛る足付きの食器に共通する言葉は何でしょう？,コンポート
2012,ノーマル,プロボクシングの4大メジャー団体とは、WBA、WBC、WBOと何でしょう？,IBF
2012,ノーマル,アマゾン川流域に生息するアロワナ科の魚で、世界最大の淡水魚とされているのは何でしょう？,ピラルク
2012,ノーマル,日本では稲畑勝太郎(いなはた・かつたろう)がその染色法を開発した、軍服などに多く使われた黄色がかった茶色のことを何というでしょう？,カーキ色(かーきいろ)
2012,ノーマル,北海道の郷土料理、石狩鍋に食材/として使われる魚は何でしょう？,鮭(さけ)
2012,ノーマル,日本語では「分散和音」/などと呼ばれることもある、ギターや鍵盤楽器などで低音から高音へ順番に奏でることをイタリア語で何というでしょう？,アルペジオ
2012,ノーマル,映画『ガス燈』『追想』『オリエント急行殺人事件』の3作品でオスカーを受賞している、スウェーデン出身の女優は誰でしょう？,イングリッド・バーグマン
2012,ノーマル,和歌の技法で、元々あった有名な歌の語句や素材を利用して、新しい歌を詠むことを何というでしょう？,本歌取り(ほんかとり)
2012,ノーマル,もともとのラテン語では「キティウス、アルティウス、フォルティウス」という、ディドン神父によって作られたオリンピックの標語を、日本語では何というでしょう？,「より速く、より高く、より強く」(「よりはやく、よりたかく、よりつよく」)
2012,ノーマル,1964年にはパリ・オペラ座の天井画を完成させている、エコール・ド・パリのひとりに数えられる画家は誰でしょう？,マルク・シャガール
2012,ノーマル,東京スカイツリーが建てられているのは東京の何区でしょう？,墨田(すみだ)
2012,ノーマル,再来年の2月いっぱいでサービス終了となる、「0990」で始まる電話番号を使う NTTの有料情報サービスは何でしょう？,ダイヤルQ2(キュー)【正しくは「ダイヤルキュー」だが、「ダイヤルキューツー」も○】(だいやるQ2(きゅー)【ただしくは「だいやるきゅー」だが、「だいやるきゅーつー」も○】)
2012,ノーマル,全長約1.2メートル、体重約30キロと、ペンギンの仲間で最も大きい種類は何ペンギンでしょう？,コウテイペンギン【エンペラーペンギン】(コウテイ)
2012,ノーマル,今年のテニス全豪オープン男子シングルスで、日本人としては松岡修造以来17年ぶりに四大大会ベスト 8進出を果たした選手は誰でしょう？,錦織圭(にしこり・けい)
2012,ノーマル,空気中、水中、真空中のうち、音の伝わる速度が最も早いのはどれでしょう？,水中(すいちゅう)
2012,ノーマル,アジアを代表するハブ空港のチャンギ国際空港がある国はどこでしょう？,シンガポール
2012,ノーマル,「地上にこだまする人々の声」を表している、龍笛(りゅうてき)、笙(しょう)と共に「雅楽の三管」と呼ばれる縦笛は何でしょう？,篳篥(ひちりき)
2012,ノーマル,外ではおとなしいが家の中ではいばっている人を、鎌倉初期の僧兵の名前から何というでしょう？,内弁慶【陰弁慶、炬燵(こたつ)弁慶】(うちべんけい【いんべんけい、こたつ(こたつ)べんけい】)
2012,ノーマル,海賊だったにもかかわらず、エリザベス女王の全面援助によりイギリス人として初めて世界周航に成功したのは誰でしょう？,フランシス・ドレーク
2012,ノーマル,紙のサイズで、「A判」が生まれた国はドイツですが、「B判」が生まれた国はどこでしょう？,日本(にっぽん)
2012,ノーマル,ボウリングで、7番ピンと 10番ピンが残るスプリットのことを、ある動物を用いて何というでしょう？,スネークアイ
2012,ノーマル,女優の岩下志麻を妻に持つ、代表作に記録映画『札幌オリンピック』や『瀬戸内少年野球団』がある映画監督は誰でしょう？,篠田正浩(しのだ・まさひろ)
2012,ノーマル,花札で、3月の札に描かれている植物は何でしょう？,桜(さくら)
2012,ノーマル,砧骨(きぬたこつ)、槌骨(つちこつ)と共に耳小骨を形成する、人間を構成する骨の中で最も小さい骨は何でしょう？,鐙骨(あぶみこつ、とうこつ)
2012,ノーマル,衆議院の解散を憲法上の根拠によって大きく2つに分けると、「7条解散」ともうひとつは何条解散でしょう？,69条解散(69じょうかいさん)
2012,ノーマル,右手には釣り竿、左手には鯛を持った姿で描かれる、七福神にも数えられる日本の神様は何でしょう？,えびす
2012,ノーマル,1秒間に1センチメートル毎秒加速すると定義される単位で、その名前はイタリアの天文学者ガリレオ・ガリレイにちなむのは何でしょう？,ガル
2012,ノーマル,平安末期におこった遊び「貝合わせ」で、主に使われた貝は何でしょう？,蛤(ハマグリ)
2012,ノーマル,レプティス・マグナ、オエア、サプラタの3つの都市があったことから、ギリシャ語で「三つの都市」という意味の名前を持つ、リビアの首都はどこでしょう？,トリポリ
2012,ノーマル,酒税法において「酒」とは、アルコール度数が何度以上のものを指すでしょう？,1度(1)
2012,ノーマル,童謡『山の音楽家』の歌詞に登場する楽器はバイオリン、ピアノ、フルートと何でしょう？,太鼓(たいこ)
2012,ノーマル,物事に結論を出して終わりにすることを、ある切れ字を用いて「何をつける」というでしょう？,けりをつける
2012,ノーマル,現在の野田佳彦改造内閣で、唯一の女性閣僚である厚生労働大臣は誰でしょう？,小宮山洋子(こみやま・ようこ)
2012,ノーマル,シーボルトに「日本のアリストテレス」と表現されたこともある、『大和本草』や『養生訓』で知られる儒学者は誰でしょう？,.貝原益軒(かいばら・えきけん)
2012,ノーマル,「ロペス」「ルー・ユーフ」「ドラグレスク」などの技がある、男子体操の種目は何でしょう？,跳馬(ちょうば)
2012,ノーマル,カマーバンドを着用する際には必ず使用する、肩から吊り下げた紐やバンドでズボンを固定する装身具は何でしょう？,サスペンダー
2012,ノーマル,漁師・サンチャゴと巨大なカジキマグロの戦いを描いた、作家・ヘミングウェイの小説は何でしょう？,『老人と海』(『ろうじんとうみ』)
2012,ノーマル,真言密教に伝わる「両界曼荼羅」の両界といえば、金剛界と何でしょう？,胎蔵界(たいぞうかい)
2012,ノーマル,15カ国共同プロジェクトとして開発が進む「国際宇宙ステーション」を、アルファベット3文字で何というでしょう？,ISS
2012,ノーマル,労働組合員の一部が、労働組合の正式決定を経ないで散発的に行うストライキを特に何というでしょう？,山猫スト(やまねこすと)
2012,ノーマル,クラッシュド・スタイル、TV(ティーヴィー)ホールド、パッフド・スタイルといえば、洋服のポケットに何を挿し込む方法でしょう？,ハンカチ【ポケットチーフ】
2012,ノーマル,「ベント・ニー」「ロス・オブ・コンタクト」といえば、どんな陸上競技の反則でしょう？,競歩(きょうほ)
2012,ノーマル,腕時計の「noon(ヌーン)」や「SKAGEN(スカーゲン)」といえば、どこの国のブランドでしょう？,デンマーク
2012,ノーマル,正式名称を「マッピ岬」という、太平洋戦争中に追い詰められた日本人兵や民間人が身を投げたサイパンにある岬の通称は何でしょう？,バンザイクリフ
2012,ノーマル,現在、日本で新幹線を運営している4つの鉄道会社とは、JR東日本、JR西日本、JR東海とどこでしょう？,JR九州(JRきゅうしゅう)
2012,ノーマル,自身の名を冠した「混合気体の分圧に関する法則」や原子論に基づいた倍数比例の法則を発見したことで知られる、イギリスの化学者は誰でしょう？,ジョン・ドルトン
2012,ノーマル,女性ファッションに「今季のマストバイアイテム」と書いてあったときの「マストバイ」とはどういう意味でしょう？,買わなければならない【「絶対に買うべき」などニュアンスが合っていれば○】(かわなければならない【「ぜったいにかうべき」などにゅあんすがあっていれば○】)
2012,ノーマル,岡山藩主、池田綱政(いけだ・つなまさ)の命によって 14年の歳月をかけて造られた、日本三名園の一つに数えられる日本庭園は何でしょう？,後楽園(こうらくえん)
2012,ノーマル,野球で素振りの練習に使われる、通常よりも重いバットのことを何というでしょう？,マスコットバット
2012,ノーマル,近松門左衛門と組んで多くの人形浄瑠璃を残し、後に「義太夫節」を創始した、江戸時代の浄瑠璃太夫は誰でしょう？,竹本義太夫(たけもと・ぎだゆう)
2012,ノーマル,新約聖書のマタイ福音書第7章第 13節に登場するキリストの言葉から題名をつけた、アンドレ・ジイドの小説は何でしょう？,『狭き門』(『せまきもん』)
2012,ノーマル,原子番号 107の元素に名を残すことや 1922年にノーベル物理学賞を受賞したことで知られる、デンマークの物理学者は誰でしょう？,ニールス・ボーア
2012,ノーマル,1995年にマラケシュ協定に基づいて設立された、GATTを前身とする自由貿易促進のための国際組織といえば何でしょう？,WTO【世界貿易機関、World TradeOrganization】(WTO【せかいぼうえききかん、World TradeOrganization】)
2012,ノーマル,数字を使った人気のパズル「ナンプレ」は、何という言葉の略でしょう？,ナンバープレース
2012,ノーマル,優勝チームにはFIFAクラブワールドカップの出場権が与えられる、南米サッカー連盟が主催するサッカーの大会は何でしょう？,リベルタドーレス杯【コパ・リベルタドーレス】(りべるたどーれすはい【こぱ・りべるたどーれす】)
2012,ノーマル,「メリーロード」「ファースト」「ももたろう」などの品種がある野菜は何でしょう？,トマト
2012,ノーマル,日本にある裁判所の中で、自己破産の申し立てを行うのは何裁判所でしょう？,地方裁判所(ちほうさいばんしょ)
2012,ノーマル,歌手としても『北の旅人』『ブランデーグラス』『嵐を呼ぶ男』など多くのヒット曲を残した、昭和を代表する俳優は誰でしょう？,石原裕次郎(いしはら・ゆうじろう)
2012,ノーマル,李白(りはく)の『採蓮曲(さいれんきょく)』という詩の中で初めて使われた、人が集まったり一緒に行動したりすることを二つの漢数字を二つずつ使って何というでしょう？,三三五五(さんさんごご)
2012,ノーマル,『精神現象学』などの著書を残したドイツの哲学者で、弁証法を展開したことで知られるのは誰でしょう？,ヘーゲル
2012,ノーマル,父親のディドも元 Jリーガーである、昨年、日本代表デビューを果たしたフィテッセ所属のサッカー選手は誰でしょう？,ハーフナー・マイク
2012,ノーマル,フランス語で「小粒(こつぶ)の石」という意味がある、大粒(おおつぶ)の石を装飾するために用いられる、0.2カラット以下程度の小粒のダイヤモンドのことを何というでしょう？,メレダイヤ
2012,ノーマル,アルプス山脈の最高峰はモンブランですが、ニュージーランドにあるサザンアルプス山脈の最高峰である山は何でしょう？,クック山(くっくやま)
2012,ノーマル,ヨーロッパではロンドン、アメリカではボストンで初めて開通した、「サブウェイ」「アンダーグラウンド」とも呼ばれる乗り物は何でしょう？,地下鉄(ちかてつ)
2012,ノーマル,「ビー」「タリホー」「バイスクル」といえば、クロースアップマジックの定番として使われるどんなもののブランドでしょう？,トランプ
2012,ノーマル,凸レンズでは正、凹レンズでは負の値となる、眼鏡の度などを表すときに使われる単位は何でしょう？,ジオプトリー
2012,ノーマル,1986年のベトナム共産党党大会で提唱されたスローガンである、「刷新(さっしん)」という意味の経済開放政策は何でしょう？,ドイモイ
2012,ノーマル,イカを焼くとき丸く反り返らないようにするため、表面に入れる斜め格子の切り込みを何切りというでしょう？,鹿の子(かのこ)切り(しかのこ(かのこ)きり)
2012,ノーマル,昨年、佐藤摩弥(さとう・まや)が 44年ぶりに女子選手としてデビューした、公営競技のひとつは何でしょう？,オートレース
2012,ノーマル,ヴィヴァン・ドゥノンが初代館長を務めた、ミロのヴィーナスやレオナルド・ダ・ヴィンチの『モナリザ』が所蔵されていることで知られるパリの美術館は何でしょう？,ルーヴル美術館(るーゔるびじゅつかん)
2012,ノーマル,国際原子力機関の本部がある、/ヨーロッパの都市はどこでしょう？,ウィーン
2012,ノーマル,祖父の父は曽祖父ですが、曽祖父の父は何と呼ぶでしょう？,高祖父(こうそちち)
2012,ノーマル,薬のような外見をしているが実際には薬として効く成分が入っていない偽薬のことをラテン語で何というでしょう？,プラシーボ
2012,ノーマル,古代ローマ人が着た、半楕円形の大きな布を体に巻く形式の衣服を何というでしょう？,トーガ
2012,ノーマル,現役時代はヤクルトスワローズに7年間在籍した、今シーズンから北海道日本ハムファイターズの監督を務める人物は誰でしょう？,栗山秀樹(くりやま・ひでき)
2012,ノーマル,かつてのコンビ名がそのまま今の芸名となっている、『シルシルミシル』のナレーションや、『IPPONグランプリ』最多の優勝などで知られるタレントは誰でしょう？,バカリズム
2012,ノーマル,戸籍法によると、出生届は子供が生まれてから何日以内に役所に提出しなければいけないでしょう？,14日(14にち)
2012,ノーマル,その呼び名は、プレゼントの箱を開ける日/という意味である、イギリスなどで祝日となっている、クリスマス翌日の 12月 26日を何というでしょう？,ボクシング・デー(ボクシングデー)
2012,ノーマル,「ダブルイーグル」ともいわれる、ゴルフで、ホールの基準打数より3打少ない打数で終えることを何というでしょう？,アルバトロス
2012,ノーマル,北半球で正午前後に太陽が最も高い位置にくることを、その時太陽のある方向にちなみ、漢字2文字で何というでしょう？,南中(なんちゅう)
2012,ノーマル,大阪府藤井寺(ふじいでら)市にある真言宗の尼寺で、その名が上方風の桜餅で使われる粉に冠せられているのはどこでしょう？,道明寺(どうみょうじ)
2012,ノーマル,合格すると大学入学資格が与えられる、フランスの後期中等教育修了資格試験のことを何というでしょう？,バカロレア
2012,ノーマル,分子生物学におけるセントラルドグマを提唱した生物学者で、1953年にジェームズ・ワトソンとともに DNAの二重らせん構造を発見したのは誰でしょう？,フランシス・クリック
2012,ノーマル,「潜入ルポ」などというときの「ルポ」とは、何という言葉の略でしょう？,ルポルタージュ
2012,ノーマル,承久の乱の後に島流しされた人物で、後鳥羽上皇が流されたのは隠岐(おき)ですが、順徳天皇が流されたのはどこでしょう？,佐渡(さど)
2012,ノーマル,地中海横断飛行を初めて達成した飛行士の名が付けられた、テニス・全仏オープンの会場となるパリのスタジアムは何でしょう？,ローラン･ギャロス【スタッド・ローラン･ギャロス】
2012,ノーマル,コンペティション部門の最優秀作品には金熊(きんくま)賞が与えられる、カンヌ、ヴェネツィアとともに三大映画祭とされるドイツの国際映画祭は何でしょう？,ベルリン国際映画祭【ベルリナーレ】(べるりんこくさいえいがさい【べるりなーれ】)
2012,ノーマル,第一次世界大戦中のイタリアを舞台に、イタリア兵と看護婦の恋を描いた、アーネスト・ヘミングウェイの小説は何でしょう？,『武器よさらば』(『ぶきよさらば』)
2012,ノーマル,出家する前の俗名は晴美(はるみ)である、2006年に文化勲章を受章している女流作家は誰でしょう？,瀬戸内寂聴(せとうち・じゃくちょう)
2012,ノーマル,日本料理で、「利休」といえばゴマを使った料理ですが、「吉野」といえばどんなものを使った料理でしょう？,葛(くず)
2012,ノーマル,ウンベルト・エーコの小説のタイトルにもなっている、地球の自転を証明するための振り子の事を「誰の振り子」というでしょう？,フーコーの振り子(ふーこーのふりこ)
2012,ノーマル,在任中はイスラエルとインドネシアの建国に助力した、初代国連事務総長は誰でしょう？,トリグブ・リー
2012,ノーマル,涙を表していることになるため、お葬式の際に唯一身につけてもよいとされる宝石は何でしょう？,真珠(しんじゅ)
2012,ノーマル,今年のゴールデンウィークに「DiverCity(ダイバーシティ)」と「Namba(ナンバ)」が新たにオープンする、全国6都市に展開するライブハウスは何でしょう？,Zepp(ゼップ)
2012,ノーマル,野球で打者を評価する指標のひとつ「OPS」は、出塁率と何の合計で求められる数値でしょう？,長打率(ちょうだりつ)
2012,ノーマル,恋人であるフィフィやダイナとの間には子供もいる、ミッキーマウスのペットの名前は何でしょう？,プルート
2012,ノーマル,斑尾山(まだらおさん)と黒姫山(くろひめやま)に挟まれた長野県にある湖で、1948年にナウマンゾウの臼歯が発見されたのはどこでしょう？,野尻湖(のじりこ)
2012,ノーマル,ゲスト席より一段高く置かれる、結婚披露宴で新郎新婦が座る席を、漢字二文字で何というでしょう？,高砂(たかさご)
2012,ノーマル,土用の丑の日にウナギを食べる習慣を考え出したといわれる江戸時代の人物で、エレキテルの復元で知られているのは誰でしょう？,平賀源内(ひらが・げんない)
2012,ノーマル,織物や編物という意味の英語で、カーテンやテーブルクロスなど、布を使ったもの全般を指す言葉は何でしょう？,ファブリック
2012,ノーマル,松尾芭蕉の『奥の細道』では「ねぶの花」に例えて詠まれている、中国四大美女のうちの一人は誰でしょう？,西施(さいし)
2012,ノーマル,日本ではダニエル・ビダルのバージョンが大ヒットした、パリのある大通りをイメージしたシャンソンは何でしょう？,『オー・シャンゼリゼ』
2012,ノーマル,第1回はピンクレディーの『UFO』が1位となった、久米宏や黒柳徹子が司会を務めた音楽番組は何でしょう？,ザ・ベストテン
2012,ノーマル,英語では「アントライオン」と呼ばれる、ウスバカゲロウの幼虫は何でしょう？,アリジゴク
2012,ノーマル,外交使節を派遣する際に、事前に相手国へその人物を受け入れる意志を確認することを、「同意」を意味するフランス語で何というでしょう？,アグレマン
2012,ノーマル,カジノのルーレットで、玉の落ちるポケットに用いられている色は、赤、黒と何でしょう？,緑(みどり)
2012,ノーマル,オリンピックで行われている馬術の3種目とは、総合馬術、障害飛越(ひえつ)と何でしょう？,馬場馬術(ばばばじゅつ)
2012,ノーマル,日本の国の蝶であるオオムラサキは、何科に分類されるでしょう？,タテハチョウ科(たてはちょうか)
2012,ノーマル,検察官が着けるバッジの通称にもなっている、「秋におりる冷たい霜と夏に照りつける厳しい日差し」を意味する四字熟語は何でしょう？,秋霜烈日(しゅうそうれつじつ)
2012,ノーマル,和名を「ヤクヨウサルビア」という、肉の臭み消しなどに利用されるシソ科のハーブは何でしょう？,セージ
2012,ノーマル,ロックバンド・JUDY AND MARYのボーカルとしてデビューした、『長い夢』『JOY』『ドラマチック』などのヒット曲がある女性シンガーは誰でしょう？,YUKI
2012,ノーマル,ディズニー作品としても有名な『バンビ』の原作者であるオーストリアの作家は誰でしょう？,フェーリックス・ザルテン
2012,ノーマル,1935年に創業された石本商店を前身とする、フランス語で「滑降」という意味があるスポーツウェアのメーカーは何でしょう？,デサント
2012,ノーマル,オランダ語で「ロバ」/という意味がある、絵を描くときにカンバスを載せる台のことを何というでしょう？,イーゼル
2012,ノーマル,通称を「伯耆富士(ほうきふじ)」という、鳥取県にある山の名前は何でしょう？,大山(だいせん)
2012,ノーマル,回す時に鳴る音からその名がついた、1876年に臥雲辰致(がうん・たっち)が考案した紡績機は何でしょう？,ガラ紡(がらぼう)
2012,ノーマル,学名を「アンドリアス・ジャポニカス」という、特別天然記念物に指定されている世界最大の両生類は何でしょう？,オオサンショウウオ
2012,ノーマル,新たに工事を始めることを「着工」といいますが、/その工事が完了することは漢字二文字で何というでしょう？,竣工、完工、落成(しゅんこう)
2012,ノーマル,1894年に日清戦争の開戦を決定したのが最初である、大日本帝国憲法下の日本で、重要な国策を決めるため天皇も出席して行われた会議は何でしょう？,御前会議(ごぜんかいぎ)
2012,ノーマル,プロテストに合格しながらも、トーナメントには参加せず、アマチュアに教えるだけのゴルファーを一般に何というでしょう？,レッスンプロ【ティーチングプロ】
2012,ノーマル,「てこの原理」を説明するときに出てくる3つの点とは、支点、力点と何でしょう？,作用点(さようてん)
2012,ノーマル,周辺はボーキサイトの産出で知られる、ハンガリー西部にあり中部ヨーロッパ最大の面積をもつ湖は何でしょう？,バラトン湖(ばらとんみずうみ)
2012,ノーマル,「彼氏が得意だと惚れ直す趣味9パターン」など、ミクシィのニュースへの引用も多い、男女の本音を集めた恋愛コラムを配信している会社は何でしょう？,スゴレン
2012,ノーマル,音楽のテンポを表す「BPM」とは何という言葉の略でしょう？,ビーツ・パー・ミニット
2012,ノーマル,元々は地層の最下底を意味する仏教用語で、現在では強い否定を表す際に用いられる漢字3文字の言葉は何でしょう？,金輪際(こんりんざい)
2012,ノーマル,哲学者のプラトンが「狂えるソクラテス」/と形容した古代ギリシアの哲学者で、一生を樽の中で過ごしたと言われるのは誰でしょう？,ディオゲネス
2012,ノーマル,元ゴルフ女王アニカ・ソレンスタムのフロリダ州の家を購入して住んでいる、現在世界ランク1位の台湾出身の女子プロゴルファーは誰でしょう？,曽雅妮(ツェン・ヤニ)【欧米式表記「ヤニ・ツェン」も○】(そまさつぇん・やに)【おうべいしきひょうき「やに・つぇん」も○】)
2012,ノーマル,「デューク」の愛称で呼ばれたアメリカの俳優で、映画『赤い河』『駅馬車』などに主演したのは誰でしょう？,ジョン・ウェイン
2012,ノーマル,岡田将生と榮倉奈々のダブル主演により映画化された、遺品整理業者で働く主人公を描くさだまさしの小説は何でしょう？,『アントキノイノチ』(アントキノイノチ)
2012,ノーマル,全国清涼飲料工業会が定める「レモン果実1個当たりのビタミン C量」は何ミリグラムでしょう？,20ミリグラム
2012,ノーマル,英語では「スプリーン」という、古くなった赤血球を破壊する機能を持つ臓器は何でしょう？,脾臓(ひぞう)
2012,ノーマル,現在のイギリスの国王はエリザベス2世ですが、その前の国王は誰だったでしょう？,ジョージ6世(じょーじ6よ)
2012,ノーマル,ドイツ人クラウス・トイバーが考案した、5種類の資源を組み合わせて無人島を開拓するスピードを競うボードゲームは何でしょう？,『カタンの開拓者たち』【『カタン』『カタンの開拓者』】(『かたんのかいたくしゃたち』【『かたん』『かたんのかいたくしゃ』】)
2012,ノーマル,相撲で、十両と幕内同士の取組の間にある休憩のことを特に何というでしょう？,中入り(なかいりり)
2012,ノーマル,金属の表面にガラス質の釉を焼き付ける仕上げ方のことで、これと同じような外見を持つ屋外用の看板の通称にもなっているのは何でしょう？,琺瑯(ホーロー)
2012,ノーマル,1800年にワシントン.D.Cに移るまでアメリカ合衆国の首都であった、ペンシルベニア州の都市はどこでしょう？,フィラデルフィア
2012,ノーマル,缶コーヒーのブランドで、ジョージアはコカ・コーラ社、BOSSはサントリーフーズですが、Rootsは何という会社の商品でしょう？,日本たばこ産業【JT】(にっぽんたばこさんぎょう【JT】)
2012,ノーマル,『テュイルリーの庭』『キエフの大門』などの曲と、合間に挿入される『プロムナード』からなる、ロシアの作家ムソルグスキーの組曲は何でしょう？,『展覧会の絵』(『てんらんかいのえ』)
2012,ノーマル,生きるか死ぬかの瀬戸際に追いこまれて、わずかばかりの救いを渇望する者の心情を、ある魚を用いた熟語で何というでしょう？,轍鮒(てっぷ)の急(てっぷ(てっぷ)のきゅう)
2012,ノーマル,江戸時代以降、数学の研究や勉強の祈願のために神社仏閣に奉納された、数学の問題や解き方を書いた絵馬(えま)のことを何というでしょう？,算額(さんがく)
2012,ノーマル,フランスの彫刻家アベル・ラフレールによって製作され、FIFA第3代会長の名が付けられた、サッカーワールドカップの初代優勝カップは何でしょう？,ジュール・リメ・カップ
2012,ノーマル,手の爪の手入れのことはマニキュアといいますが、足の爪の手入れのことを何というでしょう？,ペディキュア
2012,ノーマル,本名を重田貞一(しげた・さだかず)という江戸時代の作家で、代表作に『江ノ島土産』『東海道中膝栗毛』があるのは誰でしょう？,十返舎一九(じっぺんしゃ・いっく)
2012,ノーマル,奈良の大仏には 966個、鎌倉の大仏には 656個ある、仏像の丸まった髪の毛のことを何というでしょう？,螺髪(らはつ、らほつ)
2012,ノーマル,システム手帳やスケジュール帳の差し替え用紙のことを、英語で何というでしょう？,リフィル
2012,ノーマル,ニューヨーク州オチゴ郡にある町で、アメリカの野球殿堂があることで知られるのはどこでしょう？,クーパーズタウン
2012,ノーマル,40年目の結婚記念日と、7月の誕生石に共通する宝石は何でしょう？,ルビー【和名「紅玉」も○】(るびー【わみょう「こうぎょく」も○】)
2012,ノーマル,中国にある省で、河北(かほく)省、河南(かなん)省といったときの「河」にあたる、有名な川といえば何でしょう？,黄河(こうが)
2012,ノーマル,NTTの3桁番号サービスで、電話番号案内は何番でしょう？,104番(104ばん)
2012,ノーマル,カツオブシの旨味の成分はイノシン酸ですが、コンブの旨味の成分は何酸でしょう？,グルタミン酸(ぐるたみんさん)
2012,ノーマル,野球でピッチャーが相手チームを完封することと、記者会見などの会合から部外者を閉め出すことに共通する、英語は何でしょう？,シャットアウト
2012,ノーマル,今年2月 12日に開通した、東京港臨海道路の一部として大田区と江東区を結んでいる全長 2618メートルの橋の名前は何でしょう？,東京ゲートブリッジ(とうきょうげーとぶりっじ)
2012,ノーマル,洗礼名をドン・フィリッポ・フランシスコという、伊達政宗の命によりローマ教皇パウルス5世に謁見した仙台藩士は誰でしょう？,支倉常長(はせくら・つねなが)
2012,ノーマル,「近代演劇の父」と称されるノルウェーの劇作家で、代表作に『ペール・ギュント』『人形の家』があるのは誰でしょう？,ヘンリック・イプセン
2012,ノーマル,大相撲で、2007年から 2011年まで5年連続で年間最多勝を達成している力士は誰でしょう？,白鵬翔(はくほう・しょう)【四股名の「白鵬」のみで○】(はくほうしょう(はくほう・しょう)【しこなの「はくほう」のみで○】)
2012,ノーマル,主人公の鎌倉権五郎景政(かまくら・ごんごろう・かげまさ)の台詞が題名となっている、漢字一文字で書かれる歌舞伎十八番のひとつは何でしょう？,『暫(しばらく)』(『ざん(しばらく)』)
2012,ノーマル,インターネットのURLにある「http」とは、何という言葉を略したものでしょう？,HyperText TransferProtocol(ハイパーテキスト・トランスファー・プロトコル)
2012,ノーマル,相続税や贈与税の課税基準となる、主要道路に面した土地に対しての国税庁の評価価格を何というでしょう？,路線価(ろせんか)
2012,ノーマル,1981年台湾で航空機事故で亡くなった、『阿修羅のごとく』『寺内貫太郎一家』などの脚本で知られる作家は誰でしょう？,向田邦子(むこうだ・くにこ)
2012,ノーマル,今年発売が予定されている、人気ゲーム『ドラゴンクエスト』シリーズ第 10作の副題は何でしょう？,目覚めし五つの種族オンライン【「目覚めし五つの種族」が出れば○】(めざめしいつつのしゅぞくおんらいん【「めざめしいつつのしゅぞく」がでれば○】)
2012,ノーマル,サッカーなどで歌われる応援歌のことを、「単調な歌」を意味する古いフランス語から何というでしょう？,チャント
2012,ノーマル,山本文緒(やまもと・ふみお)の直木賞受賞作のタイトルにもなっている、再生能力の高さからよく生物学実験に用いられる生物は何でしょう？,プラナリア
2012,ノーマル,アメリカの副大統領が兼務しているのは、上院、下院、どちらの議長でしょう？,上院(じょういん)
2012,ノーマル,アルコール度数 96%と世界最強を誇る、ポーランド原産のウォッカは何でしょう？,スピリタス
2012,ノーマル,仏教の宗派争いをいさめる言葉で、「宗論(しゅうろん)はどちらが負けても誰の恥」というでしょう？,釈迦(しゃか)
2012,ノーマル,「かわいいふりしてあの子わりとやるもんだねと」という歌いだしで始まる、1982年のオリコン年間シングルチャート1位を獲得したあみんの代表曲といえば何でしょう？,『待つわ』(『まつわ』)
2012,ノーマル,演劇などの全体リハーサルのことを「ゲネプロ」といいますが、これは何というドイツ語を略したものでしょう？,ゲネラールプローベ
2012,ノーマル,平安末期から鎌倉初期にかけて活躍した歌人で、宇都宮頼綱(うつのみや・よりつな)の依頼により小倉百人一首を撰じたのは誰でしょう？,藤原定家(ふじわら・の・ていか、ふじわら・の・さだいえ)
2012,ノーマル,競馬で、視野を狭め、観客や他の競走馬から意識をそらすためにつけられる用具のことを何というでしょう？,ブリンカー【ブラインダー、遮眼革、遮眼帯】(ぶりんかー【ぶらいんだー、しゃがんかわ、しゃがんおび】)
2012,ノーマル,107歳で亡くなる直前まで創作を続け「鏡獅子」などの作品を残した日本の彫刻家で、中原悌二郎賞と並ぶ彫刻の賞に名を残すのは誰でしょう？,平櫛田中(ひらぐし・でんちゅう、ひらくし・でんちゅう)
2012,ノーマル,アラビア語で「乾いた土地」という意味があるスペイン中南部の地域で、セルバンテスの小説『ドン・キホーテ』の舞台となっているのはどこでしょう？,ラ・マンチャ
2012,ノーマル,JRで学生割引が適用されるのは、片道キロメートル以上利用する場合でしょう？,101キロメートル以上(101きろめーとるいじょう)
2012,ノーマル,イカやタコの足に多く見られる、物にくっつくための円形の器官は何でしょう？,吸盤(きゅうばん)
2012,ノーマル,一人につき一日 150円が標準税率となっている、温泉の利用料に含まれる地方税の一種を何というでしょう？,入湯税(にゅうとうぜい)
2012,ノーマル,姉妹で活躍する囲碁棋士、佳奈と奈穂(なお)の名字は何でしょう？,万波(まんなみ)
2012,ノーマル,昨年の全仏オープン女子シングルスで優勝し、男女を通じてアジア人初の四大大会シングルス優勝者となった中国のテニス選手は誰でしょう？,李娜(リー・ナ)
2012,ノーマル,タレントの大竹まことが斉木しげる、きたろうと組んでいるコントユニットは何でしょう？,シティーボーイズ
2012,ノーマル,アメリカ・テネシー州ナッシュビルには原寸大のレプリカがある、アテネのアクロポリスに建つ神殿は何でしょう？,パルテノン神殿(ぱるてのんしんでん)
2012,ノーマル,別名を「モシ・オ・トゥニャ」という、ジンバブエとザンビアの国境に位置する滝は何でしょう？,ヴィクトリア滝(ゔぃくとりあたき)
2012,ノーマル,ファストファッションの有名ブランドで、「トップショップ」はイギリスのブランドですが、「フォーエバー21(トゥエンティーワン)」はどこの国のブランドでしょう？,アメリカ
2012,ノーマル,色や形がスズメの卵に似ていることから「雀卵斑(じゃくらくはん)」とも呼ばれる、皮膚にできる茶色の細かいしみを何というでしょう？,そばかす
2012,ノーマル,批判や非難を浴びることを、戦場で敵の矢が飛んでくる正面を意味する言葉を使い何というでしょう？,矢面(やおもて)に立つ(やおもて(やおもて)にたつ)
2012,ノーマル,サイレントからトーキーへの転換期に揺れる2人の俳優を描く、第 84回アカデミー作品賞を受賞したミシェル・アザナビシウス監督の白黒・サイレント映画は何でしょう？,『アーティスト』
2012,ノーマル,大リーグで、シーズン最多本塁打73本と通算最多本塁打762本の記録を持つのは誰でしょう？,バリー・ボンズ
2012,ノーマル,11月 15日に子供の成長を祝って神社などにお参りする行事を、それを行う時の子供の年齢からなんというでしょう？,七五三(しちごさん)
2012,ノーマル,松はマツ科、竹はイネ科ですが、梅は何科の植物でしょう？,バラ科(ばらか)
2012,ノーマル,2009年に改正薬事法で定められた、コンビニエンスストアなどで大衆薬を販売するために必要となる資格は何でしょう？,登録販売者(とうろくはんばいもの)
2012,ノーマル,その中の「善人なをもて往生をとぐ、いはんや悪人をや」という一節が有名な、浄土真宗の開祖である親鸞(しんらん)の教えをまとめた書物は何でしょう？,『歎異抄(たんにしょう)』(『たんにしょう(たんにしょう)』)
2012,ノーマル,今日、3月 18日に 23歳の誕生日を迎えた、『君って』『会いたくて会いたくて』などのヒット曲がある女性シンガーは誰でしょう？,西野カナ(にしのカナ)
2012,ノーマル,ボウリングで、第 10フレームの3投すべてでストライクを出すことを何というでしょう？,パンチアウト【ストライキングアウト】
2012,ノーマル,直径 8.2メートルと一枚鏡としては世界最大を誇る、日本がハワイ・マウナケア山頂に建設した望遠鏡は何でしょう？,すばる
2012,ノーマル,本州最西端の岬・毘沙ノ鼻(びしゃのはな)は山口県にありますが、本州最東端の岬・トドヶ崎は何県にあるでしょう？,岩手(いわて)
2012,ノーマル,東京、台東区にある真源寺(しんげんじ)の通称に引っかけた言葉遊びで、「恐れ入谷の」に続く言葉は何でしょう？,鬼子母神(きしぼじん、きしもじん)
2012,ノーマル,昨年12月に 75歳で亡くなった、ビロード革命の立役者として活躍し、チェコ共和国初代大統領を務めた政治家は誰でしょう？,ヴァーツラフ・ハヴェル(ハヴェル)
2012,ノーマル,もともとはブドウの房のようにたくさんの数が集まったものを指す言葉で、最近では「同じ趣味を持つ人達の集まり」を意味するネットスラングとして使われるのは何でしょう？,クラスタ
2012,ノーマル,平安中期における理想的な時代とされた醍醐天皇と村上天皇の治世のことを、当時の2つの元号を取って何というでしょう？,延喜・天暦の治(えんぎ・てんりゃくのち)
2012,ノーマル,1988年に4大大会制覇に加えてソウルオリンピックでも金メダルを獲得し、その偉業がゴールデンスラムと称えられたテニスプレーヤーは誰でしょう？,シュテフィ・グラフ
2012,ノーマル,ユーゴーの小説『レ・ミゼラブル』で、ひと切れのパンを盗んだ罪で 19年間牢獄に入れられた主人公の名前は何でしょう？,ジャン・バルジャン
2012,ノーマル,明治初期に神仏分離令の発布をきっかけに/起こった、寺院や仏像を破壊するなどの仏教排斥運動のことを何というでしょう？,廃仏毀釈(はいぶつきしゃく)
2012,ノーマル,飛行機の運航において、事故が最も置きやすい離陸後と着陸前の時間のことを、「魔の何分間」というでしょう？,魔の 11分間(まの 11ふんかん)
2012,ノーマル,オランダ語で「海賊」という意味がある、議会の進行を遅らせる戦術を何というでしょう？,フィリバスター
2012,ノーマル,500円と 350円の2種類がある、専用の封筒を使って全国一律料金で荷物を送ることが出来る、日本郵便のサービスは何でしょう？,レターパック
2012,ノーマル,小笠原流、武田流などの流派がある、疾走する馬の上から矢を射る競技は何でしょう？,流鏑馬(やぶさめ)
2012,ノーマル,日本語では「面積計」という、平面上の閉曲線で囲まれた図形の面積を測る観測装置のことを何というでしょう？,プラニメーター
2012,ノーマル,銀行のATMなどで、客が一列に並び、空いた所に順次移動する並び方のことを、ある食器にちなんで「何並び」というでしょう？,フォーク並び(ふぉーくならび)
2012,ノーマル,生中継の際の「これ、本番ですか?」という第一声でも有名な、日本人初の宇宙飛行士は誰でしょう？,秋山豊寛(あきやま・とよひろ)
2012,ノーマル,英語で、日曜日を表すサンデーに無く、デザートのサンデーを表記した時に使用するアルファベットは何でしょう？,e
2012,ノーマル,アメリカ合衆国において勃発した唯一の内戦は何でしょう？,南北戦争(なんぼくせんそう)
2012,ノーマル,納谷悟朗(なや・ごろう)に代わり、2011年からアニメ『ルパン三世』シリーズの銭形警部を演じている声優は誰でしょう？,山寺宏一(やまでら・こういち)
2012,ノーマル,大老・井伊直弼の生涯を描いた舟橋聖一の小説で、1963年に NHK大河ドラマ第1作として映像化されたのは何でしょう？,『花の生涯』(『はなのしょうがい』)
2012,ノーマル,100人で再試合のないトーナメント戦をした場合、優勝者が決まるまでに何試合必要でしょう？,99試合(99しあい)
2012,ノーマル,ネット銀行で、支店名に「ワルツ」「ジャズ」「ロック」等、音楽のジャンルにちなんだ名前をつけている事で知られるのはどこでしょう？,楽天銀行(らくてんぎんこう)
2012,ノーマル,漢字では「魚へんに花」と書く、冬においしいアイナメ科の魚は何でしょう？,ホッケ
2012,ノーマル,現在、日本で唯一ばんえい競馬を実施している競馬場はどこでしょう？,帯広競馬場(おびひろけいばじょう)
2012,ノーマル,発生させる毒素は痙攣性疾患(けいれんせいしっかん)の治療やしわ取りなど美容用途にも用いられている、クロストリジウム属の細菌は何でしょう？,ボツリヌス菌(ぼつりぬすきん)
2012,ノーマル,職場の環境美化を目的としたスローガンを、整理・整頓・清掃・清潔・躾の頭文字を取って何というでしょう？,5S
2012,ノーマル,無糖練乳を指す「エヴァミルク」の「エヴァ」とは、何という言葉の略でしょう？,エヴァポレイト
2012,ノーマル,ギターなどの弦楽器でネックに設けられる、弦を押さえる場所を示す突起のことを何というでしょう？,フレット
2012,ノーマル,2004年からは日本野鳥の会の会長を務めている、往年のクイズ番組『100万円クイズハンター』の司会を務めた俳優は誰でしょう？,柳生博(やぎゅう・ひろし)
2012,ノーマル,そのボクシングスタイルは「蝶のように舞い、蜂のように刺す」と形容された、かつての本名をカシアス・クレイという往年の世界ヘビー級チャンピオンは誰でしょう？,モハメッド・アリ
2012,ノーマル,宮尾登美子(みやお・とみこ)の小説『序の舞(じょのまい)』の主人公のモデルになっている女流画家で､昭和 23年に女性として初めて文化勲章を受賞したのは誰でしょう？,上村松園(うえむら・しょうえん)
2012,ノーマル,漢字で表記する「みよし市」は徳島県と広島県にありますが、ひらがな表記の「みよし市」はどこの都道府県にあるでしょう？,愛知(あいち)
2012,ノーマル,道路運送車両法施行規則に定められている軽自動車の総排気量は、何cc以下でしょう？,660cc
2012,ノーマル,西部劇でもおなじみのアカザ科の植物で、秋になると根元から折れ風に乗って大地をコロコロと転がっていくものを総称して何というでしょう？,タンブルウィード
2012,ノーマル,2011年行われたラグビー・ワールドカップで、フランスを破って優勝した国はどこでしょう？,ニュージーランド,
2012,ノーマル,ニコロ・パガニーニと弦楽四重奏団を組むヴァイオリニストでもあった、『ヴァルパンソンの浴女』『グランド・オダリスク』などの代表作で知られるフランスの画家は誰でしょう？,ジャン=オーギュスト=ドミニク・アングル
2012,ノーマル,いわゆる「昭和の三大台風」のうち最も時代が古い、昭和9年に日本を襲った台風は何でしょう？,室戸台風(むろとたいふう)
2012,ノーマル,アウヤンテプイという山の頂上の一角から流れ落ちている、979メートルと世界最大の落差を誇る滝は何でしょう？,エンジェルフォール【スペイン語の「アンヘル滝」も○】(えんじぇるふぉーる【すぺいんごの「あんへるたき」も○】)
2012,ノーマル,食品では蕎麦やピーナッツで起こる/ことがある急性アレルギー反応のことを、「無防備」という意味のギリシャ語で何というでしょう？,アナフィラキシー
2012,ノーマル,手紙を書くのを面倒がる人を「筆不精(ふでぶしょう)」といいますが、出かけるのを面倒がる人を何というでしょう？,出不精(でぶしょう)
2012,ノーマル,ゲーテが「この日、この地から新しい世界史の時代が始まる」という言葉を残したことで知られる、1792年に起こったプロイセン軍とフランス軍との戦いを何の戦いというでしょう？,ヴァルミーの戦い(ゔぁるみーのたたかい)
2012,ノーマル,剣道における「五行(ごぎょう)の構え」といえば、上段の構え、中段の構え、下段の構え、八相(はっそう)の構えと何構えでしょう？,脇構え(わきかまえ)
2012,ノーマル,『エアフォース・ワン』『逃亡者』『インディ・ジョーンズシリーズ』などの映画で主役を演じたアメリカの俳優は誰でしょう？,ハリソン・フォード
2012,ノーマル,『大漁』『私と小鳥と鈴と』『こだまでしょうか』といった作品で知られる詩人は誰でしょう？,金子みすゞ(かねこ・みすず)
2012,ノーマル,京都の五山の送り火で、最初に点火されるのは「大文字(だいもんじ)」ですが、最後に点火されるのは何の形でしょう？,鳥居(とりい)
2012,ノーマル,糖分の多い飲み物を大量に飲み続けることによって起こる急性の糖尿病のことを、ある容器の名前を使って「何症候群」というでしょう？,ペットボトル症候群(ペットボトル)
2012,ノーマル,国会議事堂の中央広間の四隅にある3人の銅像といえば、伊藤博文、大隈重信と誰の銅像でしょう？,板垣退助(いたがきたいすけ)
2012,ノーマル,「旧約聖書」で、少年時代のダビデが石投げで倒した、ペリシテ人の大男の名前は何でしょう？,ゴリアテ
2012,ノーマル,釣りで、釣り上げた魚を入れておく、竹や網で作られた籠のことを何というでしょう？,魚籠(びく)
2012,ノーマル,ビューフォートが考案した風力階級で、最も弱いのは風力0ですが最も強いのは風力いくつでしょう？,風力 12(ふうりょく 12)
2012,ノーマル,アルプス山脈からアドリア海に向かって吹き下りる、寒冷で乾燥した風のことを、ギリシア神話の北風の神・ボレアスの名にちなんで何というでしょう？,ボーラ
2012,ノーマル,ハワイ料理の「ロコモコ」にも使われる、肉を焼いたときに出る肉汁を煮詰めて作ったソースは何ソースでしょう？,グレービーソース
2012,ノーマル,毎年8月の土日に関東と関西で同時に行われ、出演者が2つの会場で入れ替わるという特徴的なスタイルを取っている、日本のロックフェスティバルは何でしょう？,SUMMER SONIC(サマーソニック)
2012,ノーマル,「もらう」の謙譲語は「いただく」ですが、「与える」の謙譲語は何でしょう？,差し上げる(さしあげる)
2012,ノーマル,彼の墓を宮内庁が管理しているのは後小松(ごこまつ)天皇の御落胤(ごらくいん)であるという説によるものである、とんちで有名な室町時代の禅僧は誰でしょう？,一休宗純(いっきゅう・そうじゅん)【僧名の「一休」のみで○】(いっきゅうそうじゅん(いっきゅう・そうじゅん)【そうめいの「いっきゅう」のみで○】)
2012,ノーマル,競輪選手がレース中に着る勝負服の色で、1番は白ですが、9番はどんな色でしょう？,紫(むらさき)
2012,ノーマル,現在「ビッグコミック」誌上で『兵馬(ひょうま)の旗』を連載している、代表作に『沈黙の艦隊』『太陽の黙示録』などがあるマンガ家は誰でしょう？,かわぐちかいじ
2012,ノーマル,一高の学生である主人公と旅芸人一行の、天城峠から下田までの道連れの旅を綴った、川端康成の短編小説は何でしょう？,『伊豆の踊子』(『いずのおどりこ』)
2012,ノーマル,「人間は虫の様に無心になって生きていくことが大切」という考えから多くの鈴虫が飼われており、「鈴虫寺」とも呼ばれる京都市西京区の寺はどこでしょう？,華厳寺(けごんじ)
2012,ノーマル,太陽系最大の谷・マリネリス峡谷と、太陽系最大の山・オリンポス山はともにどこの星にあるでしょう？,火星(かせい)
2012,ノーマル,材質として使われている金属元素から名がついた、アメリカの5セント硬貨の通称は何でしょう？,ニッケル
2012,ノーマル,昭和9年に開通した日本初の国際電話で結んでいたのは、東京と、アジアのどこの都市でしょう？,マニラ
2012,ノーマル,1976年に WBAジュニアフライ級チャンピオンとなったボクサーで、世界王座防衛13度の日本記録をもつのは誰でしょう？,具志堅用高(ぐしけん・ようこう)
2012,ノーマル,着物の汚れを防いだり、装飾で襦袢(じゅばん)に縫いつける替え衿(えり)のことを、その長さが実際の襟の半分程度であることから何というでしょう？,半衿(はんえり)
2012,ノーマル,かつて連邦刑務所が置かれたことから「監獄島」とも呼ばれる、サンフランシスコ湾にある島は何でしょう？,アルカトラズ島(あるかとらずしま)
2012,ノーマル,インターネットのオークションで、入札するたびに手数料がかかる形式のものを何というでしょう？,ペニーオークション
2012,ノーマル,英語で「あふれる」という意味がある、コンピュータで数値演算を行った結果、扱える数値の最大値を超えることを何というでしょう？,オーバーフロー
2012,ノーマル,1526年にパーニーパットの戦いで勝利したバーブルが開いた、インドの王朝は何でしょう？,ムガル朝(むがるあさ)
2012,ノーマル,陸上種目で「マイルリレー」といえば、1人が走る距離は何メートルでしょう？,400メートル
2012,ノーマル,江戸中村座の岡崎屋勘六(おかざきや・かんろく)が創始した、歌舞伎の看板や番付などを書くのに用いられる文字の書体は何でしょう？,勘亭流(かんていりゅう)
2012,ノーマル,1969年にノーベル文学賞を受賞した、代表作に『ゴドーを待ちながら』がある作家は誰でしょう？,サミュエル・ベケット
2012,ノーマル,円錐の展開図を描いたときに出てくる二つの図形とは、円と何でしょう？,扇形(せんけい)
2012,ノーマル,金融機関同士が資金の短期貸借を行うときの金利のことを、「呼べば返ってくるほど短い期間」であることから「何レート」というでしょう？,コールレート(コール)
2012,ノーマル,英語で直喩(ちょくゆ)のことを「シミリ」というのに対し、暗喩(あんゆ)のことを何というでしょう？,メタファー
2012,ノーマル,ここを制することが重要であることから、将棋盤の中央のマスのことを特に何というでしょう？,天王山(てんのうざん)
2012,ノーマル,世界最大のヨットレース、アメリカズ・カップで優勝したことがある4つの国とは、アメリカ、ニュージーランド、オーストラリアとどこでしょう？,スイス
2012,ノーマル,夢の中で1匹の蛇が自分の尻尾に噛み付きながら回っている様子を見てベンゼン環の構造を発見したといわれる、ドイツの化学者は誰でしょう？,アウグスト・ケクレ
2012,ノーマル,世界では第 10位、アフリカ大陸では第1位の面積を誇る国はどこでしょう？,アルジェリア
2012,ノーマル,とんがった帽子のような形の蓋が特徴の、肉や野菜の蒸し料理に使われる、モロッコ発祥の土鍋を何というでしょう？,タジン鍋(たじんなべ)
2012,ノーマル,副題を『狂おしき一日』というモーツァルトのオペラ作品で、『ドン･ジョヴァンニ』『魔笛』とともに彼の三大オペラに挙げられるのは何でしょう？,『フィガロの結婚』(『ふぃがろのけっこん』)
2012,ノーマル,花を使ったことわざで、時期を外していて役に立たないことを「六日のあやめ、十日の何」というでしょう？,菊(きく)
2012,ノーマル,第二次大戦で被災した欧州諸国のためにアメリカが推進した復興援助計画のことを、提唱したアメリカの国務長官の名前から何というでしょう？,マーシャル・プラン
2012,ノーマル,2011-12シーズン、日本フットサルリーグに参加していたクラブ数はいくつでしょう？,10
2012,ノーマル,スニーカーのひもを通す金属の丸い輪のことを、ある鳥の目にたとえて何というでしょう？,鳩目(はとめ)
2012,ノーマル,日本語では「歩行者回廊」という、主に駅前と付近にあるデパートなどを接続する歩行者用通路のことを何というでしょう？,ペデストリアンデッキ【ペドウェイ】
2012,ノーマル,"43,560平方フィートを1とする、ヤード・ポンド法の面積の単位は何でしょう？",エーカー
2012,ノーマル,正式名は「全国企業短期経済観測調査」である、日本銀行が四半期ごとに行う企業の景気判断を一般的に何というでしょう？,日銀短観(にちぎんたんかん)
2012,ノーマル,カクテルの量を測る単位「tsp」は、何という言葉の略でしょう？,ティースプーン
2012,ノーマル,長嶋茂雄のプロ初打席で三振を奪った、日本プロ野球唯一の 400勝投手は誰でしょう？,金田正一(かねだ・まさいち)
2012,ノーマル,日本語では羅紗(ラシャ)、英語では「ウール」といったら、どんな動物の毛のことでしょう？,羊(ひつじ)
2012,ノーマル,1926年に、人間の定住地における世界最低気温であるマイナス 71.2℃を観測した、ロシアの村はどこでしょう？,オイミャコン
2012,ノーマル,ドンタコス、ポリンキー、カラムーチョなどのスナック菓子を発売している、お菓子メーカーはどこでしょう？,湖池屋(こいけや)
2012,ノーマル,英語で「有酸素運動」は「エアロビクス」といいますが、「無酸素運動」は何というでしょう？,アネロビクス
2012,ノーマル,1939年に締結された独ソ不可侵条約を受け、「欧州の情勢は複雑怪奇なり」と発言し辞職した、時の総理大臣は誰でしょう？,平沼騏一郎(ひらぬま・きいちろう)
2012,ノーマル,中央競馬のレースで、ジャパンカップの距離は 2400メートルですが、ジャパンカップダートの距離は何メートルでしょう？,1800メートル
2012,ノーマル,橋幸夫(はし・ゆきお)、西郷輝彦(さいごう・てるひこ)とともに「御三家」と呼ばれた、ヒット曲「高校三年生」で知られる歌手は誰でしょう？,舟木一夫(ふなき・かずお)
2012,ノーマル,学業は優秀だが融通のきかない内海文三(うつみ・ぶんぞう)を主人公とする、二葉亭四迷(ふたばてい・しめい)の代表作は何でしょう？,『浮雲(うきぐも)』(『うきぐも(うきぐも)』)
2012,ノーマル,植物性と動物性に分けられている、ミジンコやミドリムシのような水中微生物を総称して何というでしょう？,プランクトン
2012,ノーマル,校舎にツタが絡まっていたことから名付けられたとされる、アメリカ東部の名門私立大学8校を総称して何というでしょう？,アイビー・リーグ
2012,ノーマル,日本国憲法第 41条で「国権の最高機関」と規定されているのは何でしょう？,国会(こっかい)
2012,ノーマル,日本の硬貨では 50円玉や 100円玉に用いられている、銅とニッケルの合金は何でしょう？,白銅(はくどう)
2012,ノーマル,昔話『おむすびころりん』で、おじいさんがおむすびを落としたのは、どんな動物の巣穴だったでしょう？,鼠(ねずみ)
2012,ノーマル,ビリヤードで、台の短辺から撞いたボールを 1往復させてより手前に近づけた方が先攻・後攻の選択権を得るルールを何というでしょう？,バンキング
2012,ノーマル,美空ひばりの名曲『川の流れのように』の作詞者は誰でしょう？,秋元康(あきもと・やすし)
2012,ノーマル,海外のビールで、バドワイザーといえばアメリカのビールですが、ハイネケンといえばどこの国のビールでしょう？,オランダ
2012,ノーマル,導体中を電流が流れることによって生じる熱のことを、イギリスの物理学者の名から「何熱」というでしょう？,ジュール熱(じゅーるねつ)
2012,ノーマル,パーリ語の「身を焼く」という意味の言葉から、遺体を火葬することを「何に付す」というでしょう？,荼毘(だび)
2012,ノーマル,戦後日本が初参加したヘルシンキオリンピックで、日本人として唯一金メダルを獲得したレスリング選手は誰でしょう？,石井庄八(いしい・しょうはち)
2012,ノーマル,ヴォルテール、ディドロ、ダランベールなど、18世紀後半のフランスで活躍した啓蒙思想家の集団を「何派」というでしょう？,百科全書派(ひゃっかぜんしょは)
2012,ノーマル,航空法第 51条によると、航空障害灯の設置が義務付けられるのは高さ何メートル以上の建物でしょう？,60メートル
2012,ノーマル,毎年、ベストジーニスト賞を主催しているのは、日本ジーンズ協議会と、どこの都道府県のアパレル工業組合でしょう？,岡山(おかやま)
2012,ノーマル,ある芸術家や美術館所蔵の全作品を、時代別・作家別などに分類・整理した目録のことをフランス語で何というでしょう？,レゾネ(カタログ・レゾネ)
2012,ノーマル,昨年 12月 12日に日本漢字能力検定協会が発表した、2011年の「今年の漢字」は何でしょう？,絆(きずな)
2012,ノーマル,何人もの足をヒモでしばってスピードを競う運動会の競技のことを、ある節足動物の名前を用いて「何競走」というでしょう？,むかで競走(むかできょうそう)
2012,ノーマル,質量パーセント濃度 90%以上の硫酸を「濃硫酸」といいますが、90%未満の硫酸を何というでしょう？,希硫酸(きりゅうさん)
2012,ノーマル,「インシュランス」「サレンダー」「スプリット」などのルールがある、カードの合計点数が 21点に近い方が勝ちとなるトランプゲームは何でしょう？,ブラックジャック
2012,ノーマル,三角形に折り曲げた鉄の棒を、ビーターというばちで打ち鳴らして演奏する、打楽器は何でしょう？,トライアングル
2012,ノーマル,地図の経線と緯線のうち、赤道に対して平行に走っているのはどちらでしょう？,緯線(いせん)
2012,ノーマル,『源氏物語』の第 45帖「橋姫」から第 54帖「夢浮橋」までの 10巻のことを、舞台となっている地名を取って一般に何というでしょう？,宇治十帖(うじじゅうちょう)
2012,ノーマル,ヤマザキマリの漫画『テルマエ・ロマエ』で、古代ローマから現代の日本へタイムスリップを繰り返す、主人公の浴場設計技師は誰でしょう？,ルシウス・モデストゥス【「ルシウス」だけで○】
2012,ノーマル,一般に江戸三大祭といえば、神田明神(かんだみょうじん)で行われる神田祭(かんださい)、日枝(ひえ)神社で行われる山王祭(さんのうまつり)と、富岡八幡宮(とみおかはちまんぐう)で行われる何祭でしょう？,深川(ふかがわ)祭【深川八幡祭り】(ふかがわ(ふかがわ)まつり【ふかがわはちまんまつり】)
2012,ノーマル,サッカーの Jリーグで、試合に勝ったチームに与えられる勝ち点はいくつでしょう？,3
2012,ノーマル,日本三大急流といえば、最上川、富士川と、熊本県を流れる何川でしょう？,球磨川(くまがわ)
2012,ノーマル,外部からの力を受けても全く変形することのない架空の物体のことを、漢字2文字で何というでしょう？,剛体(ごうたい)
2012,ノーマル,数学で、「AかつB」の集合を積集合といいますが、「AまたはB」の集合を何集合というでしょう？,和集合【合併集合、ユニオン】(わしゅうごう【がっぺいしゅうごう、ゆにおん】)
2012,ノーマル,1933年、反ナチス運動の取り締まりを目的としてドイツに創設された秘密国家警察のことを、通称何というでしょう？,ゲシュタポ【ゲハイメ・シュターツポリツァイ】
2012,ノーマル,非公式の英語文章に使われる略語はいろいろありますが、「OMG」は何の略でしょう？,"Oh, my god."
2012,ノーマル,体操選手として活躍する「和仁(かずひと)」「理恵(りえ)」「佑典(ゆうすけ)」といえば「何きょうだい」でしょう？,田中(たなか)
2012,ノーマル,『涙』『あとひとつ』『もう君がいない』などのヒット曲がある、ファンキー加藤、モン吉、DJケミカルからなるユニットは何でしょう？,FUNKY MONKEYBABYS(ファンキー・モンキー・ベイビーズ)
2012,ノーマル,ゴム状の樹液が出ることから「ガムツリー」ともいわれる、コアラの好物として知られるフトモモ科の植物は何でしょう？,ユーカリ
2012,ノーマル,その名は第2代当主・チャールズの爵位に由来する、/ベルガモットで柑橘系の香りをつけた紅茶のフレーバーは何でしょう？,アール・グレイ
2012,ノーマル,イタリア・ヴェネツィアにあるオペラ劇場で、「不死鳥」という意味の名前がつけられたものは何でしょう？,フェニーチェ歌劇場(ふぇにーちぇかげきじょう)
2012,ノーマル,エッフェル塔第2展望台にあるレストランの名前にもなっている、『月世界旅行』『海底二万マイル』『八十日間世界一周』などの作品で知られるフランスの SF作家は誰でしょう？,ジュール・ヴェルヌ
2012,ノーマル,ラグビーのトライとアメフトのタッチダウンでは、どちらの方が多く点数が入るでしょう？,(アメフトの)タッチダウン
2012,ノーマル,マリンタワー、赤レンガ倉庫、山下公園といえばどこの都市にある観光名所でしょう？,横浜(よこはま)
2012,ノーマル,トロリーバスや電車の屋根に取り付けてある、架線から電気を取り入れるための装置を英語で何というでしょう？,パンタグラフ
2012,ノーマル,岩石の深成岩を大きく3つに分けると、花崗岩(かこうがん)、閃緑岩(せんりょくがん)と何でしょう？,斑糲岩(はんれいがん)
2012,ノーマル,江戸時代の三大改革のひとつで、人返し令の実施や株仲間の解散などが行われたのは「何の改革」でしょう？,天保の改革(てんぽうのかいかく)
2012,ノーマル,アメリカの軍用飛行機で、「戦闘機」を意味するFはファイターの略ですが、「爆撃機」を意味するBは何という単語の頭文字でしょう？,ボマー
2012,ノーマル,経済産業省によって 31種類が定義されている、埋蔵量が少なく特定の地域に偏在している「希少金属」のことを英語で何というでしょう？,レアメタル
2012,ノーマル,プトレマイオス2世の問いかけに答えた「幾何学に王道なし」という言葉で有名な、古代ギリシャの数学者は誰でしょう？,ユークリッド【エウクレイデス】
2012,ノーマル,競馬で、短距離を得意とする馬を「スプリンター」といいますが、長距離を得意とする馬を何というでしょう？,ステイヤー
2012,ノーマル,昨年、株式会社リコーの主催で創設され、加藤桃子が初代タイトルを獲得した、将棋の女流タイトル戦は何でしょう？,リコー杯女流王座戦【「女流王座」のみで○】(りこーはいじょりゅうおうざせん【「じょりゅうおうざ」のみで○】)
2012,ノーマル,父に哲学者の徹三(てつぞう)を持つ、処女詩集『二十億光年の孤独』で知られる日本の詩人といえば誰でしょう？,谷川俊太郎(たにかわ・しゅんたろう)
2012,ノーマル,歌舞伎で、主役が花道で述べる長い口上のことを何というでしょう？,連ね(つらね)
2012,ノーマル,平昌(ピョンチャン)冬季オリンピック、サッカーワールドカップ・ロシア大会が開催されるのは、いずれも西暦何年の事でしょう？,2018年(2018ねん)
2012,ノーマル,フィレンツェにある空港にその名がつけられている、「アメリカ」という地名の由来となったイタリアの探検家は誰でしょう？,アメリゴ・ヴェスプッチ
2012,ノーマル,その作り方には、魚に直接墨を塗る「直接法」と、紙の上から色をつける「間接法」がある、釣った魚の姿を紙に写し取ったものを何というでしょう？,魚拓(ぎょたく)
2012,ノーマル,日本では JIS規格で 114ミリ幅に定められている、静岡県富士市が日本一の生産量を誇るトイレの必需品は何でしょう？,トイレットペーパー
2012,ノーマル,1906年に就役したイギリス海軍の軍艦で、その大きさから「超ド級」という言葉の由来となったものは何でしょう？,ドレッドノート
2012,ノーマル,もともとは釜戸の残り火が消えないうちに次の釜に火をかけることをいった言葉で、現在では後任の人・後継者を指すのに用いられるのは何でしょう？,後釜(あとがま)
2012,ノーマル,アメリカのメジャーリーグベースボールで、カナダに本拠地を置く唯一のチームはどこでしょう？,トロント・ブルージェイズ
2012,ノーマル,シラ、キボ、マウエンジの3つの峰からなる、アフリカ大陸最高峰は何でしょう？,キリマンジャロ
2012,ノーマル,その中で現在の 88星座のうち 47が定義されている、古代ギリシャの天文学者プトレマイオスの著書は何でしょう？,『アルマゲスト』
2012,ノーマル,イタリア語で「香り高い」という意味の名前を持つ、イタリアのモデナ地方で作られるものが有名なブドウを原材料とした酢は何でしょう？,バルサミコ酢(ばるさみこす)
2012,ノーマル,愛していたペットが死ぬことで発生するうつ病や摂食障害などの心身的疾患のことを「何症候群」というでしょう？,ペットロス症候群(ぺっとろすしょうこうぐん)
2012,ノーマル,バビロン第1王朝・第6代目の王で、慣習法を成文化した 282条からなる法典を定めたことで知られるのは誰でしょう？,ハムラビ
2012,ノーマル,昨年 12月、第 43部の最終話が放送され、42年の歴史に幕を下ろした、徳川光圀(とくがわ・みつくに)を主人公とする TBS系列の時代劇は何でしょう？,『水戸黄門』(『みとこうもん』)
2012,ノーマル,野球で、首位打者、ホームラン王、打点王の3つのタイトルを全て獲得することを何というでしょう？,三冠王【トリプルクラウン】(さんかんおう【とりぷるくらうん】)
2012,ノーマル,その題名は一丈四方の庵(いおり)で書かれたことに由来する、鴨長明(かも・の・ちょうめい)の随筆は何でしょう？,『方丈記』(『ほうじょうき』)
2012,ノーマル,マスカラやアイラインがにじみ、目の周りに広がってしまった状態のことを、ある動物の名前を使って俗に「何目」というでしょう？,パンダ目(ぱんだめ)
2012,ノーマル,芝居の幕間(まくあい)に食べることから名付けられた、ごはんと数種類のおかずを詰め合わせた最も一般的な弁当といえば何でしょう？,幕の内弁当(まくのうちべんとう)
2012,ノーマル,一般名を「オセルタミビル」という、スイスのロシュ社が製造し、日本では中外製薬が販売している、インフルエンザ治療薬は何でしょう？,タミフル
2012,ノーマル,袋麺の「中華三昧」シリーズや、カップラーメンの「究麺」「一平ちゃん」シリーズで知られる食品会社はどこでしょう？,明星食品株式会社(みょうじょう)
2012,ノーマル,国家公務員の給与を 100とした時の、地方公務員の給与水準を表す指数を何というでしょう？,ラスパイレス指数(らすぱいれすしすう)
2012,ノーマル,夏・冬あわせて、日本人最多の7回のオリンピック出場を果たしている、女性スポーツ選手は誰でしょう？,橋本聖子(はしもと・せいこ)
2012,ノーマル,日本の比例代表制選挙で用いられている議席配分方法を、考案したベルギーの学者の名前を取って何式というでしょう？,ドント式(どんとしき)
2012,ノーマル,山菜などのアク抜きにも使われている、化学式「NaHCO3」で表される無機物質は何でしょう？,炭酸水素ナトリウム【重曹】(たんさんすいもとなとりうむ【じゅうそう】)
2012,ノーマル,将棋や囲碁などで、最終局面に至る前に不利なほうが負けを認めることを漢字2文字で何というでしょう？,投了(とうりょう)
2012,ノーマル,音楽ユニット capsule(カプセル)の一員としても活動している、人気テクノユニットPerfume(パフューム)のプロデューサーは誰でしょう？,中田ヤスタカ(なかた・やすたか)
2012,ノーマル,新美南吉(にいみ・なんきち)の小説『手袋を買いに』で、手袋を買いに行く動物は何でしょう？,キツネ
2012,ノーマル,MGMの美術監督セドリック・ギボンズがデザインした、アカデミー賞の受賞者に贈られる像は何でしょう？,オスカー像(おすかーぞう)
2012,ノーマル,今年生誕 100年を迎えた大相撲の第 35代横綱で、不滅の連勝記録 69を持つのは誰でしょう？,双葉山定次(ふたばやま・さだじ)【四股名の「双葉山」のみで○】(ふたばやまさだじ(ふたばやま・さだじ)【しこなの「ふたばやま」のみで○】)
2012,ノーマル,ブタハナ、シマ、マダラなどの種類がいる、危険を感じると強烈な悪臭を発する動物は何でしょう？,スカンク
2012,ノーマル,中国にある中山(ちゅうざん)大学、台湾にある国立中山(ちゅうざん)大学の名前の由来となっている人物で、辛亥(しんがい)革命を起こし「中国革命の父」と呼ばれるのは誰でしょう？,孫文(そんぶん)
2012,ノーマル,ゴルフの各ホールで最初に打つ人のことを、「名誉」という意味の英語で何というでしょう？,オナー
2012,ノーマル,罪を犯した者が、捜査機関に発覚する前に自発的に罪を申告する行為を何というでしょう？,自首(じしゅ)
2012,ノーマル,記号「lm」で表される、明るさの単位は何でしょう？,ルーメン
2012,ノーマル,原始的な医学から迷信などを切り離し、経験科学へと発展させた古代ギリシャの医学者で、「医学の父」ともいわれるのは誰でしょう？,ヒポクラテス
2012,ノーマル,小説『D坂の殺人事件』で初登場した、江戸川乱歩が生み出した名探偵は誰でしょう？,明智小五郎(あけちこごろう)
2012,ノーマル,高知県のよさこい全国大会の特別賞にも名を冠している、昭和 34年にヒットした『南国土佐を後にして』で知られる歌手は誰でしょう？,ペギー葉山(ぺぎーはやま)
2012,ノーマル,モータースポーツの「D-1グランプリ」といえば、どんなドライビンクテクニックを競う大会でしょう？,ドリフト
2012,ノーマル,ドイツ語で「まがいもの」という意味がある、異様で毒々しく見えるものに認められる美的価値のことを何というでしょう？,キッチュ
2012,ノーマル,第4代正統カリフ・アリーの子孫のみを指導者として認める、イスラム教の二大勢力の1つは何派でしょう？,シーア派(しーあは)
2012,ノーマル,英語では「ポタシウム」という、原子番号 19、元素記号 Kの元素は何でしょう？,カリウム
2012,ノーマル,小型のナイフとスクリューが一体になっている道具のことを、ある職業の人がよく使うことから「何ナイフ」というでしょう？,ソムリエナイフ
2012,ノーマル,漢字では「やまいだれに志」などと表される、打撲などの原因で皮膚が赤色や紫色に変色した部分を何というでしょう？,あざ
2012,ノーマル,1903年の第1回ではモリス・ガランが優勝した、/毎年7月に約3週間にわたって行われる自転車のロードレースは何でしょう？,ツール・ド・フランス
2012,ノーマル,脂肪分の多さから「森のバター」/と呼ばれるクスノキ科の果物は何でしょう？,アボカド
2012,ノーマル,「音楽の父」と呼ばれる作曲家はバッハですが、「交響曲の父」と呼ばれる作曲家は誰でしょう？,フランツ・ヨーゼフ・ハイドン
2012,ノーマル,友人の妻・三千代への恋愛感情に悩む主人公・長井代助(ながい・だいすけ)の姿を描いた、夏目漱石の小説は何でしょう？,『それから』
2012,ノーマル,無声映画が上映されていたころに映画館に多く在籍していた、映画にあわせてストーリーを語りで表現した人を何というでしょう？,活動弁士【活弁士、弁士、活弁】(かつどうべんし【かつべんさむらい、べんし、かつべん】)
2012,ノーマル,前面のタッチスクリーンに加え、裏面にもタッチバッドが配置されている、昨年 12月にソニー・コンピュータエンタテインメントが発売した携帯ゲーム機は何でしょう？,PlayStation Vita(プレイステーション・ヴィータ)
2012,ノーマル,現在日本で 39と最も市の数が多い都道府県はどこでしょう？,埼玉(さいたま)
2012,ノーマル,昭和 35年には、京都大学法学部の学生がその右手薬指を折る事件を起こしている、京都の広隆寺にある、国宝第1号の仏像は何でしょう？,弥勒菩薩像(みろくぼさつぞう)
2012,ノーマル,1950年代にデンマークで初めて提唱された、障害者と健常者が分け隔てなく普通に共存できる社会を目指す運動を何というでしょう？,ノーマライゼーション
2012,ノーマル,息子には「きんぴらごぼう」の名前の由来となった金平(きんぴら)がいる、昔話『金太郎』のモデルとなった平安時代の武士は誰でしょう？,坂田金時(さかたのきんとき)
2012,ノーマル,商品単価を表したり、メールアドレスの区切りに使われたりする記号は何でしょう？,@(アットマーク)
2012,ノーマル,プロレスでよく用いられる頭突き攻撃のことを、英語で何というでしょう？,ヘッドバット
2012,ノーマル,ジャーマン・シェパードの「チャンピイ」が日本で誕生した第1号である、視覚障害者の生活を助ける犬を何というでしょう？,盲導犬(もうどうけん)
2012,ノーマル,しし座の、アルファ星はレグルスですが、ベータ星は何でしょう？,デネボラ
2012,ノーマル,ドイツの小学校教師リヒャルト･シルマンによって提唱された、青少年に安く安全な宿泊場所を提供することを目的に世界中に設けられている施設を何というでしょう？,ユースホステル
2012,ノーマル,昨年8月 24日にアップル社の CEOを退任し、10月5日にこの世を去った企業家は誰でしょう？,スティーブ・ジョブズ
2012,ノーマル,妻の八重は 2013年の NHK大河ドラマの主人公である、同志社英学校の創立者である政治家は誰でしょう？,新島襄(にいじま・じょう)
2012,ノーマル,人間が眠っている時の行為で、寝息は「立てる」といいますが、寝返りはどうするというでしょう？,打つ(うつ)
2012,ノーマル,冬のスポーツで、スキーは雪の上を滑りますが、スケートはふつう何の上を滑るでしょう？,氷(こおり)
2012,ノーマル,子供向けの作品を書く際には「ポール・フレンチ」というペンネームを用いていた、『ファウンデーション』シリーズや『われはロボット』などで知られるアメリカの SF作家は誰でしょう？,アイザック・アシモフ
2012,ノーマル,漫画家・水島新司が生み出したキャラクターの銅像が建ち並ぶ、「水島新司漫画ストリート」がある都市はどこでしょう？,新潟(にいがた)
2012,ノーマル,十干と十二支の組み合わせである干支(えと)は、何年で一回りするでしょう？,60年(60ねん)
2012,ノーマル,常にタンタルと共に産出するため、ギリシャ神話のタンタロスの娘にちなんで名付けられた、原子番号 41、元素記号Nbの元素は何でしょう？,ニオブ
2012,ノーマル,防衛大学校では毎週月曜日に、海上自衛隊では毎週金曜日に食べることになっている料理は何でしょう？,カレー
2012,ノーマル,スノーボードで、「グーフィースタンス」といえば、どちらの足を前にしたスタンスでしょう？,右足(みぎあし)
2012,ノーマル,歴代アメリカ大統領のなかで、暗殺によって命を失ったのは、リンカーン、ガーフィールド、マッキンリーと誰でしょう？,ジョン・F・ケネディ
2012,ノーマル,その構成成分によって「アルファ」「ベータ」「カッパー」の3種類に分けられる、牛乳に多く含まれるたんぱく質は何でしょう？,カゼイン
2012,ノーマル,メンバー全員が歯科医師免許を取得している、『愛唄(あいうた)』『キセキ』『遥か』などの曲で知られる音楽グループは何でしょう？,GReeeeN(グリーン)
2012,ノーマル,森鴎外の小説『山椒大夫(さんしょうだゆう)』で、山椒大夫父子に虐げられる主人公の姉と弟は誰と誰でしょう？,安寿(あんじゅ)と厨子王(ずしおう)(あんじゅ(あんじゅ)とずしおう(ずしおう))
2012,ノーマル,ポルトガル語で「ハンドル」/という意味の、サッカーで、守備的なミッドフィルダーを指す言葉は何でしょう？,ボランチ
2012,ノーマル,ベルヌーイの定理を応用して流体速度を測定する装置を、1728年に考案したフランスの物理学者の名をとって「何管」というでしょう？,ピトー管(ぴとーかん)
2012,ノーマル,その名前は「Smart Urban Going Card」を略したものである、2009年から JR九州が導入した ICカード乗車券は何でしょう？,SUGOCA(スゴカ)
2012,ノーマル,1桁の、「奇数」を全て足すと 25ですが、「偶数」を全て足すといくつになるでしょう？,20
2012,ノーマル,本名をアーサー・ウェルズリー/という、ワーテルローの戦いでナポレオンを打ち破ったことで知られる人物は誰でしょう？,ウェリントン公(ウェリントン)
2012,ノーマル,物事の最初に戻ってしまうことを、双六の用語にたとえて「何に戻る」というでしょう？,振り出し(ふりだし)
2012,ノーマル,現在、卓球の1ゲームは何点先取で行われているでしょう？,11点(11てん)
2012,ノーマル,火曜日と金曜日の週2回行われる、内閣がその職権を行うにあたり、意思を決定する会議のことを何というでしょう？,定例閣議(ていれいかくぎ)
2012,ノーマル,ケッペンの気候区分では地中海性気候、元素記号ではセシウムを表すアルファベット2文字は何でしょう？,Cs
2012,ノーマル,アメリカのギタリスト、マディ・ウォーターズの曲から命名された、ミック・ジャガー率いるイギリスのロックバンドは何でしょう？,ローリング・ストーンズ
2012,ノーマル,昨年 10月 24日に亡くなった、『楡家(にれけ)の人びと』や『どくとるマンボウ』シリーズで知られる作家は誰でしょう？,北杜夫(きた・もりお)
2012,ノーマル,かつて「モストデンジャラスコンビ」というコンビを結成していた、格闘技やアニメなどのマニアックな芸で知られるピン芸人は誰でしょう？,ケンドーコバヤシ
2012,ノーマル,正式な曲名を『青山ほとり』という東京農業大学の応援歌を、歌う時に応援団が両手に持つ野菜から一般に何というでしょう？,大根踊り(だいこんおどり)
2012,ノーマル,初代大統領はトシオ・ナカヤマ、現職の大統領は日系4世であるマニー・モリが務めている、首都をパリキールに置く国はどこでしょう？,ミクロネシア連邦(みくろねしあれんぽう)
2012,ノーマル,東京オリンピックでは重量挙げの会場として使われた、昨年9月までは「渋谷 C.C.レモンホール」という名であった多目的ホールは何でしょう？,渋谷公会堂(しぶやこうかいどう)
2012,ノーマル,ヒアデス星団、プレアデス星団といえば、何という星座にある星団でしょう？,おうし座(おうしざ)
2012,ノーマル,1809年からオーストリアの外務大臣や首相を歴任し、1814年に開かれたウィーン会議では議長も務めた政治家は誰でしょう？,クレメンス・メッテルニヒ
2012,ノーマル,ナイト、ライト、サービスの前に共通してつく英単語は何でしょう？,キャンドル
2012,ノーマル,少しでも重量を減らすため小柄な人が務めることが多い、ボート競技のエイトにおいて舵取りとして乗り込む選手のことを何というでしょう？,コックス
2012,ノーマル,現在、センター試験の外国語教科は、いくつの言語から選択できるでしょう？,5つ
2012,ノーマル,活躍中のアデル、今は亡きエイミー・ワインハウスといえば、どこの国のシンガーソングライターでしょう？,イギリス
2012,ノーマル,計算の答えが正しいかどうか確かめるために計算しなおすことを何というでしょう？,検算(けんざん)
2012,ノーマル,「おしたじ」「むらさき」という別名をもつ調味料といえば何でしょう？,醤油(しょうゆ)
2012,ノーマル,ショパンの『練習曲作品 10の第5番』は、右手の主旋律の演奏から通称何と呼ばれているでしょう？,『黒鍵(こっけん)のエチュード』【『黒鍵』】(『こっけん(こっけん)のえちゅーど』【『こっけん』】)
2012,ノーマル,『一生感動一生青春』『おかげさん』『にんげんだもの』などの詩集の著者として知られる詩人は誰でしょう？,相田みつを(あいだみつを)
2012,ノーマル,山田耕筰作詞の唱歌『赤とんぼ』の歌詞で、「小かごに摘んだ」と唄われているのは何の実でしょう？,クワの実(くわのみ)
2012,ノーマル,アメリカのプロスポーツリーグで、「MLB」は野球ですが、「MLS」はどんなスポーツのリーグでしょう？,サッカー
2012,ノーマル,アペニン山脈、アルプス山脈、カルパティア山脈、ピレネー山脈と名付けられた山地がある、地球の衛星は何でしょう？,月(がつ)
2012,ノーマル,その住所は「ワシントン D.C.ペンシルバニア通り 1600番地」である、アメリカの大統領官邸は何でしょう？,ホワイトハウス
2012,ノーマル,ホテルなどで、観光案内やチケットの手配などをしてくれる接客係のことを「門番」という意味のフランス語で何というでしょう？,コンシェルジュ
2012,ノーマル,英語では「サイド・エフェクト」という、薬の服用に伴う治療効果以外の好ましくない作用を何というでしょう？,副作用(ふくさよう)
2012,ノーマル,今年2月1日発行の3月号を持って休刊となり 12年の歴史に幕を下ろした、徳間書店発行のティーンファッション雑誌は何でしょう？,「ラブベリー」
2012,ノーマル,営利目的で敵味方を問わず兵器を販売し富を築いた人物や組織のことをさげずんで俗に「何の商人」というでしょう？,死の商人(しのしょうにん)
2012,ノーマル,野球で、野手がゴロを股の間から後逸する凡プレーのことを、一般に何というでしょう？,トンネル
2012,ノーマル,1857年にフレデリック・ロー・オルムステッドとカルヴァート・ヴォークスによって設計された、ニューヨークのマンハッタンにある都市公園といえばどこでしょう？,セントラル・パーク
2012,ノーマル,「織姫星」と呼ばれるベガはこと座にありますが、「彦星」と呼ばれるアルタイルは何座にあるでしょう？,わし座(わしざ)
2012,ノーマル,アメリカ名誉市民に選ばれた最初の人物であり、著書『第二次世界大戦回顧録』でも知られるイギリスの元首相は誰でしょう？,ウィンストン・チャーチル
2012,ノーマル,物質の原子核を構成する2つの要素とは、陽子と何でしょう？,中性子(ちゅうせいし)
2012,ノーマル,出世できない人は「筍」、人目に付かず他人を支える人は「力持ち」といえば、共通して前に付く言葉は何でしょう？,縁の下の(えんのしたの)
2012,ノーマル,ローマ神話のユピテルにあたる、ギリシャ神話において、オリンポス十二神の王として崇められる最高神は誰でしょう？,ゼウス
2012,ノーマル,小説『銀の匙』を書いたのは中勘助(なか・かんすけ)ですが、漫画『銀の匙』を「週刊少年サンデー」で連載中の漫画家は誰でしょう？,荒川弘(あらかわ・ひろむ)
2012,ノーマル,お酒のおつまみになる食べ物の総称で、スルメや裂きイカは「乾き物」と呼びますが、チクワやカマボコは「何物」と呼ぶでしょう？,練り物(ねりもの)
2012,ノーマル,普通、人間の乳歯は全部で何本あるでしょう？,20本(20ほん)
2012,ノーマル,昭和初期の流行語「モボ・モガ」の「モ」とは、何という言葉の略でしょう？,モダン
2012,ノーマル,昨年、石井宏樹が日本人4人目となるラジャダムナン・スタジアム王座を獲得した、タイの国技である格闘技は何でしょう？,ムエタイ
2012,ノーマル,教師が期待することによって学習者の成績が向上/する効果を、古代ギリシャ・キプロス島の王の名前を取って「何効果」というでしょう？,ピグマリオン効果(ピグマリオン)
2012,ノーマル,森山未來(もりやま・みらい)主演で映画化される、第 144回芥川賞を受賞した西村賢太(にしむら・けんた)の小説は何でしょう？,『苦役列車(くえきれっしゃ)』(『くえきれっしゃ(くえきれっしゃ)』)
2012,ノーマル,囲碁で、あと一手で相手の石を取ることができる状態のことを何というでしょう？,アタリ
2012,ノーマル,音楽で、「円舞曲(えんぶきょく)」といえばワルツですが、「輪舞曲(りんぶきょく)」といえば何でしょう？,ロンド
2012,ノーマル,瀬戸内海に浮かぶ女木島(めぎじま)がそれに当たるという、童話『桃太郎』で桃太郎が鬼を退治しに行った島はどこでしょう？,鬼ヶ島(おにゖしま)
2012,ノーマル,誘拐事件や立てこもり事件の人質が犯人に好意的な感情を抱くことを、1973年に典型的な事例が発生した都市の名から、「何症候群」というでしょう？,ストックホルム症候群(すとっくほるむしょうこうぐん)
2012,ノーマル,サッカー選手の鮫島(さめしま)、フリーアナウンサーの高島、女優の上戸に共通する名字は何でしょう？,彩(あや)
2012,ノーマル,大相撲で、勝敗の結果を示した一覧表のことを何というでしょう？,星取表(ほしとりひょう)
2012,ノーマル,「インドの庭園都市」や「インドのシリコンバレー」などと呼ばれるインド・カルナータカ州の州都はどこでしょう？,バンガロール
2012,ノーマル,フランス語で「下書き」という意味がある、対象を素早く描き上げるデッサンを何というでしょう？,クロッキー
2012,ノーマル,証書などの重要な文書の欄外に、訂正を予期して念のために押す印のことを一般に何というでしょう？,捨印(すていん)
2012,ノーマル,ドミニカ共和国では国の花となっている、高級家具に用いられるセンダン科の植物は何でしょう？,マホガニー
2012,ノーマル,アジア初のオリンピックの開催地は東京でしたが、アジア初の万国博覧会の開催地はどこの都市だったでしょう？,大阪(おおさか)
2012,ノーマル,「井の中の蛙」と同じ意味の諺で、「天水桶の何」というでしょう？,ボウフラ
2012,ノーマル,現在は年寄・浅香山(あさかやま)を襲名している、大相撲で史上最多の通算 1047勝の記録を残し、昨年引退した力士は誰でしょう？,魁皇博之(かいおう・ひろゆき)【四股名の「魁皇」のみで○】(かいおうひろゆき(かいおう・ひろゆき)【しこなの「かいおう」のみで○】)
2012,ノーマル,スーダンの首都はハルツームですが、南スーダンの首都はどこでしょう？,ジュバ
2012,ノーマル,英語で「乗合馬車」という意味がある、映画やドラマなどでいくつかの作品をひとまとめにしたものを何というでしょう？,オムニバス
2012,ノーマル,家計の消費支出における食料費の占める割合のことを、ドイツの統計学者の名前を使って「何係数」というでしょう？,エンゲル係数(えんげるけいすう)
2012,ノーマル,玉露の産地で、「岡部」があるのは静岡県ですが、「八女(やめ)」があるのは何県でしょう？,福岡(ふくおか)
2012,ノーマル,英語で「補うもの」という意味がある、栄養成分の補給をするために飲む錠剤やカプセルのことを何というでしょう？,サプリメント
2012,ノーマル,昨年 12月の金正日(キム・ジョンイル)の死に伴い、朝鮮民主主義人民共和国の最高指導者に就任したのは誰でしょう？,金正恩(キム・ジョンウン)
2012,ノーマル,映画『アンナ・カレーニナ』『ニノチカ』などに主演した女優で、歌手の松任谷由実が作詞をする時に使う名前の由来となったのは誰でしょう？,グレタ・ガルボ
2012,ノーマル,野球の盗塁の中でも、二人の走者が同時に盗塁することを何というでしょう？,ダブルスチール【重盗】(だぶるすちーる【じゅうとう】)
2012,ノーマル,フランス語で「思想」という意味のタイトルがつけられた、「人間は考える葦である」という有名な記述があるパスカルの著書は何でしょう？,『パンセ』
2012,ノーマル,1854年に旅行用鞄の専門店としてパリに開店した、「LV」のモノグラムで世界的に有名なファッションブランドは何でしょう？,ルイ・ヴィトン
2012,ノーマル,ラテン語で「鍵のかかった」という意味がある、ローマ・カトリック教会において、教皇を決めるために行われる選挙のことを何というでしょう？,コンクラーヴェ
2012,ノーマル,物体が円運動をするとき、円の外側に働く力を遠心力というのに対し、円の内側に働く力のことを何というでしょう？,向心力【求心力】(こうしんりょく【きゅうしんりょく】)
2012,ノーマル,日本のジャンボ宝くじにおいて、「ユニット」とは何枚を1とする単位でしょう？,1000万枚(10000000)
2012,ノーマル,「油」という漢字のさんずいを木偏に変えると、何という植物を表す漢字になるでしょう？,柚(ゆず)
2012,ノーマル,ボウリングのレーン上に描かれている、投球の目安となる印のことを何というでしょう？,スパット
2012,ノーマル,ラテン語で「手」と「打つ」という単語を合わせたものを語源とする、政党や立候補者の公約を記した文書のことを何というでしょう？,マニフェスト
2012,ノーマル,ある魚の取れる時期に発生することから名がついた、刺された時の強い痛みから「電気クラゲ」とも呼ばれるクラゲの種類は何でしょう？,カツオノエボシ
2012,ノーマル,スタジオジブリのアニメ映画で、『ゲド戦記』『コクリコ坂から』の監督は誰でしょう？,宮﨑吾朗(みやざき・ごろう)
2012,ノーマル,「富士の頂角、広重の富士は八十五度、文晁(ぶんちょう)の富士も八十四度くらゐ、」という書き出しで始まる、太宰治の小説は何でしょう？,『富嶽百景(ふがくひゃっけい)』(『とみたけひゃっけい(ふがくひゃっけい)』)
2012,ノーマル,松平健、大島美幸、森田健作、イチローら有名人の本名に共通する苗字は何でしょう？,鈴木(すずき)
2012,ノーマル,近代五種競技に必ず登場する動物は、人間と何でしょう？,馬(うま)
2012,ノーマル,沖縄県北部にのみ生息するキツツキの一種で、沖縄の県の鳥に指定されているのは何でしょう？,ノグチゲラ
2012,ノーマル,背広の語源になったサビル・ロウや、リーゼントの語源になったリーゼント通りがある都市はどこでしょう？,ロンドン
2012,ノーマル,江崎グリコが 11月 11日を記念日と定めている2つのお菓子は何と何でしょう？,ポッキーとプリッツ
2012,ノーマル,地球の表面の約7割を占める、塩水が満ちた部分を何というでしょう？,海(うみ)
2012,ノーマル,処刑後、首は京都まで運ばれたうえで晒された、幕末に新撰組の局長を務めた人物は誰でしょう？,近藤勇(こんどう・いさみ)
2012,ノーマル,ドイツ語の三人称で使われる3種類の性別とは、男性、女性と何でしょう？,中性(ちゅうせい)
2012,ノーマル,サッカーの反則のひとつ「ハンド」とは、何という言葉を略したものでしょう？,ハンドリング
2012,ノーマル,夏目漱石の小説『坊っちゃん』にも登場する、愛媛県松山市にある温泉は何温泉でしょう？,道後温泉(どうごおんせん)
2012,ノーマル,量子力学の基本となる方程式や猫を使った思考実験に名前を残す、オーストリアの物理学者は誰でしょう？,エルウィン・シュレディンガー
2012,ノーマル,ドーム型、ロッジ型、Aフレーム型などの種類がある、登山やキャンプで野営するときに用いる道具は何でしょう？,テント
2012,ノーマル,掛け算の答えを「積」というのに対し、割り算の答えは何というでしょう？,商(しょう)
2012,ノーマル,古代律令制度のもとで、沿岸の防備の/ために九州に派遣された兵士を何というでしょう？,防人(さきもり)
2012,ノーマル,中国では写真撮影の際の掛け声に「チェーズ」ということがありますが、これはどんな食べ物のことでしょう？,ナス
2012,ノーマル,おとめ座にある銀河の名前にも使われている、高い頭頂部と広いつばが特徴的な南米の帽子は何でしょう？,ソンブレロ
2012,ノーマル,アフリカの原住民カフィール族が戦いの前に飲んだ強いお酒「ドープ」に由来する、スポーツで禁止薬物を使用することを指す言葉は何でしょう？,ドーピング
2012,ノーマル,ジャニーズ事務所のアイドルグループで、Kis-My-Ft2(キスマイフットツー)は7人組ですが、Sexy Zone(セクシーゾーン)は何人組でしょう？,5人組(5にんぐみ)
2012,ノーマル,「1ドル 87セント。それで全部。しかもそのうち 60セントは小銭でした。」という書き出しで始まる、O・ヘンリーの小説は何でしょう？,『賢者の贈り物』(『けんじゃのおくりもの』)
2012,ノーマル,教会の窓などに使われる、着色したガラスを組み合わせて絵や模様を表現したものを何というでしょう？,ステンドグラス
2012,ノーマル,日本における父の日、母の日、こどもの日のうち、一年で最も早く来るのはどれでしょう？,こどもの日(こどものにち)
2012,ノーマル,分子式 C5H12O5で表される、白樺の樹液などから作られ、虫歯予防に効果があるとされる天然甘味料は何でしょう？,キシリトール
2012,ノーマル,高速道路の料金所で、一般の出入口は緑色で示されますが、ETC専用の出入口は何色で示されるでしょう？,紫(むらさき)
2012,ノーマル,冬のオリンピックの種目であるボブスレー、リュージュ、スケルトンのうち、タイムが1000分の1秒まで計測されるのはどれでしょう？,リュージュ
2012,ノーマル,選挙で、支持する候補者や政党が一定してない人たちの票のことを特に何というでしょう？,浮動票(ふどうひょう)
2012,ノーマル,LED電球や LED照明の「LED」とは、何という言葉の略でしょう？,Light Emitting Diode(ライト・エミッティング・ダイオード)
2012,ノーマル,日光や久能山(くのうざん)にあるものが有名な、徳川家康を祀った神社を総称して何というでしょう？,東照宮(とうしょうぐう)
2012,ノーマル,チェコ最大の川が題材となっている、スメタナの交響詩『わが祖国』の第2曲の題名は何でしょう？,『モルダウ』
2012,ノーマル,19世紀のイギリスで活躍した小説家で、『クリスマス・キャロル』『二都物語』などの作品で知られるのは誰でしょう？,チャールズ・ディケンズ
2012,ノーマル,ドラマの主人公で、石崎秋子(いしざき・あきこ)、三田灯(みた・あかり)といえば共通する職業は何でしょう？,家政婦(かせいふ)
2012,ノーマル,サッカーやバスケットボールなどの球技で、ボールを味方の選手に送ることを何というでしょう？,パス
2012,ノーマル,最高峰は標高 231mの宇良部岳(うらぶだけ)である、八重山諸島にある日本最西端の島はどこでしょう？,与那国島(よなぐにじま)
2012,ノーマル,一般に「音の3要素」と呼ばれるものは、「音程」「音量」と何でしょう？,音色(ねいろ)
2012,ノーマル,茶道で、茶室に付随して作られた庭園のことを何というでしょう？,露地(ろじ)
2012,ノーマル,数学で、数直線上においてその数が原点からどれだけの距離かを表している値を何というでしょう？,絶対値(ぜったいち)
2012,ノーマル,山口県長門市には安史の乱を逃れて亡命してきたという説に基づいて彼女の墓がある、玄宗皇帝に寵愛された傾国の美女は誰でしょう？,楊貴妃(ようきひ)
2012,ノーマル,今年1月に発表された FIFA年間最優秀女子選手賞をアジア人として初めて受賞した、日本の女子サッカー選手は誰でしょう？,澤穂希(さわ・ほまれ)
2012,ノーマル,小学校1年生で習う漢字 80字のうち、最も画数が多いものは何でしょう？,森(もり)
2012,ノーマル,日本国憲法第 45条によって規定されている、衆議院議員の任期は何年でしょう？,4年(4ねん)
2012,ノーマル,南米のアンデス地方で家畜として飼われるリャマとアルパカは、ともに何科の動物でしょう？,ラクダ科(らくだか)
2012,ノーマル,輸出用のものは赤いワックスがかけられているため「赤玉」という別名でも知られる、オランダ北部を原産地とするチーズは何でしょう？,エダムチーズ
2012,ノーマル,童謡『虫の声』で最初に登場し、「ちんちろちんちろちんちろりん」と鳴く虫は何でしょう？,マツムシ
2012,ノーマル,作者の父親・正樹がそのモデルとされている、島崎藤村の小説『夜明け前』の主人公は誰でしょう？,青山半蔵(あおやま・はんぞう)
2012,ノーマル,1939年にジュディ・ガーランドが歌ってアカデミー歌曲賞を受賞した、ヴィクター・フレミング監督の映画『オズの魔法使』の劇中歌といえば何でしょう？,『 Over the Rainbow』【『虹の彼方に』】(『 Over the Rainbow』【『にじのかなたに』】)
2012,ノーマル,都道府県庁所在地の市で、名前に「都(みやこ)」という漢字が付くのは京都市と何市でしょう？,宇都宮(うつのみや)
2012,ノーマル,羊毛刈り職人の履いていた不格好なブーツがその起源である、ハリウッドセレブの間で人気のオーストラリアのムートンブーツは何でしょう？,UGG(アグ)
2012,ノーマル,ドイツにあるミュンヘン国際空港とは姉妹空港提携を結んでいる、東海地方にある唯一の国際空港は何でしょう？,中部国際空港【セントレア】(ちゅうぶこくさいくうこう【せんとれあ】)
2012,ノーマル,土地の起伏を表わすために地図の上に引かれる、標高の同じ地点を結んだ線を何というでしょう？,等高線(とうこうせん)
2012,ノーマル,古代ギリシャの哲学者・ソクラテスを悩ませた、/悪妻として有名な彼の妻は誰でしょう？,クサンティッペ
2012,ノーマル,料理やカクテルの作り方やそれを記したもののことを、「処方箋」という意味の言葉から何というでしょう？,レシピ
2012,ノーマル,2ケタの素数で、最も小さいのは 11ですが、最も大きいのはいくつでしょう？,97
2012,ノーマル,魚や肉などのブイヨンに野菜などを加えて味をつけた澄ましスープを、｢完成された」という意味のフランス語で何というでしょう？,コンソメ
2012,ノーマル,「ハァ～、踊り踊るなら」の歌いだしも有名な、東京ヤクルトスワローズの応援歌としても知られる盆踊り歌は何でしょう？,『東京音頭』(『とうきょうおんど』)
2012,ノーマル,通常ひとつの俳句につきひとつ詠み込むことが原則である、特定の季節を表すと定められている言葉のことを何というでしょう？,季語(きご)
2012,ノーマル,『五木の子守歌』『田原坂(たばるざか)』『おてもやん』といえば何県の民謡でしょう？,熊本(くまもと)
2012,ノーマル,英語では「キックボード」などと呼ばれる、水泳の初心者がバタ足の練習をする時に使う軽い板のことを、一般に何というでしょう？,ビート板(びーといた)
2012,ノーマル,植物で、根から吸い上げた水の通り道を「道管」といいますが、光合成で作られた養分の通り道を何というでしょう？,師管(しかん)
2012,ノーマル,14世紀のイタリアで始まりヨーロッパに広まった、ギリシャやローマの古典文化を復興し人間性の解放を主張した文化運動をフランス語で何というでしょう？,ルネサンス
2012,ノーマル,どんな人間でも身なりを整えれば立派に見えることを「何にも衣装」というでしょう？,馬子(まご)
2012,ノーマル,ロジャー・クレメンスの7回が最多受賞記録である、アメリカメジャーリーグで、シーズンの最優秀投手に贈られる賞は何でしょう？,サイ・ヤング賞(さい・やんぐしょう)
2012,ノーマル,特に石油タンカーの通過が多く海上交通の要衝となっている、ペルシャ湾とオマーン湾を結ぶ海峡は何海峡でしょう？,ホルムズ海峡(ほるむずかいきょう)
2012,ノーマル,フランス語で「人の目を欺く」という意味がある、実際には存在しない扉や窓、人物などを存在するように見せかけて作られた作品を何というでしょう？,トロンプ・ルイユ
2012,ノーマル,同時期に発見された天王星にちなんで名づけられた、天然に存在するものとしては最も重い元素は何でしょう？,ウラン
2012,ノーマル,トルストイの小説『セヴァストポリ物語』の題材となったことや、看護師ナイチンゲールの活躍でも知られる戦争は何でしょう？,クリミア戦争(くりみあせんそう)
2012,ノーマル,「雄飛(ゆうひ)」の対義語にあたる、他人に屈伏して従うことや、実力を養いながら活躍の機会をじっと待つことを意味する言葉は何でしょう？,雌伏(しふく)
2012,ノーマル,3人の息子はいずれもプロサッカー選手となっている、かつて大洋ホエールズの「スーパーカートリオ」の一人として一時代を築いた、プロ野球選手は誰でしょう？,高木豊(たかぎ・ゆたか)
2012,ノーマル,その大きさは、長さ 300キュビト、幅 50キュビト、高さ 30キュビトであったという、『旧約聖書』の「創世記」に登場する大洪水を逃れるために造られた大きな船は何でしょう？,ノアの方舟(のあのはこぶね)
2012,ノーマル,朝鮮半島女性の民族衣装「チマ」と「チョゴリ」のうち、スカートはどっちでしょう？,チマ
2012,ノーマル,「一生に一度きりの出会い」という意味の、茶道に由来する漢字四文字のことわざは何でしょう？,一期一会(いちごいちえ)
2012,ノーマル,人間の前腕にある2本の骨のうち、親指側のものを橈骨(とうこつ)というのに対し、小指側のものを何というでしょう？,尺骨(しゃっこつ)
2012,ノーマル,撹拌(かくはん)式、パルセータ式、ドラム式といえばどんな家電製品の形式でしょう？,洗濯機(せんたくき)
2012,ノーマル,日本で、いわゆる｢経済三団体」と言われる3つの団体は、日本経団連、日本商工会議所と何でしょう？,経済同友会(けいざいどうゆうかい)
2012,ノーマル,昨日、実写映画版が公開された、主人公・藤岡ハルヒがとある部活動に巻き込まれる姿を描く、葉鳥(はとり)ビスコの漫画は何でしょう？,『桜蘭高校ホスト部(おうらんこうこうほすとくらぶ)』(『おうらんこうこうほすとぶ(おうらんこうこうほすとくらぶ)』)
2012,ノーマル,アマチュアレスリングのルールを大きく2つに分けると、フリースタイルと何でしょう？,グレコローマンスタイル
2012,ノーマル,日本国憲法第54条の規定では、衆議院が解散されたときは、解散した日から何日以内に総選挙を行なわなければならないでしょう？,40日(40にち)
2012,ノーマル,UKと名乗る塾講師が運営している、「リスモくん死去」「4月から、17文字にツイッター」などの嘘ニュースで有名なサイトは何でしょう？,「虚構新聞」【「虚構新聞社」】(「きょこうしんぶん」【「きょこうしんぶんしゃ」】)
2012,ノーマル,アメリカの作家マーク・トウェインが著した、顔が似ているエドワードとトムがお互いの服を交換し入れ替わるという内容の児童文学作品は何でしょう？,『王子と乞食』(『おうじとこじき』)
2012,ノーマル,ボードゲームの定番である『人生ゲーム』において、一般的なルーレットは、1からいくつまであるでしょう？,10
2012,ノーマル,東日本大震災を受けてシングル『I love you & I need youふくしま』を発売した、福島県出身の4人から成る音楽ユニットは何でしょう？,猪苗代湖ズ(いなわしろこず)
2012,ノーマル,クラシックバレエで、軸足を立てて素早く一回転する基本動作のことを、フランス語で何というでしょう？,ピルエット
2012,ノーマル,相撲褌とも呼ばれる、相撲で、力士が腰に巻きつける分厚い布のことを何というでしょう？,まわし
2012,ノーマル,標高 6962mと、南米大陸で最も高い山は何でしょう？,アコンカグア
2012,ノーマル,単式、千鳥式、島式などの種類がある、列車に乗り降りするために線路に接して設けられた場所といえば何でしょう？,プラットホーム
2012,ノーマル,樹状突起、軸索(じくさく)、細胞体からなる、刺激を伝達する機能をもつ神経細胞を英語で何というでしょう？,ニューロン
2012,ノーマル,1949年、日本経済の自立と安定とのために実施された財政金融引き締め政策のことを、GHQの経済顧問を務めていた人物の名を取って何ラインというでしょう？,ドッジ・ライン
2012,ノーマル,国文学者の金子武雄が定義づけた、ことわざ「虻蜂取らず」で、罠にかかった2匹の虫を両どりしようとして2匹とも逃がすことになってしまった生き物は何でしょう？,蜘蛛(くも)
2012,ノーマル,深さ2メートル以上のプールで行われる、別名を「ウォーター・ポロ」という球技は何でしょう？,水球(すいきゅう)
2012,ノーマル,百年戦争の際には要塞として使用されたこともある、フランスのブルターニュ半島とコタンタン半島に挟まれた小島にある修道院は何でしょう？,モン・サン=ミシェル
2012,ノーマル,地球の大気の成分で、窒素、酸素に次いで3番目に多いのは何でしょう？,アルゴン
2012,ノーマル,発病すると皮膚が黒く見えることから、日本では「黒死病(こくしびょう)」と呼ばれた、中世ヨーロッパで大流行した伝染病は何でしょう？,ペスト
2012,ノーマル,彼が散策した琵琶湖疏水沿いの道は「哲学の道」と呼ばれている、著書『善の研究』で知られる哲学者は誰でしょう？,西田幾多郎(にしだ・きたろう)
2012,ノーマル,兄弟で活躍する俳優で、大和田伸也(おおわだ・しんや)の妻は五大路子(ごだい・みちこ)ですが、大和田獏(おおわだ・ばく)の妻は誰でしょう？,岡江久美子(おかえ・くみこ)
2012,ノーマル,野球で、野手がフライをキャッチすると同時に、走者が次の塁へ向けてスタートを切ることを何というでしょう？,タッグアップ【タッチアップ】
2012,ノーマル,金閣寺の正式名称は「鹿苑寺(ろくおんじ)」ですが、銀閣寺の正式名称は何というでしょう？,慈照寺(じしょうじ)
2012,ノーマル,カメラの撮影範囲やピントを確認するための覗き窓や画面のことを何というでしょう？,ファインダー
2012,ノーマル,著書に『正法眼蔵(しょうぼうげんぞう)』がある、日本で曹洞宗を開いた鎌倉時代の禅僧は誰でしょう？,道元(どうげん)
2012,ノーマル,ドイツの科学者クラウジウスが提唱した、物理学において、物体中における分子運動の無秩序さを表す量は何でしょう？,エントロピー
2012,ノーマル,ラッキョウをエサに釣ることでも知られる、お腹につまった卵が米粒のように見えることからその名がついたとされるマダコ科のタコは何でしょう？,イイダコ
2012,ノーマル,ずばり、日本銀行の出資金はいくらでしょう？,1億円(1おくえん)
2012,ノーマル,昨年12月 20日に急性肝不全で亡くなった、『家族ゲーム』『失楽園』『阿修羅のごとく』などの代表作がある映画監督は誰でしょう？,森田芳光(もりた・よしみつ)
2012,ノーマル,明治時代に横浜港から輸出されたため、海外では「ヨコハマ」と呼ばれる、天然記念物にも指定されている高知県原産の鳥は何でしょう？,オナガドリ
2012,ノーマル,英語では「Designated Hitter(ディジグネイテッド・ヒッター)」という、野球で、打席には入るが守備につかない選手を何というでしょう？,指名打者(しめいだしゃ)
2012,ノーマル,140gのミディアム缶と、40gのスモール缶がある、P&Gが発売しているひげのおじさんがトレードマークのポテトチップスは何でしょう？,プリングルズ
2012,ノーマル,「ブルグミュラー」「チェルニ―」「バイエル」といえば、どんな楽器の教則本でしょう？,ピアノ
2012,ノーマル,小倉百人一首のうち唯一外国で詠まれた歌、「天の原ふりさけみれば春日なる三笠の山にいでし月かも」の作者は誰でしょう？,阿倍仲麻呂(あべ・の・なかまろ)
2012,ノーマル,「コペン」「ミラ」「タント」「ムーヴコンテ」などの車を販売している、日本の自動車会社はどこでしょう？,ダイハツ工業(だいはつこうぎょう)
2012,ノーマル,日本の AMラジオの周波数は、現在では何キロヘルツごとの間隔と定められているでしょう？,9
2012,ノーマル,バレーボールのコートで、ネットから3mの位置に引かれているラインのことを何ラインというでしょう？,アタックライン
2012,ノーマル,2005年8月に代々木第一体育館で第1回が行われ、最近では名古屋など全国の主要都市でも行われている、「TGC」の略称でもお馴染みのファッションショーは何でしょう？,東京ガールズコレクション(TOKYO GIRLSCOLLECTION)
2012,ノーマル,「繰り返さないように」という意味をこめて、結婚式の祝儀袋や葬式の不祝儀袋に使われる、水引の結び方を何というでしょう？,結び切り【真結び】(むすびきり【まゆび】)
2012,ノーマル,アルファベット2文字で「DZ」と表されることもある、12を1とする単位といえば何でしょう？,ダース
2012,ノーマル,東京の人形町、和歌山の紀伊田辺駅前、石川県の安宅住吉(あたかすみよし)神社などに銅像がある、衣川(ころもがわ)の戦いでの立ち往生で知られる人物は誰でしょう？,武蔵坊弁慶(むさしぼうべんけい)
2012,ノーマル,詰め物を入れて天井から吊り下げて使う、パンチ力を鍛えるためのボクシングの練習用具を、和製英語で何というでしょう？,サンドバッグ
2012,ノーマル,アムール川の流れの影響を受けていたと考えられていたことからロシア語で「河口」という意味の名前が付けられた、日本海を流れる寒流は何でしょう？,リマン海流(りまんかいりゅう)
2012,ノーマル,電気抵抗、コイルのインダクタンス、コンデンサの電気容量と周波数に影響され複素数の形で表される、交流回路における電圧と電流の比のことを何というでしょう？,インピーダンス
2012,ノーマル,アメリカ合衆国の1ドル紙幣の肖像画に描かれている人物は誰でしょう？,ジョージ・ワシントン
2012,ノーマル,『日本鳥類目録』などの著書を残したイギリスの動物学者で、津軽海峡を横切る生物分布の境界線に名を残すのは誰でしょう？,トーマス・ブラキストン
2012,ノーマル,英語では「マルコ・ポーロブリッジ」と呼ばれる、日中戦争の発端となる軍事衝突の舞台となった北京郊外にある橋は何でしょう？,盧溝橋(ろこうきょう)
2012,ノーマル,英語のウイリアムに当たる男性の名前、ドイツ語ではウィルヘルムといいますが、フランス語では何というでしょう？,ギヨーム
2012,ノーマル,海やプールで泳ぐ時に着る服を一般に何というでしょう？,水着(みずぎ)
2012,ノーマル,高利貸しの老婆を殺した青年ラスコリーニコフを主人公とする、ロシアの作家ドストエフスキーの代表作は何でしょう？,『罪と罰』(『つみとばつ』)
2012,ノーマル,大山のぶ代、高橋和枝、富永みーなが歴代の声を演じてきている、アニメ『サザエさん』の登場人物は誰でしょう？,磯野カツオ【「カツオ」のみで○】(いそのかつお【「かつお」のみで○】)
2012,ノーマル,福岡県のお菓子屋「石村萬盛堂(いしむらまんせいどう)」が発案したと言われている、バレンタインデーのお返しが贈られる3月 14日の記念日といえば何でしょう？,ホワイトデー
2012,ノーマル,アクチニウムの元素記号は Acですが、プロトアクチニウムの元素記号は何でしょう？,Pa
2012,ノーマル,人によってはその年最後になることも多い、1年のうちで最初に神社やお寺に参拝することを何というでしょう？,初詣(はつもうで)
2012,ノーマル,1945年 12月に 29か国で創設された国際通貨基金のことを、アルファベット3文字で何というでしょう？,IMF
2012,ノーマル,今年のラグビー大学選手権で3連覇を達成した、関東大学ラグビー・対抗戦グループに所属する大学はどこでしょう？,帝京大学(ていきょうだいがく)
2012,ノーマル,中華人民共和国の行政機関で、日本の国会にあたるものといえば何でしょう？,全国人民代表大会【全人代】(ぜんこくじんみんだいひょうたいかい【ぜんじんだい】)
2012,ノーマル,近くにある3つのクレーターは「アームストロング」「オルドリン」「コリンズ」と命名された、1969年にアポロ 11号が着陸した月の地点を何というでしょう？,静かの海(しずかのうみ)
2012,ノーマル,将棋の王座戦と、囲碁の王座戦をともに主催している新聞社はどこでしょう？,日本経済新聞社(にほんけいざいしんぶんしゃ)
2012,ノーマル,昨年 10月には、通算公演回数 8000回の大台を突破した、国内のミュージカルの公演回数で最多を誇る、劇団四季のミュージカルは何でしょう？,『キャッツ』
2012,ノーマル,日本の国会で、少人数に分かれて開かれる委員会に対し、所属議員全員が出席して行う会議を何というでしょう？,本会議(ほんかいぎ)
2012,ノーマル,サッカーのプレイヤーは1チーム 11人ですが、フットサルのプレイヤーは1チーム何人でしょう？,5人(5にん)
2012,ノーマル,州都をジュノーに置く、アメリカ 50州で最も面積が大きい州はどこでしょう？,アラスカ州(あらすかしゅう)
2012,ノーマル,ボルタ電池で、プラス極に使われる金属は銅ですが、マイナス極に使われる金属は何でしょう？,亜鉛(あえん)
2012,ノーマル,マーケティング戦略における「4P」とは、プロダクト、プライス、プレースと何でしょう？,プロモーション
2012,ノーマル,昆虫の体の側面に並んでいる、空気を取り込むための穴のことを漢字2文字で何というでしょう？,気門(きもん)
2012,ノーマル,ユリウス暦を制定したのはユリウス・カエサルですが、グレゴリオ暦を制定したローマ教皇は誰でしょう？,グレゴリウス 13世(グレゴリウス13)
2012,ノーマル,力のない者が憤慨し、悔しがることを、カタクチイワシの幼名を使って「何の歯ぎしり」というでしょう？,ごまめ
2012,ノーマル,電気工学や電波工学において、波動や振動の周期の逆数で定義されるものといえば何でしょう？,周波数(しゅうはすう)
2012,ノーマル,野菜スティックやクラッカーなどにつける、クリーム状のソースのことを、「浸す」という意味の英語で何というでしょう？,ディップ
2012,ノーマル,スコットランド民謡『オールド・ラング・サイン』が原曲とである、主に卒業式で歌われる歌は何でしょう？,『蛍の光』(『ほたるのひかり』)
2012,ノーマル,『オズの魔法使い』で、かかしは脳みそ、ブリキ男は心臓が欲しいと願いましたが、ライオンが欲しいと願ったものは何でしょう？,勇気(ゆうき)
2012,ノーマル,娘はカメラマンの実花(みか)、父は演出家の幸雄(ゆきお)といえば、この親子の苗字は何でしょう？,蜷川(にながわ)
2012,ノーマル,剣道で用いる、竹で作られた刀のことを何というでしょう？,竹刀(しない)
2012,ノーマル,ヨーロッパ大陸を流れるドナウ川が注ぎ込むのは、何という海でしょう？,黒海(こっかい)
2012,ノーマル,ブラッグとともにキュビズムを創始した、『アビニョンの娘たち』『ゲルニカ』などの作品で有名なスペインの画家は誰でしょう？,パブロ・ピカソ
2012,ノーマル,日本では熊本市の子飼(こかい)交差点に登場したものが初めてである、歩行者が縦・横・斜めいずれにも横断できる交差点のことを何というでしょう？,スクランブル交差点(すくらんぶるこうさてん)
2012,ノーマル,現在は6号と7号が運用されている、天気予報でよく目にする雲の画像を撮影している、日本の気象衛星は何でしょう？,ひまわり
2012,ノーマル,自伝『翼よ、あれがパリの灯だ』で知られる、1927年に初めて大西洋単独無着陸飛行に成功したアメリカの飛行家は誰でしょう？,チャールズ・リンドバーグ
2012,ノーマル,玉や石などを切り磨いたことに由来する、互いに励まし合いながら競争していくことを示す四字熟語は何でしょう？,切磋琢磨(せっさたくま)
2012,ノーマル,木村庄之助と式守伊之助の2つの名跡がある、大相撲の行司の最高位を何と言うでしょう？,立行司(たてぎょうじ)
2012,ノーマル,経済連携協定の一つである「環太平洋戦略的経済連携協定」の事を、アルファベット3文字で何というでしょう？,TPP
2012,ノーマル,オカヒジキ、テンサイ、ホウレンソウといえば何科の植物でしょう？,アカザ科(あかざか)
2012,ノーマル,モーツァルトの『ピアノソナタ第 11番』やベートーヴェンの『アテネの廃墟』の中の作品に共通する、ある国の名前が付いた行進曲といえば何でしょう？,『トルコ行進曲』(トルコこうしんきょく)
2012,ノーマル,狂言の演目『附子(ぶす)』で、猛毒の附子とされた桶の中身の正体は何だったでしょう？,砂糖【黒砂糖】(さとう【くろざとう】)
2012,ノーマル,クリケットでは投手、ボウリングではプレーヤーをさす言葉は何でしょう？,ボウラー
2012,ノーマル,日本三大瀑布(ばくふ)に数えられる3つの滝は、茨城県にある袋田(ふくろだ)の滝、栃木県にある華厳(けごん)の滝と、和歌山県にある何の滝でしょう？,那智(なち)の滝(なち(なち)のたき)
2012,ノーマル,1990年には環境保護団体「シービジョン財団」を設立している、マリンアートの第一人者としておなじみのアメリカの画家は誰でしょう？,クリスチャン・ラッセン
2012,ノーマル,「自然に親しむとともにその恩恵に感謝し、豊かな心をはぐくむ」と定義されている日本の祝日は何でしょう？,みどりの日(みどりのにち)
2012,ノーマル,アサガオのつるは上から見た時、右巻き・左巻きのどちらでしょう？,左巻き(ひだりまき)
2012,ノーマル,足利氏の一門であった細川、斯波(しば)、畠山(はたけやま)の3つの家から代々任ぜられていた、室町幕府で将軍を補佐する役職は何でしょう？,管領(かんれい、かんりょう)
2012,ノーマル,「ばびぶべぼ」は濁音、「ぱぴぷぺぽ」は半濁音といいますが、「はひふへほ」のことは「何音」というでしょう？,清音(せいおん)
2012,ノーマル,毎年 11月に行われる全日本大学駅伝は、何区間で争われるでしょう？,8区間(8くかん)
2012,ノーマル,フジャイラ、ラアス・アル=ハイマ、ウンム・アル=カイワイン、アジュマーン、シャールジャ、ドバイ、アブダビの7つの首長国からなる連邦国家はどこでしょう？,アラブ首長国連邦【UAE】(あらぶしゅちょうこくれんぽう【UAE】)
2012,ノーマル,アトラス、プロメテウス、パンドラなどの衛星を持つ、太陽系の惑星は何でしょう？,土星(どせい)
2012,ノーマル,主に市販 DVDを収納するときになどに使われる、幅 13.6センチ、高さ 19センチのケースのことを特に何ケースというでしょう？,トールケース【アマレーケース】
2012,ノーマル,現在、スマートフォン OSのシェア1位を誇る、Google社が開発している OSは何でしょう？,Android(アンドロイド)
2012,ノーマル,幼少の頃には色白でおとなしい性格から「姫若子(ひめわこ)」と揶揄されていた、後に四国の覇者となった土佐の戦国大名は誰でしょう？,長宗我部元親(ちょうそかべ・もとちか)
2012,ノーマル,江戸時代には浴槽を備えた船のことを指した言葉で、現在では大きな浴槽そのものを指すようになったものは何でしょう？,湯船(ゆぶね)
2012,ノーマル,マラソンの給水で、選手自ら用意した飲み物のことを、主催者側が用意したゼネラルドリンクに対して何というでしょう？,スペシャルドリンク
2012,ノーマル,アマウロートゥムという首都をもつ、トマス･モアの作品に登場する架空の国で、現在では理想郷の代名詞となっているのはどこでしょう？,ユートピア
2012,ノーマル,「LaLa(ララ)」「花とゆめ」「ヤングアニマル」などの漫画雑誌を発行している出版社はどこでしょう？,白泉社(はくせんしゃ)
2012,ノーマル,フランス語では「プワソン・ダヴリル」、日本語では「万愚節(ばんぐせつ)」という、嘘をついても許されるという毎年4月1日の風習を英語で何というでしょう？,エイプリル・フール
2012,ノーマル,ウナギやアナゴの血液中に含まれるタンパク質性の神経毒のことを何というでしょう？,イクチオトキシン【イクチオヘモトキシン、イクシオトキシン】
2012,ノーマル,電気の供給が絶たれることを「停電」といいますが、水道の供給が絶たれることを漢字2文字で何というでしょう？,断水(だんすい)
2012,ノーマル,メキシコ、カナダ、アメリカ合衆国が加盟する「北米自由貿易協定」を、アルファベット5文字で何というでしょう？,NAFTA
2012,ノーマル,ボクシングで活躍する亀田三兄弟といえば、興毅(こうき)、大毅(だいき)と誰でしょう？,和毅(ともき)
2012,ノーマル,1808年にナポレオン・ボナパルトが導入した、フランスで大学入学資格を得るために行われる統一国家試験は何でしょう？,バカロレア
2012,ノーマル,パソコンと周辺機器の接続に用いられる「USB」は、何という言葉の略でしょう？,Universal Serial Bus(ユニバーサル・シリアル・バス)
2012,ノーマル,麻雀の平場で、親の役満上がりの際に得られる得点は何点でしょう？,48000点(48000てん)
2012,ノーマル,ラテン語で「保つ」という意味がある、男声合唱でいちばん高い音域のことを何というでしょう？,テノール
2012,ノーマル,「秋風の歌」「初恋」などの 51編の詩が収められた、島崎藤村の処女詩集は何でしょう？,『若菜集』(『わかなしゅう』)
2012,ノーマル,かつて一世を風靡した「花の中三トリオ」とは、森昌子、桜田淳子と誰でしょう？,山口百恵(やまぐちももえ)
2012,ノーマル,その名は「音の鳴らない鐘」という意味の英語に由来する、筋力トレーニングに用いる器具は何でしょう？,ダンベル
2012,ノーマル,昭和 62年に、当時の安田火災海上がおよそ 58億円で落札して話題となった、ある花を描いたゴッホの絵画は何でしょう？,『ひまわり』
2012,ノーマル,キリンのジェフリーをマスコットキャラクターとしている、大手おもちゃ販売チェーンは何でしょう？,トイザらス
2012,ノーマル,植物学者の三木茂が発見・命名した、和名を「アケボノスギ」という針葉樹は何でしょう？,メタセコイア
2012,ノーマル,世界四大文明のうち、唯一ユーラシア大陸以外で起こったのは何文明でしょう？,エジプト文明(えじぷとぶんめい)
2012,ノーマル,「チョベリバ」などがこれにあたる、以前は使われていたものの、現在ではほとんど使われなくなった言葉を特に何というでしょう？,死語(しご)
2012,ノーマル,相撲で、左右どちらの組み手でも相撲が取れることを「何四つ」というでしょう？,なまくら四つ(なまくらよつ)
2012,ノーマル,世界最大の透明度と最大水深を誇る、ロシア南東部にある湖は何でしょう？,バイカル湖(ばいかるみずうみ)
2012,ノーマル,今年の 10月5日でレコードデビュー50周年となる、『ヘルプ!』『レット・イット・ビー』などの曲で知られるロックバンドは何でしょう？,ザ・ビートルズ
2012,ノーマル,公転運動をする2つの天体の間に物体を置いた時に重力の安定する点のことを、提唱したフランスの数学者の名前から何というでしょう？,ラグランジュ・ポイント
2012,ノーマル,卵、小麦粉、パン粉のうち、トンカツを作るときに普通最初に肉につけるのはどれでしょう？,小麦粉(こむぎこ)
2012,ノーマル,血液中の酸素量が低下したときなどに発生する、皮膚や粘膜が青紫色になる状態を何というでしょう？,チアノーゼ【藍青症(らんせいしょう)】(ちあのーぜ【あいあおしょう(らんせいしょう)】)
2012,ノーマル,源頼朝の妻・政子の父である、鎌倉幕府の初代執権を務めた武将は誰でしょう？,北条時政(ほうじょうじせい)
2012,ノーマル,人気女性キャスターの山岸舞彩(やまぎし・まい)、皆藤愛子、小林麻央が所属している芸能事務所はどこでしょう？,セント・フォース
2012,ノーマル,陸上競技の三段跳びの、1歩目はホップ、2歩目はステップですが、3歩目は何というでしょう？,ジャンプ
2012,ノーマル,現在はカナダ人のジョン・ラルストン・ソウルが会長を務める、本部をロンドンに置く文芸家団体は何でしょう？,国際ペンクラブ(こくさいぺんくらぶ)
2012,ノーマル,化粧水や乳液といった肌を健康な状態に保つための化粧品のことを一般に何化粧品と言うでしょう？,基礎化粧品(きそけしょうひん)
2012,ノーマル,一般的に、近眼用のメガネに使われるレンズは、凸レンズ、凹レンズのどちらでしょう？,凹レンズ(おう)
2012,ノーマル,正式には「新人選手選択会議」という、プロ野球で、各球団が有力選手との交渉権を得るための会議を何というでしょう？,ドラフト会議(どらふとかいぎ)
2012,ノーマル,「ピンクリボン運動」といえば、どんな病気の早期発見のための活動でしょう？,乳癌(にゅうがん)
2012,ノーマル,株式市場で、午前の取引終了のことを前引けといいますが、一日の取引終了のことを何というでしょう？,大引け(おおびけ)
2012,ノーマル,漢字で「棒の網の球」と書く、カナダではアイスホッケーと共に国技とされている球技は何でしょう？,ラクロス
2012,ノーマル,断食を行うことで世間の注目を集め、主張を世に広めようとするストライキのことを特に何というでしょう？,ハンガーストライキ
2012,ノーマル,野菜を細かく立方体状に切ることを、何切りというでしょう？,さいの目切り(さいのめきりり)
2012,ノーマル,その社名は「絶対的な信頼」を意味する英語を略したものである、日本における音楽ヒットチャートの代名詞となっている会社はどこでしょう？,オリコン株式会社(おりこんかぶしきがいしゃ)
2012,ノーマル,ビカリア、三葉虫、アンモナイトなどのように、地層の地質年代を決める目安となる化石を何というでしょう？,示準(しじゅん)化石【標準化石】(しじゅん(しじゅん)かせき【ひょうじゅんかいし】)
2012,ノーマル,歌手ちあきなおみの日本レコード大賞受賞曲と、女優グレース・ケリーのアカデミー主演女優賞受賞作に共通するタイトルは何でしょう？,『喝采(かっさい)』(『かっさい(かっさい)』)
2012,ノーマル,釣りで、魚が1匹も釣れないことを俗に何というでしょう？,坊主(ボウズ)
2012,ノーマル,静岡県にある伊豆半島の、東側が面している海は相模湾ですが、西側が面している海は何湾でしょう？,駿河湾(するがわん)
2012,ノーマル,現在の日本の運転免許制度で、第二種運転免許を取得できるのは、何歳以上の人でしょう？,21歳(21とし)
2012,ノーマル,スペイン語で「乳飲み子」という意味の名がつけられた、株式会社三万石が販売している、福島の定番お土産は何でしょう？,ままどおる
2012,ノーマル,主に緯度の高い地域で見ることが出来る、夜空にカーテン状に広がる光の現象を何というでしょう？,オーロラ
2012,ノーマル,綱引きにおいて、チームの一番後ろで綱を引く人のことを何というでしょう？,アンカー
2011,ノーマル,「A」「B」「C」のうち、JIS規格で鉛筆の芯の固さに用いられているアルファベットはどれでしょう？,B
2011,ノーマル,柳刃、菜切、出刃などの種類がある、まな板と共に使われる台所用品は何でしょう？,包丁(ほうちょう)
2011,ノーマル,記号「m」で表される、「リットル」や「メートル」の頭について、「1000 分の1」を意味する言葉は何でしょう？,ミリ[milli]
2011,ノーマル,音楽バンドで歌を担当する人のことを英語で何というでしょう？,ボーカル[vocal](ボーカリスト[vocalist])
2011,ノーマル,俗に「三文の得」と呼ばれるのは、何をした時でしょう？,早起き(はやおき)
2011,ノーマル,日本プロ野球で、セ・リーグの「セ」はセントラルの略ですが、パ・リーグの「パ」は何という言葉の略でしょう？,パシフィック[Pacific]
2011,ノーマル,645 年から6年間使われた、日本最初の元号は何でしょう？,大化(たいか)
2011,ノーマル,アメリカ人のジミー・ウェールズらが創設した、誰でも自由に編集できるインターネット上のフリー百科事典は何でしょう？,Wikipedia(ウィキペディア)【「Wiki」はシステムのことなので×】
2011,ノーマル,『白雪姫』や『ブレーメンの音楽隊』などが有名な、編集したドイツ人兄弟の名がつけられた童話集は何でしょう？,グリム童話[TheGrimm Brothers'fairy tales](ぐりむどうわ[TheGrimm Brothers'fairy tales])
2011,ノーマル,2PM(ツーピーエム)、BIGBANG(ビッグバン)、KARA、少女時代といえば、いずれもどこの国出身の音楽グループでしょう？,韓国(大韓民国)
2011,ノーマル,テニスなどのラケット競技で、上から叩きつけるように打つ急角度のショットを英語で何というでしょう？,スマッシュ[smash]
2011,ノーマル,姓名の頭文字をアルファベットで表記したものを英語で何というでしょう？,イニシャル[initial]
2011,ノーマル,2003 年に打ち上げられた小惑星探査機と、東京駅と新青森駅を結ぶ新幹線に共通する愛称は何でしょう？,はやぶさ
2011,ノーマル,シンガプーラ、ロシアンブルー、ペルシャといえば、どんな動物の品種でしょう？,ネコ【「猫」「cat」など表現の違いは○】(ねこ【「ねこ」「cat」などひょうげんのちがいは○】)
2011,ノーマル,家庭用のコンセントから流れてくる電流は、直流と交流のどちらでしょう？,交流(こうりゅう)
2011,ノーマル,バスケットボールで、フリースローに成功した場合、与えられる得点は何点でしょう？,1点(1てん)
2011,ノーマル,人形の中に同じデザインの小さめの人形が入っており、それが繰り返される構造になっている、ロシアの伝統工芸品は何でしょう？,マトリョーシカ[Матрёшка]
2011,ノーマル,ヘブライ語で「たしかに」という意味がある、キリスト教で祈祷や賛美歌などの終りに唱える言葉は何でしょう？,アーメン[amen]
2011,ノーマル,『四季山水図』などの代表作で知られる、室町時代に水墨画を大成した画家は誰でしょう？,雪舟(せっしゅう)
2011,ノーマル,カメラで写真を撮る時に、照準を合わせるために覗き込む小窓を何というでしょう？,ファインダー[finder]
2011,ノーマル,漢字2文字で「鎧球(がいきゅう)」とも書き表される、ヘルメットやプロテクターなどを装備して行うスポーツは何でしょう？,アメリカンフットボール[Americanfootball]【「アメフト」も○、「鎧球」は問題文にあるので×】(あめりかんふっとぼーる[Americanfootball]【「あめふと」も○、「よろいたま」はもんだいぶんにあるので×】)
2011,ノーマル,「竹やぶ焼けた」や「新聞紙」などのように、前から読んでも後ろから読んでも同じ音となる文や言葉を何というでしょう？,回文(かいぶん、かいもん)【「パリンドローム[palindrome]」も○】(かいぶん(かいぶん、かいもん)【「ぱりんどろーむ[palindrome]」も○】)
2011,ノーマル,競馬法に基づいて中央競馬を開催する「日本中央競馬会」のことを、アルファベット3文字で何というでしょう？,JRA
2011,ノーマル,囲碁で用いる碁盤にある9つの星のうち、中心にあるものを特に何というでしょう？,天元(てんげん)
2011,ノーマル,1978 年、第1回日本アカデミー賞で外国作品賞を受賞した、シルベスター・スタローン演じるボクサーが主人公の映画は何でしょう？,『ロッキー[ROCKY]』
2011,ノーマル,物理学者のロバート、映画監督のダニー、歌手のスーザンに共通するファミリーネームは何でしょう？,ボイル[Boyle]
2011,ノーマル,濡れた路面を自動車で走っているときに、タイヤと路面の間に水が入ってコントロールが利かなくなることを何というでしょう？,ハイドロプレーニング現象[hydroplaning]【「アクアプレーニング現象」も○】(はいどろぷれーにんぐげんしょう[hydroplaning]【「あくあぷれーにんぐげんしょう」も○】)
2011,ノーマル,生まれてからちょうど1万日を経過した人は満何歳でしょう？,27 歳(27 とし)
2011,ノーマル,タタール海峡の日本での呼び名にその名を残す、樺太が島であることを確認した江戸時代後期の探検家は誰でしょう？,間宮林蔵(まみや・りんぞう)
2011,ノーマル,1901 年に発表された、与謝野晶子の第一詩集は何でしょう？,『みだれ髪』(『みだれかみ』)
2011,ノーマル,樹皮がなめらかなことから名前が付いた、夏に赤い花を咲かせるミソハギ科の樹木で、漢字では「百日紅」と書くものは何でしょう?【漢字の解答は不正解】,サルスベリ【問題文から「ヒャクジツコウ」は×】(さるすべり【もんだいぶんから「ひゃくじつこう」は×】)
2011,ノーマル,現地では「カラーリット・ヌナート」と呼ばれている、デンマークに属する世界最大の島は何でしょう？,グリーンランド[Greenland]
2011,ノーマル,鳥の胸にある上質な肉を、ある植物の葉の形にたとえて何というでしょう？,笹身(ささみ)
2011,ノーマル,オーストラリアの通貨単位はオーストラリアドルですが、オーストリアの通貨単位は何でしょう？,ユーロ[euro]
2011,ノーマル,ローマのサンタマリア・イン・コスメディン教会にある石の彫刻で、映画『ローマの休日』にも登場したのは何でしょう？,真実の口(しんじつのくち)
2011,ノーマル,医療機関にかかる際に、患者がその日の体調や既往歴について記入する用紙を何というでしょう？,問診表(問診票)
2011,ノーマル,幼稚園児や画家が汚れよけとして着る、ゆったりとした長めのブラウスを何というでしょう？,スモック[smock]【「スモッグ」は×】
2011,ノーマル,スキーのジャンプ競技で、着地するときに膝を曲げスキーを前後にずらす姿勢のことを何というでしょう?,テレマーク[Telemark]
2011,ノーマル,数学において、「証明終了」を意味するアルファベット3文字は何でしょう？,Q.E.D.【「quod eratdemonstrandum」の略】(Q.E.D.【「quod eratdemonstrandum」のりゃく】)
2011,ノーマル,メンデルスゾーンは『宗教改革』、ショスタコービッチは『革命』、ベートーベンは『運命』といえば、これらは交響曲第何番の題名でしょう？,5番(5ばん)
2011,ノーマル,「切手」「郵便」という言葉を考案した、1円切手に肖像が描かれている日本の政治家は誰でしょう？,前島密(まえじま・ひそか)
2011,ノーマル,ウエイト・トレーニングで破壊された筋肉が休憩によって修復されるとき、一時的に筋肉量が増える現象を何というでしょう？,超回復(ちょうかいふく)
2011,ノーマル,濃尾平野を流れる「木曽三川」とは、木曽川、長良川と何でしょう？,揖斐川(いびがわ)
2011,ノーマル,昭和 22 年に片山哲内閣の下で発表された、日本最初の白書は何でしょう？,『経済白書』(『経済実相報告書』)
2011,ノーマル,韓国の首都「ソウル」の英語表記にはあって、「魂」という意味の英単語「ソウル」にはないアルファベットは何でしょう？,e【Seoul と soul】
2011,ノーマル,力学におけるニュートンの3法則のうち、「作用・反作用の法則」と呼ばれるのは第何法則でしょう？,第3法則(だい3ほうそく)
2011,ノーマル,今年(2011年)行われた FIFA 女子ワールドカップで、MVP と得点王に輝いた選手は誰でしょう？,澤穂希(さわほまれ)
2011,ノーマル,小林賢太郎と片桐仁(かたぎり・じん)の2人からなるお笑いコンビは何でしょう？,ラーメンズ
2011,ノーマル,イギリスのノッティンガムに広がる、/伝説の義賊ロビン・フッドが住んでいたとされる森は何でしょう？,シャーウッドの森[Sherwood Forest](シャーウッドのもり)
2011,ノーマル,腕時計や懐中時計についている、時刻をあわせるためのつまみを何というでしょう？,竜頭(りゅうず)【「龍頭」「クラウン[crown]」「ワインダー[winder]」も○】(りゅうず(りゅうず)【「たつがしら」「くらうん[crown]」「わいんだー[winder]」も○】)
2011,ノーマル,箸遣いのタブーのひとつで、箸の先から汁をぽたぽたと落とす所作を何というでしょう？,涙箸(なみだばし)
2011,ノーマル,中国語では「机器猫」/「多拉哆啦」などと表記される、日本のアニメキャラクターは何でしょう？,ドラえもん(どらえもん)
2011,ノーマル,初代学長をジェームズ・ヘスターが務めた、日本に本部を置く唯一の国連機関は何でしょう？,国連大学【「国際連合大学」「United NationsUniversity」「UNU」も○】(こくれんだいがく【「こくさいれんごうだいがく」「United NationsUniversity」「UNU」も○】)
2011,ノーマル,企業や商店の取引に用いられる、利子はつかないが、小切手を発行できる銀行預金の一種は何でしょう？,当座預金(とうざよきん)
2011,ノーマル,アメリカ 50 州を、人口が多い方から並べても、アルファベット順で並べても最後になるのはどこでしょう？,ワイオミング州[State of Wyoming](わいおみんぐしゅう[State of Wyoming])
2011,ノーマル,水泳で、両足を揃えて上下に動かすバタフライ独特のキックを何というでしょう？,ドルフィンキック
2011,ノーマル,昨年末から今年にかけてチュニジアで起こった革命を、ある花の名前を使って「何革命」というでしょう？,ジャスミン革命[JasmineRevolution](じゃすみんかくめい[JasmineRevolution])
2011,ノーマル,建築物の、敷地面積に対する延べ床面積の割合を何というでしょう？,容積率【「建蔽率(けんぺいりつ)」は別のものなので×】(ようせきりつ【「けんぺいりつ(けんぺいりつ)」はべつのものなので×】)
2011,ノーマル,昭和新山があるのは北海道ですが、平成新山がある都道府県はどこでしょう？,長崎(ながさき)
2011,ノーマル,もともとは「たった一本しかないろうそく」という意味である、持っている服の中で最も上等の晴れ着を指す言葉は何でしょう？,一張羅(いっちょうら)
2011,ノーマル,衆議院議員の総選挙は、衆議院解散の日から何日以内に行うとされているでしょう？,40 日(40 にち)
2011,ノーマル,パリ警視庁やノートルダム寺院がある、パリのセーヌ川に浮かぶ島は何でしょう？,シテ島[Île de laCité](してしま[Île de laCité])
2011,ノーマル,昨年誕生した「チーム・フジヤマ」や「ロコ・ソラーレ」といえば、何の競技のスポーツチームでしょう？,カーリング[curling]
2011,ノーマル,スペイン語で「女の子」/という意味の、太平洋東部の赤道付近で海面水温が著しく低下する現象は何でしょう？,ラニーニャ現象[La Niña](ラニーニャ)
2011,ノーマル,全国の稲荷神社の総本宮とされる、京都市にある神社は何でしょう？,伏見稲荷大社【「伏見稲荷」も○、「伏見稲荷神社」は×】(ふしみいなりたいしゃ【「ふしみいなり」も○、「ふしみいなりじんじゃ」は×】)
2011,ノーマル,「竹生島(ちくぶしま)」は琵琶湖に浮かぶ島ですが、「嫁ヶ島(よめがしま)」は島根県の何という湖に浮かぶ島でしょう？,宍道湖(しんじこ)
2011,ノーマル,英語では「ハンマーヘッド・シャーク」という、左右に突き出した頭の両端に目があるサメの種類は何でしょう？,シュモクザメ(撞木鮫)
2011,ノーマル,20世紀最後のオリンピックはシドニーで行われましたが、19世紀最後のオリンピックはどこの都市で行われたでしょう？,パリ[Paris]
2011,ノーマル,昨年 12 月 28 日に 86 歳で亡くなった、『二十四の瞳』『カルメン故郷に帰る』などの映画に主演した往年の女優は誰でしょう？,高峰秀子(たかみね・ひでこ)
2011,ノーマル,江戸いろはがるたの札の中で、唯一の四字熟語は何でしょう?【かな解答可】,油断大敵(ゆだんたいてき)
2011,ノーマル,英語では「ウォークライ」という、ラグビーのニュージーランド代表・オールブラックスが試合前に行うマオリの民族舞踊は何でしょう？,ハカ[Haka]
2011,ノーマル,昨年は妹島和世(せじま・かずよ)と西沢立衛(にしざわ・りゅうえ)が受賞した、ハイアット財団により授与される「建築界のノーベル賞」とも呼ばれる賞は何でしょう？,プリツカー賞[ThePritzkerArchitecture Prize](ぷりつかーしょう[ThePritzkerArchitecture Prize])
2011,ノーマル,裁判長や議長が、静粛や注目を求めるために叩く木槌のことを英語で何というでしょう？,ガベル[gavel]
2011,ノーマル,俳句で、ひとつの句に季語が2つ以上詠み込まれてしまうことを何というでしょう？,季重なり(きがさなり)
2011,ノーマル,1970 年のメキシコ大会から一貫して、サッカーワールドカップの公式試合球を提供しているスポーツメーカーは何でしょう？,アディダス[adidas]
2011,ノーマル,来月より放送開始の NHK 朝の連続テレビ小説『カーネーション』で主人公のモデルとなる、ファッションデザイナー「コシノ三姉妹」の母親は誰でしょう？,小篠綾子(こしの・あやこ)
2011,ノーマル,漢数字の「一」の部首は「一」、「二」の部首は「二」ですが、「三」の部首は何でしょう?,一(いち)
2011,ノーマル,大相撲の決まり手 82 手のうち、唯一「足」という言葉がつく技は何でしょう？,足取り【「いさみ足」は決まり手ではないため×】(あしどり【「いさみあし」はきまりてではないため×】)
2011,ノーマル,本名の朝比奈知子(あさひな・ともこ)にちなんで「トンちゃん」の愛称がある、美空ひばり、江利チエミとともに「三人娘」に数えられる歌手は誰でしょう？,雪村いづみ【「雪村いずみ」も○】(ゆきむらいづみ【「ゆきむらいずみ」も○】)
2011,ノーマル,大手化粧品メーカーがボディクリームや石鹸に配合したことで知られるようになった、アカテツ科の植物から取れる植物性脂肪は何でしょう？,シアバター[sheabutter]
2011,ノーマル,「赤シャツ隊」を率いてシチリアと南イタリアを征服し、イタリア統一に貢献した人物は誰でしょう？,ジュゼッペ・ガリバルディ[GiuseppeGaribaldi]
2011,ノーマル,十種競技の中にある4種類のトラック競技で、走破する距離をすべて足すと何メートルになるでしょう？,2110m【100m、400m、110m ハードル、1500m の4つ】
2011,ノーマル,写真家のムンカッチ、ブラッサイ、ロバート・キャパは、いずれもどこの国の出身でしょう？,ハンガリー[Hungary]
2011,ノーマル,外交官が相手国から受け入れを拒否されることを、「好ましくない人物」という意味のラテン語で何というでしょう？,ペルソナ・ノン・グラータ[Personanon grata]
2011,ノーマル,アメリカの東海岸にあるニューヨークと、西海岸にあるロサンゼルスの時差は何時間でしょう？,3時間(3じかん)
2011,ノーマル,1965 年にボスホート2号に搭乗し、世界初の宇宙遊泳を行った旧ソ連の宇宙飛行士は誰でしょう？,アレクセイ・レオーノフ[Алексе́йАрхи́повичЛео́нов]
2011,ノーマル,カナダのノヴァスコシア州にある村の名前がついた、正式名称を「科学と国際問題に関する会議」という国際会議は何でしょう？,パグウォッシュ会議[PugwashConferences](ぱぐうぉっしゅかいぎ[PugwashConferences])
2011,ノーマル,器械体操に対し、道具を使わない体操を何というでしょう？,徒手(としゅ)体操(としゅ(としゅ)たいそう)
2011,ノーマル,鍋つかみなどに使われる、2枚の布の間に綿をはさんでマス目状のステッチを入れた布地を何というでしょう？,キルティング[quilting](キルト[quilt])【綴り字注意:「kilt」はスコットランドの民族衣装を指すので×】(きるてぃんぐ[quilting](きると[quilt])【つづりじちゅうい:「kilt」はすこっとらんどのみんぞくいしょうをさすので×】)
2011,ノーマル,アフリカ最大の湖・ヴィクトリア湖を囲む3つの国とは、ウガンダ、タンザニアとどこでしょう？,ケニア[Jamhuri yaKenya]
2011,ノーマル,代表作に『都会と犬ども』『緑の家』などがある、2010 年にノーベル文学賞を受賞したペルーの作家は誰でしょう？,ホセ・マリオ・ペドロ・バルガス=リョサ[Jorge Mario PedroVargas Llosa]【複合姓なので「リョサ」のみは×】(ほせ・まりお・ぺどろ・ばるがす=りょさ[Jorge Mario PedroVargas Llosa]【ふくごうせいなので「りょさ」のみは×】)
2011,ノーマル,「フライング V(ブイ)」「レスポール」といったエレキギターを製造する、アメリカの楽器メーカーは何でしょう？,ギブソン[Gibson]
2011,ノーマル,株価などが、値上がりから値下がりに転じることを「反落」というのに対し、値下がりから値上がりに転じることを何というでしょう？,反発【「反騰(はんとう)」も○】(はんぱつ【「はんとう(はんとう)」も○】)
2011,ノーマル,ウィング型やヘキサゴン型などの種類がある、キャンプでテントを覆ったり、陽射しを遮るために高くあげられる布のことを何というでしょう？,タープ[tarp]
2011,ノーマル,身分などを考えず気楽に行う集会を「無礼講」というのに対し、礼儀を守って行われる集会を何というでしょう？,慇懃講(いんぎんこう)
2011,ノーマル,伝統的な書き手のひとりである「右近」の苗字から名付けられた、寄席の看板や千社札に使用される文字の書体は何でしょう？,橘流(たちばなりゅう)【問題文から「寄席文字」は×】(たちばなりゅう(たちばなりゅう)【もんだいぶんから「よせもじ」は×】)
2011,ノーマル,英語で「幅広い」という意味がある、バレーボールで、アタッカーがネットと平行に素早く移動しながらスパイクを打つ攻撃のことを何というでしょう？,ブロード攻撃[Broad Attack]【「ブロード」が出れば○】(ぶろーどこうげき[Broad Attack]【「ぶろーど」がでれば○】)
2011,ノーマル,松尾芭蕉の『奥の細道』にも記述がある、筆と墨壺を組み合わせた携帯用の筆記用具一式を何というでしょう？,矢立(やたて)
2011,ノーマル,井上赳(いのうえ・たけし)作詞の唱歌『電車ごっこ』で、電車ごっこをして遊んでいるのは全部で何人でしょう？,6人【「運転手はきみだ 車掌はぼくだ あとの四人が電車のお客」】(6にん【「うんてんしゅはきみだ しゃしょうはぼくだ あとのよにんがでんしゃのおきゃく」】)
2011,ノーマル,今年・2011 年の十干十二支は何でしょう?,辛卯(かのとう、かのとのう、しんぼう) 8a(かのとう(かのとう、かのとのう、しんぼう) 8a)
2011,ノーマル,アルファベットを覚える『ABCの歌』で、ふつうメロディに使われている童謡は何でしょう？,"『きらきら星』(『光れよお星』『ママ、きいてちょうだい』『Twinkle,Twinkle,Little Star』)"
2011,ノーマル,昨年、生誕50周年を記念して映画が公開された、「音速の貴公子」のニックネームで知られた今は亡きF1ドライバーは誰でしょう？,アイルトン・セナ
2011,ノーマル,代表作に『牛肉と馬鈴薯』『運命論者』『武蔵野』などがある、日本の小説家は誰でしょう？,国木田独歩(くにきだ・どっぽ)
2011,ノーマル,三葉虫やアンモナイトなどのように、地層が堆積した地質時代を示す化石を何というでしょう？,示準化石(しじゅんかせき)【「標準化石」も○】(しじゅんかせき(しじゅんかせき)【「ひょうじゅんかいし」も○】)
2011,ノーマル,北海道生まれの人を「道産子」といいますが、この「道産子」とは元々どんな動物のことを指していたでしょう？,馬(うま)
2011,ノーマル,2000万人以上の会員を持つ、株式会社DeNA(ディーエヌエー)の携帯電話向けゲームポータルサイトは何でしょう？,モバゲータウン
2011,ノーマル,リップスライムのメンバーで、ILMARIの奥さんは蛯原友里(えびはら・ゆり)ですが、SUの奥さんは誰でしょう？,大塚愛(おおつかあい)
2011,ノーマル,長野県と熊本県の県の花である、漢字で「竜の胆(きも)」と書く植物は何でしょう？,リンドウ
2011,ノーマル,国際的には「フライハーフ」と呼ばれる、ラグビーで司令塔の役割を果たすポジションは何でしょう？,スタンドオフ
2011,ノーマル,ロシア語で「大きな河口」という意味がある、日本海を北から南へ流れる寒流は何でしょう？,リマン海流(りまんかいりゅう)
2011,ノーマル,今年の第53回グラミー賞で、ラリー・カールトンと共に最優秀ポップ・インストゥルメンタル・アルバム賞を受賞した、日本のロックデュオ・B'zのギタリストは誰でしょう？,松本孝弘(まつもと・たかひろ)
2011,ノーマル,キューバにおける砂糖などのように、一国の生産や輸出が特定産品に依存している経済を何というでしょう？,モノカルチャー経済(モノカルチャー)
2011,ノーマル,1970年、八幡(やはた)製鉄と富士製鉄の合併により誕生した日本最大の製鉄メーカーは何でしょう？,新日本製鉄(しんにほんせいてつ)
2011,ノーマル,明治維新の中心となった「薩長土肥(さっちょうとひ)」と呼ばれた4つの藩とは、薩摩藩、長州藩、土佐藩と何でしょう？,肥前(ひぜん)藩(ひぜん(ひぜん)はん)
2011,ノーマル,英語で「重ねられた」/という意味のとおり、服を重ね着するファッションを何というでしょう？,レイヤード
2011,ノーマル,日本のプロ野球12球団の本拠地のうち、唯一、宗教法人が運営をしているのはどこでしょう？,明治神宮野球場(じんぐう)
2011,ノーマル,日本麻雀連盟の初代総裁でもあった作家で、代表作に『父帰る』『恩讐の彼方に』などがあるのは誰でしょう？,菊池寛(きくち・かん)
2011,ノーマル,王水を生成する際に必要な2つの物質とは、塩酸と何でしょう？,硝酸(濃硝酸)
2011,ノーマル,今年開業10周年を迎えた、様々なハリウッド映画をモチーフとする大阪市のアミューズメント施設は何でしょう？,ユニバーサル・スタジオ・ジャパン
2011,ノーマル,17世紀初頭、惑星運動に関する3つの法則を発見した、ドイツの天文学者は誰でしょう？,ヨハネス・ケプラー
2011,ノーマル,日本体育協会の初代会長も務めた、講道館を設立し「日本柔道の父」と呼ばれる柔道家は誰でしょう？,嘉納治五郎(かのう・じごろう)
2011,ノーマル,収納家具の「たんす」を漢字2文字で書いたとき、共通する部首は何でしょう？,たけかんむり
2011,ノーマル,併設されるビッグ・ベンでも有名な、イギリスの国会議事堂となっている宮殿といえば何でしょう？,ウェストミンスター宮殿【「ウェストミンスター寺院」は別の建物なので×】(うぇすとみんすたーきゅうでん【「うぇすとみんすたーじいん」はべつのたてものなので×】)
2011,ノーマル,本名を渡部実(わたべ・みのる)という、『別れの一本杉』『お富さん』などの歌謡曲で人気を博した歌手は誰でしょう？,春日八郎(かすが・はちろう)
2011,ノーマル,国政選挙などで、その土地に全くゆかりの無い候補者のことを俗に「何候補」というでしょう？,落下傘(らっかさん)候補(らっかさん(らっかさん)こうほ)
2011,ノーマル,アメリカの大統領で、ニューディール政策を推し進めたのはフランクリン・ルーズベルトですが、フェアディール政策を推し進めたのは誰でしょう？,ハリー・トルーマン
2011,ノーマル,現在は三吉彩花(みよし・あやか)が7代目のCMイメージキャラクターを務める、サントリーフーズが製造・販売している清涼飲料水は何でしょう？,なっちゃん
2011,ノーマル,はしご、ほうき、天の川、東京タワーなど、ひもで作った輪で様々な形を作り上げる子供の遊びは何でしょう？,あやとり
2011,ノーマル,かつては詩人の谷川俊太郎と婚姻関係にあった絵本作家で、代表作『100万回生きたねこ』で知られるのは誰でしょう？,佐野洋子(さの・ようこ)
2011,ノーマル,季節によって成長の早さが異なるため形成される、木の断面にできる同心円状の模様を何というでしょう？,年輪(ねんりん)
2011,ノーマル,外国のお墓によく刻まれている、「安らかに眠れ」という意味のアルファベット3文字は何でしょう？,R.I.P.
2011,ノーマル,日曜・祝日が平日を挟み、1日おきに休日がやってくることを特に何というでしょう？,飛び石連休(とびせきれんきゅう)
2011,ノーマル,1884年にフランスで始まった、出品自由で審査を行わない美術展覧会を何というでしょう？,アンデパンダン
2011,ノーマル,2003年に日本人として初めて世界ゴルフ殿堂入りを果たした、元女子プロゴルファーは誰でしょう？,樋口久子(ひぐち・ひさこ)
2011,ノーマル,医療機関が市町村などへ請求する医療費の明細書を、ドイツ語で何というでしょう？,レセプト
2011,ノーマル,道路交通法で、原動機付自転車の法定速度は時速何キロとされているでしょう？,30キロ
2011,ノーマル,英語の「paper」の語源になっている、古代エジプトで文字を書くために使用された植物のことを何というでしょう？,パピルス
2011,ノーマル,「女に惚れさす名言集」というブログも開設している、現在、「ジャンプスクエア」に『カッコカワイイ宣言!』を連載中の漫画家は誰でしょう？,地獄のミサワ(じごくのみさわ)
2011,ノーマル,木曜日を意味する英語「Thursday」の語源でもある、北欧神話で雷をつかさどる最強の軍神は誰でしょう？,トール
2011,ノーマル,三角形の五心のうち、内角の二等分線の交点と定義されているものを何というでしょう？,内心(ないしん)
2011,ノーマル,「澄んだ瞳と白い歯」という意味がある、美人を形容する四字熟語は何でしょう？,明眸皓歯(めいぼうこうし)
2011,ノーマル,正月と盆を過ごすため、奉公人が主人から休暇をもらって親もとに帰ることを何といったでしょう？,薮入り(やぶいり)
2011,ノーマル,来年、UEFA欧州選手権2012、いわゆるユーロ2012を共催する2つの国とはどことどこでしょう？,ポーランドとウクライナ
2011,ノーマル,日本では琴ヶ浜や十八鳴浜(くぐなりはま)のものが有名な、砂の表面摩擦により音が出る現象は何でしょう？,鳴き砂(鳴り砂)
2011,ノーマル,お菓子を作るパティシエの中でも特に、アイスクリームを専門に作る人のことを何というでしょう？,グラシエ
2011,ノーマル,オペラ『サムソンとデリラ』や組曲『動物の謝肉祭』などの作品で知られる、フランスの作曲家は誰でしょう？,シャルル・カミーユ・サン=サーンス
2011,ノーマル,ギリシャ語で「三日月」という意味がある、界面張力によって容器内の液体がつくる曲面のことを何というでしょう？,メニスカス
2011,ノーマル,今年はフランスでサミット・先進国首脳会議が開催されましたが、来年の開催国はどこでしょう？,アメリカ
2011,ノーマル,その変化の様子が牡丹、松葉、柳、散り菊の順に見立てられる、日本の伝統的な花火は何でしょう？,線香花火(せんこうはなび)
2011,ノーマル,新バビロニアのネブカドネザル2世が王妃アミティスのために建てたとされる、世界七不思議のひとつに数えられる庭園は何でしょう？,バビロンの空中庭園(バビロンのくうちゅうていえん)
2011,ノーマル,今年5月にはシリーズ第4作「生命(いのち)の泉」が公開された、ジョニー・デップ主演の人気映画シリーズは何でしょう？,『パイレーツ・オブ・カリビアン』
2011,ノーマル,「K-1 WORLD GP」チャンピオンのアリスター・オーフレイム、セーム・シュルト、レミー・ボンヤスキーといえば、いずれもどこの国の選手でしょう？,オランダ
2011,ノーマル,1923年に雑誌「新青年」に発表された、作家・江戸川乱歩のデビュー作は何でしょう？,『二銭銅貨(にせんどうか)』(『にせんどうか(にせんどうか)』)
2011,ノーマル,火を見ると消す習性があるため「森の消防士」とも呼ばれる、シロ、クロ、スマトラなどの種類がある大型の動物は何でしょう？,サイ
2011,ノーマル,大切な計画に加わる腹心の部下のことを、小さい守り刀にたとえて何というでしょう？,懐刀(ふところがたな)
2011,ノーマル,直訳すると「珍しい物」という意味である、企業が商品の宣伝を目的として無料配布する記念品のことを何グッズというでしょう？,ノベルティグッズ
2011,ノーマル,カバディで、攻撃側の選手をレイダーというのに対し、守備側の選手を何というでしょう？,アンティ
2011,ノーマル,1947年、大森/区が蒲田区を編入して現在の名前となった、東京23区のひとつは何でしょう？,大田(おおた)
2011,ノーマル,ジャズのスタンダード・ナンバー『A列車で行こう』に登場する「A列車」は、どこの都市を走る地下鉄でしょう？,ニューヨーク
2011,ノーマル,刑事裁判で、被告人が弁護人を依頼できないとき、国の費用でつける弁護士を何というでしょう？,国選弁護人(こくせんべんごにん)
2011,ノーマル,「フラッペ」と「カプチーノ」の合成語である、スターバックスで発売されている人気商品の名前は何でしょう？,フラペチーノ
2011,ノーマル,別名を「銀杏城(ぎんなんじょう)」という、戦国時代、加藤清正によって建てられた城は何でしょう？,熊本城(くまもとじょう)
2011,ノーマル,粘土やロウなどをこねて立体の芸術作品を創ることを、木や石などを削って作る「彫刻」に対して何というでしょう？,塑造(そぞう)
2011,ノーマル,弓道の競技規則によると、遠的競技で射る距離は60mですが、近的競技で射る距離は何mでしょう？,28m
2011,ノーマル,日本では、千葉県の南関東ガス田が主要な産地となっている、原子番号53、元素記号Iの元素は何でしょう？,ヨウ素(ようもと)
2011,ノーマル,麻雀の役のひとつにもなっている、「並ぶものがいないほど国の中で優れた人物」を意味する四字熟語は何でしょう？,国士無双(こくしむそう)
2011,ノーマル,曹洞宗の大本山とされる2つの寺院とは、福井県にある永平寺と神奈川県にある何でしょう？,総持寺(そうじじ)
2011,ノーマル,「気温や湿度に特有の性質をもつ空気のかたまり」のことで、シベリア、揚子江、オホーツク海などがあるものは何でしょう？,気団(きだん)
2011,ノーマル,夏のオリンピックで初めて聖火リレーが行われたのはベルリン大会ですが、冬のオリンピックで初めて聖火リレーが行われたのは何大会でしょう？,オスロ
2011,ノーマル,ペルーとボリビアにはさまれた、世界で最も標高が高いところにある湖は何でしょう？,チチカカ湖(ちちかかみずうみ)
2011,ノーマル,楽譜内での書き方によって「フレンチヴァイオリン記号」「トレブル記号」などに分けられる、アルファベットのGを図案化した音部記号は何でしょう？,ト音記号(ト字記号)
2011,ノーマル,現場から得られる情報を心理学や行動学の面から分析し、詳しい犯人像を浮かび上がらせる捜査技術を英語で何というでしょう？,プロファイリング(オフェンダー・プロファイリング、クリミナル・プロファイリング)
2011,ノーマル,琵琶湖の鮒寿司(ふなずし)などのように、魚を米と塩で発酵させ、保存性を高めた食品を何というでしょう？,熟(なれ)寿司(じゅく(なれ)すし)
2011,ノーマル,今年、日本ペンクラブの第16代会長に就任した、『鉄道員(ぽっぽや)』などの作品で知られる作家は誰でしょう？,浅田次郎(あさだ・じろう)
2011,ノーマル,英語では「ターメリック」という、カレーのスパイスや漢方薬の原料として使われるショウガ科の植物は何でしょう？,ウコン
2011,ノーマル,ロバのダプルにまたがって主人公とともに旅をする、セルバンテスの小説『ドン・キホーテ』に登場する従者は誰でしょう？,サンチョ・パンサ
2011,ノーマル,別名を「タテガミイヌ」というアフリカに多く分布する動物といえば何でしょう？,ハイエナ
2011,ノーマル,ファッション雑誌「Popteen」の人気モデルで、「くみっきー」の愛称で知られるのは誰でしょう？,舟山久美子(ふなやま・くみこ)
2011,ノーマル,国際大会におけるリュージュ、ボブスレー、スケルトンのうち、タイムを1000分の1秒まで記録する競技はどれでしょう？,リュージュ
2011,ノーマル,作家・魯迅(ろじん)の生誕地であり、お酒の産地としても知られる中国浙江省(せっこうしょう)の都市はどこでしょう？,紹興(しょうこう、シャオシン)
2011,ノーマル,画家クロード・モネが200作以上の連作として生涯にわたって描き続けた植物は何でしょう？,睡蓮(すいれん)
2011,ノーマル,第1回ラグビーワールドカップではトライ王に輝いている、現在ラグビー日本代表のヘッドコーチを務めている人物は誰でしょう？,ジョン・カーワン
2011,ノーマル,「オールドフェイスフル」など数多くの間欠泉があることで有名な、世界最古の国立公園は何でしょう？,イエローストーン国立公園(いえろーすとーんこくりつこうえん)
2011,ノーマル,人間の胃と小腸の間にある、その長さから名付けられた消化器官は何でしょう？,十二指腸(じゅうにしちょう)
2011,ノーマル,法律のうち、効力に有効期限があるものを特に何というでしょう？,時限法(時限立法)
2011,ノーマル,世界最初の切手「ペニー・ブラック」に描かれていたのは誰の肖像でしょう？,ヴィクトリア女王(ゔぃくとりあじょおう)
2011,ノーマル,昨年10月21日に国際線ターミナルがリニューアルオープンし、日本で数少ない24時間運用の国際空港となったのはどこでしょう？,東京国際空港(羽田空港)
2011,ノーマル,地方自治法によると、首長や議員のリコールには、原則、有権者の何分の1以上の署名が必要でしょう？,3分の1(3ふんの1)
2011,ノーマル,テレビ番組『人志松本のすべらない話』ではナレーションを、アニメ『サザエさん』ではアナゴさん役を務める声優は誰でしょう？,若本規夫(わかもと・のりお)
2011,ノーマル,K-1やボクシングのWBCで導入されている、特定のラウンド終了後に、ジャッジマンがつけた得点を公開する制度は何でしょう？,オープンスコアリングシステム(公開採点制度)
2011,ノーマル,デュマの小説『モンテ・クリスト伯』で、無実の罪で監獄に送られ、脱獄後はモンテ・クリスト伯と名乗り復讐に燃える主人公の名前は何でしょう？,エドモン・ダンテス
2011,ノーマル,昨年10月に85歳で亡くなった、フラクタル幾何学を提唱したことで知られるアメリカの数学者は誰でしょう？,ブノワ・マンデルブロー
2011,ノーマル,全く人情味がなく冷たい人間のことを、人間が流す2つのものに例えて「何も何もない」というでしょう？,血も涙もない(ちもなみだもない)
2011,ノーマル,結婚式で、新婦が持つ花束はブ/ーケといいますが、新郎が胸に挿す一輪の花のことを何というでしょう？,ブートニア
2011,ノーマル,元々は画面の焼き付きを防ぐ目的があった、起動中のパソコンを長時間動かさなかったときに自動的に動画などを表示するプログラムを何というでしょう？,スクリーンセーバー
2011,ノーマル,シベリアのタイガなどに見られる、表面を腐植土に覆われた灰色の土壌を何というでしょう？,ポドゾル
2011,ノーマル,オーケストラの指揮者が振る指揮棒のことを、ドイツ語で何というでしょう？,タクト
2011,ノーマル,昨年のノーベル平和賞を獄中で受賞した、中国の民主活動家は誰でしょう？,劉暁波(りゅう・ぎょうは、リュウ・シャオボー)
2011,ノーマル,中国の春秋戦国時代に現れた、様々な学者や学派のことを、漢字4文字で何というでしょう？,諸子百家(しょしひゃっか)
2011,ノーマル,「これは一人の人間にとっては小さな一歩だが、人類にとっては偉大な飛躍である」という名言を残した、アポロ11号の船長といえば誰でしょう？,ニール・アームストロング(アームストロング)
2011,ノーマル,未熟な種子は「グリーンピース」と呼ばれるマメで、メンデルが遺伝の法則を発見する際に用いたのは何でしょう？,エンドウ(エンドウマメ)
2011,ノーマル,江戸時代に流行した相手の手の甲をお互いにつねりあう遊びに由来する、いつまでも事態が進展しないことを指す慣用句は何でしょう？,いたちごっこ
2011,ノーマル,運転者の空気抵抗を防ぐ目的でオートバイに取り付ける覆いの事を、英語で何というでしょう？,カウル
2011,ノーマル,19歳のとき萩原朔太郎の『青猫(あおねこ)』を読んだことがきっかけで文学を志した作家で、代表作に『聖家族』『風立ちぬ』があるのは誰でしょう？,堀辰雄(ほり・たつお)
2011,ノーマル,オスのニワトリやキジなどに見られる、脚の後ろ側に突き出ている突起のことを何というでしょう？,けづめ
2011,ノーマル,鉄棒の「ムーンサルト」や跳馬の「ツカハラ跳び」を開発した日本の体操選手は誰でしょう？,塚原光男(つかはら・みつお)
2011,ノーマル,『ゲゲゲの鬼太郎』のキャラクターの銅像が並んだ「水木しげるロード」で知られる、鳥取県の市はどこでしょう？,境港(さかいみなと)(さかいみなと(さかいみなと))
2011,ノーマル,「ラインの黄金」から/「神々の黄昏」まで4夜をかけて演奏される、北欧神話を題材にしたワーグナーの楽劇(がくげき)は何でしょう？,『ニーベルングの指環』(ニーベルングのゆびわ)
2011,ノーマル,フランスの教育機関において、日本の高等学校に相当するものを何というでしょう？,リセ
2011,ノーマル,「ホットヌードル」「赤いきつね」「緑のたぬき」などの主力商品がある、「マルちゃん」のロゴでおなじみの食品会社はどこでしょう？,東洋水産(とうようすいさん)
2011,ノーマル,施薬院(せやくいん)や悲田院(ひでんいん)を設置して慈善活動を行った、聖武(しょうむ)天皇の后は誰でしょう？,光明(こうみょう)皇后【「光明子(こうみょうし)」も○】(こうみょう(こうみょう)こうごう【「こうみょうこ(こうみょうし)」も○】)
2011,ノーマル,高級仕立服のことをオートクチュールというのに対し、既製服のことを「すぐに着られる」という意味のフランス語で何というでしょう？,プレタポルテ
2011,ノーマル,1954年公開の映画『喝采(かっさい)』でオスカーを獲得し、後にモナコ王妃となったアメリカの女優は誰でしょう？,グレース・パトリシア・ケリー
2011,ノーマル,10月30日にブッダ・インターナショナル・サーキットで開催される、今年から新設されたF1グランプリは何グランプリでしょう？,インドグランプリ
2011,ノーマル,『出世景清(しゅっせかげきよ)』『心中天網島(しんじゅうてんのあみじま)』『曽根崎心中』など、100作以上の浄瑠璃を書いた江戸前期の創作者は誰でしょう？,近松門左衛門(ちかまつ・もんざえもん)
2011,ノーマル,摂氏温度計の目盛が0℃を指しているとき、華氏温度計の目盛は何度になるでしょう？,32°F
2011,ノーマル,ある物事に対して、いつまでも恨みに思って忘れないでいることを、植物の一部分を用いて「何に持つ」と言うでしょう？,根に持つ(ねにもつ)
2011,ノーマル,ラテン語で「石を飛ばす弓」という意味がある、航空母艦などの甲板の上から航空機を飛び立たせるための装置を何と言うでしょう？,カタパルト
2011,ノーマル,堆積岩の一種・砕屑岩(さいせつがん)を粒の大きさで3つに分類すると、礫岩(れきがん)、砂岩(さがん)と何でしょう？,泥岩(でいがん)
2011,ノーマル,昨年11月にアントニオ・マルガリートを破り、オスカー・デラホーヤに次ぐ史上2人目の6階級制覇を達成したフィリピンのプロボクサーは誰でしょう？,マニー・パッキャオ
2011,ノーマル,フランス・イブリーヌ県の県都で、第一次世界大戦の講和条約が調印された宮殿で知られるのはどこでしょう？,ベルサイユ
2011,ノーマル,テノールとバスの中間にあたる、男性の声域を何というでしょう？,バリトン
2011,ノーマル,創業して間もない企業に出資する投資家のことを、「天使」を意味する英語で何というでしょう？,エンジェル
2011,ノーマル,珍味として知られる「くちこ」や「このわた」といえば、原料となる生き物は何でしょう？,なまこ
2011,ノーマル,1649年、清教徒革命により処刑された、当時のイングランド王は誰でしょう？,チャールズ1世(ちゃーるず1よ)
2011,ノーマル,長男の佑(たすく)、次男の時生(ときお)も共に俳優として活躍している、劇団東京乾電池の主宰者であるベテラン俳優は誰でしょう？,柄本明(えもと・あきら)
2011,ノーマル,将棋で、必要な時にいつでも取れる状態の駒を何というでしょう？,質駒(しちごま)
2011,ノーマル,今年の全仏オープン女子シングルスで、アジア人として初めて4大大会での優勝を果たした、中国人選手は誰でしょう？,李娜(リー・ナ)
2011,ノーマル,英語では「ジャパニーズ・ローズ」という、北海道の花にも指定されているバラ科の植物は何でしょう？,ハマナス
2011,ノーマル,エアコンの「コン」はコンディショナーの略ですが、リモコンの「コン」は何という英語の略でしょう？,コントローラー(コントロール)
2011,ノーマル,肉の焼き加減のひとつで、レアよりも更に生に近いものを、ある色を使って何というでしょう？,ブルー
2011,ノーマル,惑星は英語で「プラネット」といいますが、準惑星は英語で何というでしょう？,ドワーフ・プラネット
2011,ノーマル,スティックを回し、遠心力を利用して網の中にボールを収める、/ラクロス特有の動作のことを何というでしょう？,クレイドル
2011,ノーマル,東京23区と大阪市24区の名前で、共通する3つの区は、北区、中央区と何区でしょう？,港(みなと)
2011,ノーマル,「夏が来れば思い出す」という歌い出しで始まる、作詞・江間章子(えま・しょうこ)、作曲・中田喜直(なかだ・よしなお)の唱歌は何でしょう？,『夏の思い出』(『なつのおもいで』)
2011,ノーマル,総務省が2015年までに目指す、全ての世帯へ高速ブロードバンドを普及させる構想を何というでしょう？,「光の道」構想(「ひかりのみち」こうそう)
2011,ノーマル,煮物を作るとき材料の上にかぶせる、鍋よりひと回り小さい蓋を何というでしょう？,落とし蓋(おとしふた)
2011,ノーマル,日清戦争の講和条約は「下関条約」ですが、日露戦争の講和条約は何でしょう？,ポーツマス条約(ぽーつますじょうやく)
2011,ノーマル,ベースメイクに対し、目元、口元などを目立たせる化粧を何というでしょう？,ポイントメイク
2011,ノーマル,東京六大学野球連盟のリーグ戦で、通算43回と最も多くの優勝を誇る大学はどこでしょう？,法政大学(ほうせいだいがく)
2011,ノーマル,レールの上を走らせる土木用の手押し車のことで、芥川龍之介の小説の題名にもなっているのは何でしょう？,トロッコ
2011,ノーマル,2004年にハーバード大学の学生マーク・ザッカーバーグが創業した、世界最大のソーシャルネットワーキングサービスは何でしょう？,Facebook(フェイスブック)
2011,ノーマル,「ミニーマウスがミッキーマウスに贈ったテディベア」という設定である、東京ディズニーシーのマスコットキャラクターは何でしょう？,ダッフィー
2011,ノーマル,ヒアデス星団やプレアデス星団が属する、黄道十二星座のひとつは何でしょう？,おうし座(おうしざ)
2011,ノーマル,JRAのGⅠレースで、ジャパンカップが行われるのは東京競馬場ですが、ジャパンカップダートが行われるのはどこでしょう？,阪神競馬場(はんしんけいばじょう)
2011,ノーマル,ハレアカラ山の噴火によって現在の形になった、ハワイ島に次いで2番目に大きいハワイ州の島は何でしょう？,マウイ島(まういしま)
2011,ノーマル,17世紀から18世紀にヨーロッパのオペラ界を席巻した、ボーイソプラノを維持するために去勢した男性歌手を何というでしょう？,カストラート
2011,ノーマル,今年上半期のEU・ヨーロッパ連合の議長国はハンガリーでしたが、下半期の議長国はどこでしょう？,ポーランド
2011,ノーマル,のり巻の具に使われるかんぴょうは、何という植物の実でしょう？,ユウガオ
2011,ノーマル,1932年に満州事変の査察のため国際連盟により派遣された調査団を何というでしょう？,リットン調査団(りっとんちょうさだん)
2011,ノーマル,樹木や低木などの植物を刈り込んで、生き物を形作ったものを英語で何というでしょう？,トピアリー
2011,ノーマル,共に熊を意味する名を持つNFLの「ベアーズ」とメジャーリーグの「カブス」はアメリカの何という都市に本拠地を置いているでしょう？,シカゴ
2011,ノーマル,今年8月に再結成された、代表曲『secret base～君がくれたもの～』で知られる女性バンドは何でしょう？,ZONE(ゾーン)
2011,ノーマル,白亜紀後期に北アメリカに生息した、「3本の角がある顔」という意味の名を持つ恐竜は何でしょう？,トリケラトプス
2011,ノーマル,才能があり将来が期待される子供を、中国の伝説上の生き物から何というでしょう？,麒麟児(きりんじ)
2011,ノーマル,インターネット電話の最大手であるスカイプ・テクノロジーズが本社を置くヨーロッパの国はどこでしょう？,ルクセンブルク
2011,ノーマル,アンモニア分子1つには、1つの窒素原子といくつの水素原子が含まれているでしょう？,3つ
2011,ノーマル,香川県仲多度(なかたど)郡にある、日本最大のかんがい用ため池は何でしょう？,満濃池(まんのういけ)
2011,ノーマル,「調和を愛する」という意味がある、よく管弦楽団に名称として用いられる言葉は何でしょう？,フィルハーモニー
2011,ノーマル,人口の半分以上をお年寄りが占め、社会生活が困難になっている過疎地域のことを特に「何集落」というでしょう？,限界集落(げんかいしゅうらく)
2011,ノーマル,「中根式」や「早稲田式」などの種類がある、言葉を簡単な符号にして、人の発言などを書き記す方法は何でしょう？,速記(そっき)
2011,ノーマル,山号を「天音山(てんねんざん)」という、「安珍・清姫伝説」の舞台として知られる和歌山県のお寺は何でしょう？,道成寺(どうじょうじ)
2011,ノーマル,ベラスケスの『ブレダの開城』やゴヤの『着衣のマハ』『裸のマハ』などが収蔵されている、スペインの美術館は何でしょう？,プラド美術館(ぷらどびじゅつかん)
2011,ノーマル,阪神タイガース最初の永久欠番である、藤村富美男(ふじむら・ふみお)がつけていた背番号は何番でしょう？,10
2011,ノーマル,日本最北の不凍湖であり、田沢湖に次いで2番目に深い北海道の湖は何でしょう？,支笏湖(しこつこ)
2011,ノーマル,三種混合ワクチンの3種とは、ジフテリア、百日咳と何でしょう？,破傷風(はしょうふう)
2011,ノーマル,約束を取り付けることを「アポをとる」といいますが、この「アポ」とは何という言葉を略したものでしょう？,アポイントメント【「アポイント」も○】
2011,ノーマル,群馬県高崎市が全国シェア8割の生産量を誇る、ある僧侶にちなんだ縁起物の置物は何でしょう？,だるま
2011,ノーマル,数の単位で、12個を1とする単位は「ダース」ですが、12ダースを1とする単位は何でしょう？,グロス
2011,ノーマル,2006年には首都を、2010年には国旗を変更した、東南アジアの国はどこでしょう？,ミャンマー
2011,ノーマル,菅原卓郎(すがわら・たくろう)がボーカルを務めるロックバンドで、『新しい光』『Black Market Blues』などの代表曲があるのは何でしょう？,9mm Parabellum Bullet(キューミリ・パラベラム・バレット)
2011,ノーマル,労働力の中心となる、15歳から64歳の人口層の事を「何人口」というでしょう？,生産年齢人口(せいさんねんれいじんこう)
2011,ノーマル,昨年新たに発売されたお米「つや姫」はどこの都道府県で開発された品種でしょう？,山形(やまがた)
2011,ノーマル,『船乗りシンドバッドの物語』『アリババと40人の盗賊』『アラジンと魔法のランプ』などの話が収められている物語集は何でしょう？,『アラビアンナイト』(『千夜一夜物語』)
2011,ノーマル,スノーボードのハーフパイプで、横に回転する技を「スピン」というのに対し、縦に回転する技を何というでしょう？,フリップ
2011,ノーマル,日本テレビ系列で放送中の連続ドラマ『名探偵コナン工藤新一への挑戦状』で、主人公の工藤新一を演じる俳優は誰でしょう？,溝端淳平(みぞばた・じゅんぺい)
2011,ノーマル,その名は安定剤として使われていたアラビアゴムに由来する、冷たい飲み物によく使われる甘味料といえば何でしょう？,ガムシロップ
2011,ノーマル,サマセット・モームの小説『月と六ペンス』に登場する、ゴーギャンがモデルとされる画家の名前は何でしょう？,チャールズ・ストリックランド
2011,ノーマル,技術やサービスが特定の地域において独特の進化を遂げる事を、太平洋に浮かぶある島の名前を用いて「何化」というでしょう？,ガラパゴス化(がらぱごすか)
2011,ノーマル,アイスホッケーにおいて、自陣から放ったパックが相手陣内のゴールラインを越えてしまうことを何というでしょう？,アイシング(アイシング・ザ・パック)
2011,ノーマル,1896年に画家の黒田清輝/を中心として発足した、明治美術界に対抗する西洋美術の団体は何でしょう？,白馬会(はくばかい)
2011,ノーマル,ゴルフで、芝が短く刈り込まれた、コース中心のエリアのことを何というでしょう？,フェアウェイ
2011,ノーマル,海が非常に荒れているため航海の難所として知られる、南極大陸とホーン岬の間にある海峡は何でしょう？,ドレーク海峡(ドレーク)
2011,ノーマル,股とひざをつなぐ、人体で最も大きな骨は何でしょう？,大腿骨(だいたいこつ)
2011,ノーマル,1895年、日本で最初に路面電車が走った都市はどこでしょう？,京都(きょうと)
2011,ノーマル,映画『英国王のスピーチ』ではコリン・ファースが演じた、エリザベス女王の父親に当たるイギリス王は誰でしょう？,ジョージ6世(じょーじ6よ)
2011,ノーマル,料理人の小松と共に、世界中の食材を求めて冒険する美食屋を描いた、島袋光年(しまぶくろ・みつとし)の人気漫画は何でしょう？,『トリコ』
2011,ノーマル,倉敷市で見られるものが有名な、外壁に瓦を貼り、/継ぎ目に漆喰を盛りつけて塗る様式を、見た目がある生き物に似ていることから何というでしょう？,なまこ壁(なまこかべ)
2011,ノーマル,今年1月、サントリーサンゴリアスを下し、チーム初のラグビートップリーグ優勝を果たしたのはどこでしょう？,三洋電機ワイルドナイツ(さんようでんきわいるどないつ)
2011,ノーマル,ヒマラヤ山脈の西の果てにあるとされる、ジェームズ･ヒルトンが『失われた地平線』の中で描いた理想郷の名前は何でしょう？,シャングリ・ラ
2011,ノーマル,2つの整数における公倍数と公約数のうち、その数に限りがあるのはどちらでしょう？,公約数(こうやくすう)
2011,ノーマル,貧しい頃から連れ添い苦労を分かち合ってきた妻のことを、酒かすやぬかのような粗末な食べ物を使って何というでしょう？,糟糠(そうこう)の妻(そうこう(そうこう)のつま)
2011,ノーマル,その店の格式や信用そのものを指すこともある、商店で屋号を染め抜いて店先に掲げる布を何というでしょう？,のれん
2011,ノーマル,スキューバダイビングで一緒に潜るパートナーのことを、「相棒」を意味する英語で何というでしょう？,バディ
2011,ノーマル,オスマン帝国で整えられた、「新しい兵士」という意味を持つスルタン直属の常備歩兵軍隊を何というでしょう？,イェニチェリ
2011,ノーマル,日本の国立公園で、唯二、名前にひらがなが入っているのは何と何という国立公園でしょう？,阿蘇くじゅう国立公園とやんばる国立公園(あそくじゅうこくりつこうえんとやんばるこくりつこうえん)
2011,ノーマル,ビ・バップの創始者のひとりとされるアメリカのサックス奏者で、「バード」の愛称で知られるのは誰でしょう？,チャーリー・パーカー
2011,ノーマル,細い金属をコイル状にした、白熱電球の発光部を何というでしょう？,フィラメント
2011,ノーマル,今年4月21日に乳がんのため55歳で亡くなった元キャンディーズのメンバーで、「スーちゃん」と呼ばれていたのは誰でしょう？,田中好子(たなか・よしこ)
2011,ノーマル,和名を「ワカバキャベツヤシ」という、健康食品として注目されているアマゾン原産のヤシ科の果実は何でしょう？,アサイー
2011,ノーマル,『竹取物語』の最後の場面で、帝がかぐや姫からもらった不老不死の薬を必要ないと言って燃やした山はどこでしょう？,富士山(ふじさん)
2011,ノーマル,はんにゃの川島やオードリーの若林などのように、相方のキャラが強いあまり目立たないお笑い芸人のことを、俗に何芸人というでしょう？,じゃないほう芸人【「じゃない芸人」も○】(じゃないほうげいにん【「じゃないげいにん」も○】)
2011,ノーマル,今年2月に行われたNFLスーパーボウルで優勝した、初代チャンピオンにも輝いているウィスコンシン州の名門チームは何でしょう？,グリーンベイ・パッカーズ
2011,ノーマル,2011年7月より気象庁が発表を開始した、最高気温が35度を超える日に発表される注意情報は何でしょう？(2020をもって廃止),高温注意情報(こうおんちゅういじょうほう)
2011,ノーマル,皇太子や御曹司などが、トップとなるにふさわしい教養や態度を身につけるための学問のことを「何学」というでしょう？,帝王学(ていおうがく)
2011,ノーマル,カジノのブラックジャックで、絵札であるジャック、クイーン、キングは共に何点の札として扱うでしょう？,10点(10てん)
2011,ノーマル,およそ10兆キロメートルとして計算されることもある、「光が真空中を1年間に進む距離」を1とする単位は何でしょう？,光年(こうねん)
2011,ノーマル,岡屋株式会社の登録商標となっている、ゴルフのスコアカードの記入に用いられるクリップのついた鉛筆は何でしょう？,ペグシル
2011,ノーマル,「第一興商(だいいちこうしょう)アミューズメントマルチメディア」の略である、業界でトップシェアを誇る通信カラオケのブランドは何でしょう？,DAM(ダム)
2011,ノーマル,毒舌執事の影山やお嬢様刑事の宝生麗子(ほうしょう・れいこ)が登場する、2011年の本屋大賞に選ばれた東川篤哉(ひがしがわ・とくや)のミステリーは何でしょう？,『謎解きはディナーの後で』(『なぞときはでぃなーのあとで』)
2011,ノーマル,学校によっては単位として認められる、学生が企業などの研修生として一定期間働く制度を何というでしょう？,インターンシップ(インターン)
2011,ノーマル,昨年、社員食堂のレシピ本が人気を博した、体脂肪計や体組成計で知られる計量機製造メーカーはどこでしょう？,タニタ
2011,ノーマル,1839、高野長英、渡辺崋山らがアメリカ商船・モリソン号の打ち払いを批判して幕府に捕らわれた事件は何でしょう？,蛮社の獄(ばんしゃのごく)
2011,ノーマル,子牛のなめし革を「カーフスキン」といいますが、アザラシやオットセイの毛皮を英語で「何スキン」というでしょう？,シールスキン
2011,ノーマル,土砂の堆積などにより、川底が周囲の平地よりも高くなった川を何というでしょう？,天井川(てんじょうかわ)
2011,ノーマル,現在はF1に限らず幅広い競技で使われる、予選1位の選手がそのまま優勝すること指す言葉は何でしょう？,ポール・トゥ・ウィン
2011,ノーマル,岡本綺堂の戯曲『番町皿屋敷』で、主人の家宝である皿を割ってしまった腰元は誰でしょう？,お菊(おきく)
2011,ノーマル,「同温同圧のとき、全ての気体は同体積中に同数の分子を含む」という法則を、発見者の名から何の法則というでしょう？,アボガドロの法則(あぼがどろのほうそく)
2011,ノーマル,ことわざ「画竜点睛(がりょうてんせい)を欠く」の「睛(せい)」とは、身体のどの部分のことでしょう？,目(め)
2011,ノーマル,元々は城壁に取り付けて兵士を侵入させるために使う兵器であった、漢字で「雲の梯(はしご)」と書く遊具は何でしょう？,雲梯(うんてい)
2011,ノーマル,ずばり、宇宙空間にもっとも多く存在する元素は何でしょう？,水素(すいそ)
2011,ノーマル,初代「NJKF・ニュージャパンキックボクシング連盟」スーパーウェルター級王者で、コスプレでのリングインでも話題の総合格闘家といえばだれでしょう？,長島☆自演乙☆雄一郎(ながしま・じえんおつ・ゆういちろう)
2011,ノーマル,世界一高いビル「ブルジュ・ハリファ」が立ち、経済成長が目覚ましい中東の都市はどこでしょう？,ドバイ
2011,ノーマル,ギターなどのコードを弾く際、指で押さえていない弦のことを何というでしょう？,開放弦(かいほうげん)
2011,ノーマル,手形や小切手の支払日を過ぎても所有者にお金が支払われない状態を何というでしょう？,不渡り(ふわたり)
2011,ノーマル,世界三大珍味といえば、キャビア、トリュフと何でしょう？,フォアグラ
2011,ノーマル,「女性を手で簡単に扱える」という意味の英語を由来とする、顔立ちの良い男性を指す言葉は何でしょう？,ハンサム
2011,ノーマル,歌舞伎『楼門五三桐(さんもんごさんのきり)』の主人公で、南禅寺の山門で「絶景かな、絶景かな」と叫ぶ大泥棒といえば誰でしょう？,石川五右衛門(いしかわごえもん)
2011,ノーマル,日本のプロ野球1軍で、打者の規定打席数とは、チームの試合数にいくつをかけたものでしょう？,3.1倍(3.1ばい)
2011,ノーマル,1組108枚のデッキから1人7枚ずつを取り、同じ色か数字を合わせて札を場に捨てるゲームは何でしょう？,UNO(ウノ)
2011,ノーマル,イマヌエル・カントが自身の哲学を評した言葉で、物の見方が180度変わる意味でも使われるのは何でしょう？,コペルニクス的転回(こぺるにくすてきてんかい)
2011,ノーマル,英語名を「ノース・パシフィック・ジャイアント・オクトパス」という、世界最大のタコは何でしょう？,ミズダコ(オオダコ)
2011,ノーマル,患者が薬を処方通りに飲むことと、企業の法令遵守の理念に共通する英語は何でしょう？,コンプライアンス
2011,ノーマル,カクテルのスクリュードライバー、ソルティドッグ、モスコミュールといえば、ベースとなるお酒は何でしょう？,ウォツカ(ウォッカ、ウォトカ)
2011,ノーマル,昨年12月、さかなクンへのイラスト依頼をきっかけに西湖(さいこ)で再発見された、かつては田沢湖のみに生息していた魚は何でしょう？,クニマス
2011,ノーマル,バレーボールの試合で、一方のチームが一定の点数に達したときに取られるタイムアウトを何というでしょう？,テクニカルタイムアウト
2011,ノーマル,ドミニカ共和国の首都はサントドミンゴですが、ドミニカ国の首都はどこでしょう？,ロゾー
2011,ノーマル,昨年には9年ぶりの日本公演を行った、『風に吹かれて』『ライク・ア・ローリング・ストーン』などの曲で知られるシンガーは誰でしょう？,ボブ・ディラン
2011,ノーマル,色の種類で、パール、アイボリー、オイスターといえば、共通して後ろに付く言葉は何でしょう？,ホワイト
2011,ノーマル,バルト海に面するドイツの都市で、中世にハンザ同盟の盟主として栄えたのはどこでしょう？,リューベック
2011,ノーマル,イスラム圏の民族衣装を原型とする、股下が深くゆったりした、ファッションアイテムとして人気のパンツは何でしょう？,サルエルパンツ
2011,ノーマル,1938年に日本プロ野球史上初の三冠王となった選手は誰でしょう？,中島治康(なかじま・はるやす)
2011,ノーマル,「石炭をばはや積み果てつ」という書き出しで始まる、太田豊太郎とエリスの悲恋を描いた森鴎外の小説は何でしょう？,『舞姫』(『まいひめ』)
2011,ノーマル,ラテン語で「安息日」という意味がある、特に大学の教員に与えられる長期休暇のことを何というでしょう？,サバティカル
2011,ノーマル,0から255までの数字4組で表されることが多い、ネットワーク上のコンピュータを識別するための番号を何というでしょう？,IPアドレス
2011,ノーマル,力のある者が更に力を増すという意味のことわざで、「鬼に」といえば「金棒」ですが、「虎に」といえば何でしょう？,翼(つばさ)
2011,ノーマル,日本語では「介護支援専門員」という、介護が必要と認定された人に支援計画を作成する専門職は何でしょう？,ケアマネージャー
2011,ノーマル,全天88星座の中で、唯一昆虫の名前を持つのは何座でしょう？,はえ座(はえざ)
2011,ノーマル,サッカーの試合で、エルクラシコがおこなわれるのはスペインですが、スーペルクラシコがおこなわれるのはどこの国でしょう？,アルゼンチン
2011,ノーマル,1867年に徳川慶喜(よしのぶ)が大政奉還を行ったのは京都の何という城でしょう？,二条城(にじょうじょう)
2011,ノーマル,「チャイコフスキー国際音楽コンクール」の4つの部門といえば、バイオリン、ピアノ、チェロと何でしょう？,声楽(せいがく)
2011,ノーマル,地方議会が自治体の事務調査のために設置する委員会を、根拠となる地方自治法の条文から何というでしょう？,百条委員会(ひゃくじょういいんかい)
2011,ノーマル,成熟が遅く果肉が白っぽいことから名付けられた、「柑橘類の王様」と呼ばれるボンタンの一種は何でしょう？,晩白柚(ばんぺいゆ)
2011,ノーマル,1814年から翌年にかけて開催された、「会議は踊る、されど進まず」と皮肉られた国際会議は何でしょう？,ウィーン会議(うぃーんかいぎ)
2011,ノーマル,日本テレビ系の情報番組『Going!Sports&News』で日曜日のキャスターを務めているKAT-TUNのメンバーは誰でしょう？,亀梨和也(かめなし・かずや)
2011,ノーマル,陸上競技で行われる4種類の投擲(とうてき)種目のうち、投擲が有効となる扇形の中心角が最も狭くなっているのはどれでしょう？,やり投げ(やりなげ)
2011,ノーマル,京都大学ミステリ研究会出身の作家で、『十角館の殺人』に始まる「館シリーズ」で知られるのは誰でしょう？,綾辻行人(あやつじ・ゆきと)
2011,ノーマル,椎や栗、クヌギの木が用いられる、椎茸の栽培するとき、菌を植えつけて苗床とするための丸太を何というでしょう？,ほた木(ほだ木)
2011,ノーマル,原稿を書き始めることを「起稿」といいますが、書き終えることを何というでしょう？,脱稿(だっこう)
2011,ノーマル,格安航空会社として話題の「エア・アジア」が本社を置く国はどこでしょう？,マレーシア
2011,ノーマル,「青酸カリ」の「カリ」とはカリウムのことですが、「青酸ソーダ」の「ソーダ」とは何という元素のことでしょう？,ナトリウム
2011,ノーマル,アーチェリーの標的で、10点と9点の部分の色は何色でしょう？,黄色(きいろ)
2011,ノーマル,安芸(あき)の国と伊予の国にまたがることから名がついた、瀬戸内海西部に位置する諸島は何でしょう？,芸予(げいよ)諸島(げいよ(げいよ)しょしま)
2011,ノーマル,スポーツ観戦を指す「PV」とは「パブリック・ビューイング」の略ですが、楽曲のイメージ映像を指す「PV」とは何という言葉の略でしょう？,プロモーション・ビデオ
2011,ノーマル,憲法第49条の規定に基づき国庫から支給される、国会議員が受ける給与を何というでしょう？,歳費(さいひ)
2011,ノーマル,ボタンやハンドルなどにおいて、パーツが密着しておらず、少し動かしても機械の動きに影響しない余裕のことを何というでしょう？,遊び(あそび)
2011,ノーマル,鎌倉の大仏のように、屋根のないところで野ざらしにされている大仏のことを「何の大仏」というでしょう？,露座(ろざ)の大仏(ろざ(ろざ)のだいぶつ)
2011,ノーマル,右利きの選手は1番と2番ピンの間、左利きの選手は1番と3番ピンの間のことを指す、ボウリング用語で「ポケット」の反対側のことを何というでしょう？,ブルックリン
2011,ノーマル,来年春、ある建造物の開業にあわせて改称が予定されている東武伊勢崎線・業平橋(なりひらばし)駅の、新しい名前は何でしょう？,とうきょうスカイツリー駅(とうきょうすかいつりーえき)
2011,ノーマル,酸性・アルカリ性を示す指数「pH(ペーハー)」とは、何というイオンの濃度を示す指数でしょう？,水素イオン【厳密には「オキソニウムイオン」】(すいそいおん【げんみつには「おきそにうむいおん」】)
2011,ノーマル,ギリシア語で「宝物庫」という意味がある、言葉を意味によって分類した類語辞典を何というでしょう？,シソーラス
2011,ノーマル,毎年春と秋の2回、天皇皇后両陛下が国内外の功労者を赤坂御苑(ぎょえん)に招く催しを何というでしょう？,園遊会(えんゆうかい)
2011,ノーマル,天気図をその対象から大きく2つにわけると、地上天気図と何でしょう？,高層天気図(こうそうてんきず)
2011,ノーマル,トライアスロンで「オリンピックディスタンス」といったとき、その競技距離を合計すると何kmになるでしょう？,51.5km
2011,ノーマル,ボーキサイトの名前の由来となったレ・ボーという地名があるのは、どこの国でしょう？,フランス
2011,ノーマル,これまでに、相対性理論、THE BAWDIES(ザ・ボウディーズ)、andymori(アンディモリ)が大賞を受賞した、全国のレコード店員によって選出される音楽賞は何でしょう？,CDショップ大賞(CDしょっぷたいしょう)
2011,ノーマル,マイクロソフトなど30銘柄から算出される株価指数を、公表している通信社の名前から何というでしょう？,ダウ平均株価(だうへいきんかぶか)
2011,ノーマル,めいらくグループが製造しているコーヒーフレッシュで、「褐色の恋人」のキャッチフレーズで知られるのは何でしょう？,スジャータ
2011,ノーマル,いくつかの具体的事実から一般的な命題や法則を導き出す思考のプロセスのことを、「演繹(えんえき)」に対して何というでしょう？,帰納(きのう)
2011,ノーマル,昨年、『夢見る15歳(フィフティーン)』でメジャーデビューした、小川紗季(さき)、福田花音(かのん)、前田憂佳(ゆうか)、和田彩花(あやか)の4人からなるアイドルグループは何でしょう？,S/mileage(スマイレージ)
2011,ノーマル,日本語では「落とし卵」という、沸騰したお湯に酢を混ぜ、その中に卵を割り入れてゆでた料理を何というでしょう？,ポーチドエッグ
2011,ノーマル,紫式部が『源氏物語』を執筆した「源氏の間」があることでも知られる、滋賀県にあるお寺は何でしょう？,石山寺(いしやまでら)
2011,ノーマル,緑と赤のコントラストが美しいことから「クリスマスフラワー」とも呼ばれる、トウダイグサ科の常緑低木は何でしょう？,ポインセチア(ショウジョウボク)
2011,ノーマル,漢字の「罪」と「罰」の2つに共通する部首は何でしょう？,あみがしら(あみめ、よんがしら、よこめ)
2011,ノーマル,今年5月のベルリン・フィルハーモニー管弦楽団の定期公演で指揮を執った、現在テレビ朝日系列の『題名のない音楽会』の司会を務めている指揮者は誰でしょう？,佐渡裕(さど・ゆたか)
2011,ノーマル,親指をかける穴が空いていることが多い、絵を描くとき、絵の具を調合する為に使う板のことを何というでしょう？,パレット(調色板)
2011,ノーマル,アメリカのプロバスケットボールリーグ・NBAのシンボルマークにシルエットとして描かれている往年の名選手は誰でしょう？,ジェリー・ウェスト
2011,ノーマル,南アメリカ大陸で赤道が通過している3つの国とは、ブラジル、エクアドルとどこでしょう？,コロンビア
2011,ノーマル,｢ねじれた細菌」という意味がある、アメリカの科学者ワクスマンによって発見された抗生物質は何でしょう？,ストレプトマイシン
2011,ノーマル,ニクソン大統領が辞任する原因となった、1972年、アメリカ民主党本部への盗聴器設置未遂事件に端を発する一連の政治スキャンダルは何でしょう？,ウォーターゲート事件(うぉーたーげーとじけん)
2011,ノーマル,ホイールベースが長いほど大きくなる、自動車が曲がる際に前輪よりも後輪が内側を通る現象を何というでしょう？,内輪差(ないりんさ)
2011,ノーマル,南米沿岸を航海したフィレンツェ出身の商人・探検家で、「アメリカ」という名前の由来となったのは誰でしょう？,アメリゴ・ヴェスプッチ
2011,ノーマル,ディズニー映画の『トイストーリー』シリーズに登場する、主人公のカウボーイ人形の名前は何でしょう？,ウッディ
2011,ノーマル,1908年、1948年に続き、来年2012年に3度目の夏のオリンピックが開催される都市はどこでしょう？,ロンドン
2011,ノーマル,ギリシャ神話に登場する神様で、ゼウスから火を盗み人間に与えたために罰を受けたのは誰でしょう？,プロメテウス
2011,ノーマル,辺の数と対角線の数が等しい、唯一の多角形は何でしょう？,五角形(ごかくけい)
2011,ノーマル,生まれた赤ちゃんに初めて着せる着物のことを何というでしょう？,産着(うぶぎ)
2011,ノーマル,「液体中の物体が受ける浮力の大きさは、その物体が押しのけた液体の重さに等しい」という原理を、発見した人物の名前から「誰の原理」というでしょう？,アルキメデスの原理(あるきめですのげんり)
2011,ノーマル,ジャン・ティガナ、アラン・ジレスとともに「三銃士」と呼ばれたフランスのサッカー選手で、現在ヨーロッパサッカー連盟会長を務めるのは誰でしょう？,ミシェル・プラティニ
2011,ノーマル,重い負担や消えることのない罪をいつまでも抱えることを、キリスト教の象徴に例えて「何を背負う」というでしょう？,十字架(じゅうじか)
2011,ノーマル,新潟県にある「魚(さかな)」という字がつく3つの市とは、魚沼市、南魚沼市とあとひとつはどこでしょう？,糸魚川(いといがわ)(いといがわ(いといがわ))
2011,ノーマル,バレエやオペラの舞台でよくみかける、ステージ前に設けられた楽器演奏を行うためのスペースを何というでしょう？,オーケストラ・ピット
2011,ノーマル,フランス語で「緩み」という意味がある、特に冷戦時代の米ソにおける緊張緩和の動きを何というでしょう？,デタント
2011,ノーマル,染め物の一種で、植物からとった天然の色素を利用して染めるものを何というでしょう？,草木(くさき・そうもく)染め(そうもく(くさき・そうもく)そめ)
2011,ノーマル,平安時代末期に描かれた『伴大納言絵詞(ばんだいなごんえことば)』の題材である、866年に起きた政治事件は何でしょう？,応天門の変(おうてんもんのへん)
2011,ノーマル,1995年から昨年退団するまで英国ロイヤル・バレエ団のプリンシパルとして活躍した、東京都出身のバレリーナは誰でしょう？,吉田(よしだ・みやこ)
2011,ノーマル,南木佳士(なぎ・けいし)、夏川草介(なつかわ・そうすけ)、海堂尊(かいどう・たける)といえば、いずれもどんな職業と兼業している作家でしょう？,医者(いしゃ)
2011,ノーマル,「大正三色(さんしょく)」や「昭和三色」などの種類がある、観賞用に改良された色鮮やかなコイを特に何というでしょう？,錦鯉(にしきごい)
2011,ノーマル,服を着たまま全身ずぶ濡れになってしまうことを、ある動物を使った表現で「何になる」というでしょう？,濡れねずみ(ぬれねずみ)
2011,ノーマル,道路標識の「追い越し禁止」に、矢印は何本描かれているでしょう？,2本(2ほん)
2011,ノーマル,ある関数を微分して得られる関数を「導関数」というのに対し、微分される前の元の関数を何というでしょう？,原始関数(げんしかんすう)
2011,ノーマル,野球でDHといえば「指名打者」のことですが、アルペンスキーでDHといえばどんな種目のことを指すでしょう？,滑降(ダウンヒル)
2011,ノーマル,タイヤの表面にスパイクがない/ことから名付けられた、滑りやすい凍結した道での運転で使われる冬用のタイヤは何でしょう？,スタッドレスタイヤ(スタッドレス)
2011,ノーマル,童謡『おはなしゆびさん』に登場する5本の指のうち、唯一、性別が明らかでないのはどの指でしょう？,赤ちゃん指(小指)
2011,ノーマル,昨年、朝鮮人民軍大将に就任し、金正日(キム・ジョンイル)の後継者として有力視されている人物は誰でしょう？,金正恩(キム・ジョンウン)
2011,ノーマル,1907年にドライクリーニングを日本で初めておこなった、/日本最大規模のクリーニング業者といえば何でしょう？,白洋舎(はくようしゃ)
2011,ノーマル,京都の龍安寺を創建したことでも知られる、応仁の乱で東軍を率いていた室町時代の武将は誰でしょう？,細川勝元(ほそかわ・かつもと)
2011,ノーマル,今年はトヨタ自動車が制した「全日本実業団対抗駅伝」のことを、元日に開催されることから何というでしょう？,ニューイヤー駅伝(にゅーいやーえきでん)
2011,ノーマル,妊婦さんが着る、お腹にゆとりを持たせた服を何というでしょう？,マタニティ・ウェア(マタニティ・ドレス)
2011,ノーマル,元素記号をアルファベット順に並べたとき、1番目はアクチニウム、2番目は銀ですが、3番目は何でしょう？,アルミニウム
2011,ノーマル,わずかな前触れから将来の大きな出来事を予測する事を、「一葉(いちよう)落ちて天下の何を知る」というでしょう？,秋(あき)
2011,ノーマル,オゾン層が存在する、上空約11キロ～50キロに広がる大気圏の一部分を何というでしょう？,成層圏(せいそうけん)
2011,ノーマル,1972年の札幌オリンピック女子フィギュアスケートで銅メダルを獲得し、「札幌の恋人」と呼ばれたアメリカのスケート選手は誰でしょう？,ジャネット・リン
2011,ノーマル,アメリカ合衆国の州で、唯一、ひとつの州としか接していないのは何州でしょう？,メーン州(めーんしゅう)
2011,ノーマル,日本語では「狂詩曲」といわれる、民族的な内容を表現した楽曲形式は何でしょう？,ラプソディー
2011,ノーマル,多くの銀行や保険会社が連なり金融市場の代名詞/となっている、ロンドンのシティにある通りは何でしょう？,ロンバード街(ロンバード)
2011,ノーマル,考案したシェフの出身地である町の名前に由来する、冷たいジャガイモのポタージュスープは何でしょう？,ヴィシソワーズ
2011,ノーマル,『自省録』という著書を残し「哲人皇帝」とも称された、ローマ五賢帝で最後に皇位についた人物は誰でしょう？,マルクス・アウレリウス・アントニヌス(マルクス・アルレリウス)
2011,ノーマル,川村エミコと白鳥久美子(しらとり・くみこ)の2人が結成している人気お笑いコンビは何でしょう？,たんぽぽ
2011,ノーマル,裏返して広げたカードの中から2枚を選んでめくり、数字が同じものを当てて取った数を競う、トランプゲームの一種は何でしょう？,神経衰弱(しんけいすいじゃく)
2011,ノーマル,詩集『在りし日の歌』や『山羊の歌』などで知られる、山口県生まれの詩人は誰でしょう？,中原中也(なかはら・ちゅうや)
2011,ノーマル,英語では「レディバード」「レディバグ」という、ナミ、ナナホシなどの種類がいる虫は何でしょう？,テントウムシ
2011,ノーマル,本能寺の変の後、1584年に起こった、織田信雄(おだ・のぶお)・徳川家康連合軍と豊臣秀吉との戦いを何というでしょう？,小牧・長久手の戦い(こまき・ながくてのたたかい)
2011,ノーマル,飛行機の「操縦席部分」をコックピットといいますが、「客室部分」を何というでしょう？,キャビン
2011,ノーマル,活け作りやカツオのたたきなどを浅くて大きな皿に盛り付けて出す、高知県の郷土料理は何でしょう？,皿鉢(さわち)料理(さらはち(さわち)りょうり)
2011,ノーマル,地球を巨大な磁石に見立てたとき、N極にあたるのは北極・南極のどちらでしょう？,南極(なんきょく)
2011,ノーマル,ファイナルでボストン・セルティックスを破り、昨シーズンのNBAチャンピオンとなったチームはどこでしょう？,ロサンゼルス・レイカーズ
2011,ノーマル,山号を洪隠山(こういんざん)という京都市のお寺で、境内に100種類以上のコケが生えていることから「苔寺」の別名をもつのは何でしょう？,西芳寺(さいほうじ)
2011,ノーマル,音響用語の「Lo-Fi(ローファイ)」や「Hi-Fi(ハイファイ)」の「Fi」とは、何という英単語の略でしょう？,Fidelity(フィデリティー)
2011,ノーマル,ロシアの通貨単位「ルーブル」の補助通貨単位は何でしょう？,コペイカ(カペイカ)
2011,ノーマル,座布団は、普通何枚を1組と数えるでしょう？,5枚(5まい)
2011,ノーマル,ルドルフ・イエーニッシュとともに2011年のウルフ賞医学部門を受賞した、人工多能性幹細胞を世界で初めて開発した日本の医学者は誰でしょう？,山中伸弥(やまなか・しんや)
2011,ノーマル,ワイシャツの袖口を閉じるために使う飾りボタンのことを特に何というでしょう？,カフスボタン(カフリンクス)
2011,ノーマル,現役時代は4年連続盗塁王を記録するなど俊足でならした人物で、監督として昨年、千葉ロッテマリーンズを日本一に導いたのは誰でしょう？,西村徳文(にしむら・のりふみ)
2011,ノーマル,宮沢賢治の作品『銀河鉄道の夜』で、主人公のジョバンニとともに旅をする友人の名前は何でしょう？,カンパネルラ(カムパネルラ)
2011,ノーマル,化学反応式において、上向きの矢印は気体の発生を表しますが、下向きの矢印は何を表すでしょう？,沈殿(析出)
2011,ノーマル,何物も恐れずゆったりと落ち着いていることを、鷹が空を飛ぶ様子にたとえて何というでしょう？,鷹揚(おうよう)
2011,ノーマル,相撲ではつっぱりの練習を、鍋の具材ではフグを意味する言葉は何でしょう？,てっぽう
2011,ノーマル,「彦星」や「牽牛星(けんぎゅうせい)」という別名がある、わし座のアルファ星は何でしょう？,アルタイル
2011,ノーマル,日本の中央競馬で、春の天皇賞で競う距離は3200mですが、秋の天皇賞で競う距離は何mでしょう？,2000m
2011,ノーマル,日本統治時代は新高山(にいたかやま)と呼ばれていた、台湾の最高峰は何でしょう？,玉山(ぎょくざん、ユイシャン)
2011,ノーマル,新潟、柳ケ瀬(やながせ)、伊勢佐木町(いせざきちょう)の後につくと曲のタイトルになる、音楽の形式は何でしょう？,ブルース
2011,ノーマル,本予算の成立後、情勢変化のために追加や修正で組まれる予算を何というでしょう？,補正予算(ほせいよさん)
2011,ノーマル,噛んだ時の音から名付けられたとされる、ハタハタの卵を指す言葉は何でしょう？,ブリコ
2011,ノーマル,ヴィクトリア滝に臨むザンビアの都市に名を残す、ヨーロッパ人として最初にアフリカ大陸を横断したとされる探検家は誰でしょう？,デイヴィッド・リヴィングストン
2011,ノーマル,原色を生かした色彩と太い線でデフォルメされた構成が特徴の、ドランやブラマンク、マティスらに代表される美術の一派を何というでしょう？,野獣派(フォーヴィズム)
2011,ノーマル,高校スポーツの全国大会の通称で、秋田で行われる魁星旗(かいせいき)、福岡で行われる玉竜旗(ぎょくりゅうき)といえば、行われる競技は何でしょう？,剣道(けんどう)
2011,ノーマル,『水滸伝』や『西遊記』などに代表される、中国語の口語体で書かれた文学作品を、ある色を使った言葉で何文学というでしょう？,白話文学(はくわぶんがく)
2011,ノーマル,台形の中でも特に、平行でない向かい合う辺の長さが等しいものを何というでしょう？,等脚台形(などきゃくだいかたち)
2011,ノーマル,中国・周の時代に活躍した軍師・呂尚(りょしょう)の別名で、釣りが好きな人を指す言葉にもなっているのは何でしょう？,太公望(たいこうぼう)
2011,ノーマル,アルファベット4文字で「SMBC」と略される、日本を代表するメガバンクは何でしょう？,三井住友銀行(みついすみともぎんこう)
2011,ノーマル,なだらかな肩を「なで肩」というのに対し、高く角張った肩を何というでしょう？,いかり肩(いかりかた)
2011,ノーマル,ボート競技で、1人1本のオールで漕ぐものをスウィープ種目といいますが、1人2本のオールで漕ぐ種目を何というでしょう？,スカル種目(すかるしゅもく)
2011,ノーマル,備長炭の材料としても知られる、和歌山県の県の木は何でしょう？,ウバメガシ
2011,ノーマル,『グノシェンヌ』『ヴェクサシオン』『ジムノペディ』などのピアノ曲を残したフランスの作曲家は誰でしょう？,エリック・アルフレッド・レスリ・サティ
2011,ノーマル,アフガニスタン紛争など機密情報の暴露で話題となった、ジュリアン・アサンジにより創設されたウェブサイトは何でしょう？,ウィキリークス
2011,ノーマル,建築用語で、平屋(ひらや)の上に新たに2階部分を増築することを特に何というでしょう？,おかぐら
2011,ノーマル,ボウリングで、スペアもストライクもとれなかったフレームのことを何というでしょう？,オープンフレーム
2011,ノーマル,先端には唱歌でもおなじみの伊良湖(いらご)岬がある、愛知県東部の半島といえばどこでしょう？,渥美(あつみ)半島(あつみ(あつみ)はんしま)
2011,ノーマル,音楽グループ「THE ALFEE」と「Mr.Children」のボーカルに共通する名字は何でしょう？,桜井(さくらい)
2011,ノーマル,1895年にアメリカ人のパルマーによって創始された、手を使って脊椎の歪みを矯正する治療法のことを何というでしょう？,カイロプラクティック
2011,ノーマル,英語で、同義語のことを「シノニム」というのに対し、対義語のことを何というでしょう？,アントニム
2011,ノーマル,関東では2月8日、関西では12月8日に行われるのが一般的な、ある裁縫道具を豆腐に刺してねぎらう行事を何というでしょう？,針供養(はりくよう)
2011,ノーマル,英語で「革をなめす」という意味がある、お茶に含まれる渋みの成分を何というでしょう？,タンニン
2011,ノーマル,フィールドホッケーは1チーム11人で行われますが、アイスホッケーは1チーム何人で行われるでしょう？,6人(6にん)
2011,ノーマル,いわゆる「アルプス三大北壁」のうち、スイスとイタリアの国境に位置する山はどれでしょう？,マッターホルン
2011,ノーマル,現在放映中の第43部で打ち切られることが決まった、TBSの長寿時代劇シリーズは何でしょう？,『水戸黄門』(『みとこうもん』)
2011,ノーマル,その風味からチョコレート入りコーヒーの別名にもなっている、イエメンの積出港の名がついたコーヒーの品種は何でしょう？,モカ
2011,ノーマル,おりょうりすることとたべることが好きな2匹の野ねずみの生活を描いた、中川李枝子(なかがわ・りえこ)の絵本シリーズは何でしょう？,『ぐりとぐら』
2011,ノーマル,スペイン料理で食べられる「アングラス」とは、どんな魚の稚魚のことでしょう？,ウナギ
2011,ノーマル,今年生誕200周年を迎えたアメリカの作家で、黒人奴隷の半生(はんせい)を描いた小説『アンクル・トムの小屋』で知られるのは誰でしょう？,ストウ夫人(すとうふじん)
2011,ノーマル,火事が起こったとき、室内の空気が不足したところに急に外気が取り込まれ、爆発的に燃え上がる現象を何というでしょう？,バックドラフト現象(ばっくどらふとげんしょう)
2011,ノーマル,セビリア、コルドバ、グラナダなどの都市がある、スペイン南部の自治州はどこでしょう？,アンダルシア州(あんだるしあしゅう)
2011,ノーマル,遠近法を用いて実際には平行になっているものを描く際に、その延長線が交わる点のことを何というでしょう？,消失点(しょうしつてん)
2011,ノーマル,来月9日から第7回ラグビーワールドカップが開催される国はどこでしょう？,ニュージーランド
2011,ノーマル,戦国時代の古戦場で、天王山があるのは京都府ですが、天目山があるのは何県でしょう？,山梨(やまなし)
2011,ノーマル,血糖を減少させるはたらきがあるため糖尿病の治療にも用いられる、すい臓から分泌されるペプチドホルモンは何でしょう？,インスリン
2011,ノーマル,英語で「SVO文型」というとき、SはSubject、VはVerbの頭文字ですが、Oは何という英単語の頭文字でしょう？,Object
2011,ノーマル,日本語では「単軌鉄道」と訳される、懸垂式と跨座(こざ)式の2種類に分類される鉄道を英語で何というでしょう？,モノレール
2011,ノーマル,太平道の教祖・張角が起こした、後漢から三国時代へと移るきっかけとなった農民反乱は何でしょう？,黄巾(こうきん)の乱(こうきん(こうきん)のらん)
2011,ノーマル,昨年46歳の若さで亡くなった、代表作に『千年女優』『パプリカ』などがあるアニメ監督は誰でしょう？,今敏(こん・さとし)
2011,ノーマル,相撲用語で、得意とする組み方が同じ力士同士の取組を「相四つ」といいますが、違う力士同士の取組を「何四つ」というでしょう？,けんか四つ(けんかよつ)
2011,ノーマル,『ティファニーで朝食を』や『冷血』などの作品で知られる、アメリカの作家は誰でしょう？,トルーマン・カポーティ
2011,ノーマル,数学で、多項式をある文字について次数の大きい順に並べることを「何の順」というでしょう？,降冪(こうべき)
2011,ノーマル,ことわざ「人を呪わば穴二つ」の「穴」とは、何の穴を指すでしょう？,墓(はか)
2011,ノーマル,相手の住んでいる場所ではない特定の連絡先に手紙を送るとき、住所に続けて書く言葉は何でしょう？,気付(きづけ、きつけ)
2011,ノーマル,ヘンケルスを始めとした1000社以上の刃物メーカーがひしめく、ドイツ中西部の都市はどこでしょう？,ゾーリンゲン
2011,ノーマル,『大和本草(やまとほんぞう)』『養生訓(ようじょうくん)』などの著作で知られる江戸時代の学者は誰でしょう？,貝原益軒(かいばら・えきけん)
2011,ノーマル,とらえどころのないさまや要領を得ないさまを、「ひょうたんで何を押さえる」というでしょう？,鯰(なまず)
2011,ノーマル,冬場に海や湖で行う水泳のことを何というでしょう？,寒中水泳(かんちゅうすいえい)
2011,ノーマル,日本三大松原で、気比(けひ)の松原は福井県、三保の松原は静岡県にありますが、虹の松原があるのは何県でしょう？,佐賀(さが)
2011,ノーマル,童謡『赤とんぼ』の作詞をしたのは三木露風ですが、作曲をしたのは誰でしょう？,山田耕筰(やまだ・こうさく)
2011,ノーマル,昭和54年、大分県知事の平松守彦(ひらまつ・もりひこ)が提唱した、各市町村が特産品を育てることで地域を活性化させる運動は何でしょう？,一村一品運動(いちむらいっぴんうんどう)
2011,ノーマル,通称「宅建(たっけん)」とよばれる国家資格の正式名称は何でしょう？,宅地建物取引主任者(たくちたてものとりひきしゅにんもの)
2011,ノーマル,紀元前31年、オクタヴィアヌスの軍がマルクス・アントニウスとクレオパトラの軍を破った海戦は何でしょう？,アクティウムの海戦(あくてぃうむのかいせん)
2011,ノーマル,昨年、短編集『マボロシの鳥』で小説家デビューした、田中裕二と共にお笑いコンビ「爆笑問題」を組む人物は誰でしょう？,太田光(おおた・ひかり)
2011,ノーマル,今年のプロ野球セ・パ交流戦で、史上最多となる3度目の優勝を果たしたチームはどこでしょう？,福岡ソフトバンクホークス(ふくおかそふとばんくほーくす)
2011,ノーマル,イギリスの童謡集『マザーグース』や童話『鏡の国のアリス』に登場する、大きな卵型をしたキャラクターの名前は何でしょう？,ハンプティ・ダンプティ
2011,ノーマル,和名を「トウショウブ」や「オランダショウブ」という、剣(つるぎ)のように尖った葉が特徴的なアヤメ科の植物は何でしょう？,グラジオラス
2011,ノーマル,手入れが行き届いていてよく斬れる刀のことを、「抜けば何散る氷の刃」というでしょう？,玉(たま)
2011,ノーマル,ロケットの打ち上げを意味する英語に由来する、新しいゲーム機と同時に発売されるソフトを指す言葉は何でしょう？,ローンチソフト
2011,ノーマル,1851年に、パリのパンテオンで振り子を使った公開実験を行い、地球の自転を証明したフランスの物理学者は誰でしょう？,レオン・フーコー
2011,ノーマル,アメリカンフットボールで、陣地を回復するためにノーバウンドで相手陣へ大きく蹴りだすことを何というでしょう？,パント
2011,ノーマル,関東の有名な灯台で、観音埼灯台があるのは横須賀市ですが、犬吠埼(いぬぼうさき)灯台があるのは何市でしょう？,銚子(ちょうし)(ちょうし(ちょうし))
2011,ノーマル,1995年に『おしろい花』でデビューした演歌歌手で、日本各地の情景を歌い、「ご当地ソングの女王」と評されているのは誰でしょう？,水森かおり(みずもりかおり)
2011,ノーマル,景気が停滞しているにも/関わらず物価が上昇する現象を、英語で何というでしょう？,スタグフレーション
2011,ノーマル,空港や軍用飛行場で、着陸した航空機を駐機場などに誘導する専門職を何というでしょう？,マーシャラー
2011,ノーマル,セント・オールバーンズの戦いに始まり、ボズワースの戦いによって収束に向かった、15世紀のイギリス王国でおこった内乱は何でしょう？,バラ戦争(ばらせんそう)
2011,ノーマル,小売業界などで、割引価格を「セール」というのに対し、正規価格を何というでしょう？,プロパー
2011,ノーマル,2011年3月6日に亡くなった、1979年の春夏連覇を含む4度の甲子園制覇で知られる元和歌山県立箕島高校の監督は誰でしょう？,尾藤公(びとうただし)
2011,ノーマル,昭和5年に『文藝春秋』の臨時増刊号/として発刊された、直木賞受賞作が掲載されることでも知られる文芸雑誌は何でしょう？,『オール讀物』(オールよみもの)
2011,ノーマル,アップ、ダウン、チャーム、ストレンジ、トップ、ボトムの6種類がある、素粒子の一種は何でしょう？,クォーク
2011,ノーマル,偉業を達成することを「金字塔を打ち立てる」といいますが、この金字塔とはどんな建物のことでしょう？,ピラミッド
2011,ノーマル,「完結させる」という意味がある、DVDレコーダーなどで録画した記録メディアを他の装置でも再生できるようにするための処理を何というでしょう？,ファイナライズ(ファイナライゼーション)
2011,ノーマル,ヘラクレスが退治したヒュドラをモチーフとする、全天で1番大きな星座は何でしょう？,うみへび座(うみへびざ)
2011,ノーマル,プロボクシングの日本タイトルマッチは、普通何ラウンド制で行われるでしょう？,10ラウンド
2011,ノーマル,アイルランドの首都はダブリンですが、アイスランドの首都はどこでしょう？,レイキャビク
2011,ノーマル,木琴の音盤の下に共鳴管をつけた打楽器を何というでしょう？,マリンバ
2011,ノーマル,「KD輸出」とも略される、機械などを部品の形で輸出し、現地で組み立てて販売する方式を何というでしょう？,ノックダウン輸出(のっくだうんゆしゅつ)
2011,ノーマル,その名は歌舞伎十八番のひとつに由来する、いなり寿司と太巻きを組み合わせた折詰のことを何というでしょう？,助六(すけろく)
2011,ノーマル,1862年に尊皇攘夷派が大老・安藤信正(あんどう・のぶまさ)を襲撃した事件を、これが起こった江戸城の門の名前から一般的になんというでしょう？,坂下門外の変(さかしたもんがいのへん)
2011,ノーマル,熊本、大分、福岡、佐賀の4県をまたぐように流れる、九州最大の川は何でしょう？,筑後川(ちくごかわ)
2011,ノーマル,ラテン語で「生活」という意味の言葉が付けられた、ソニー・コンピュータエンターテインメントが年末に発売する予定の新型携帯ゲーム機は何でしょう？,PlayStation Vita(プレイステーション・ヴィータ)
2011,ノーマル,心理学者のエリク・エリクソンが考案した、日本語では「自己同一性」と訳される言葉は何でしょう？,アイデンティティ
2011,ノーマル,海に住む生き物で、漢字で「海の星」と書けばヒトデと読みますが、「海の月」と書くと何と読むでしょう？,クラゲ
2011,ノーマル,科学では電池のことを、野球ではピッチャーとキャッチャーの組み合わせのことを意味する言葉は何でしょう？,バッテリー
2011,ノーマル,ヒンディー語で「熱いスパイス」という意味がある、シナモンやクローブ、ナツメグなどを乾煎り(からいり)し砕いて作られる香辛料は何でしょう？,ガラムマサラ
2011,ノーマル,昨年末にマクドナルドを抜いて、全世界での店舗数単独1位となったファーストフードチェーンは何でしょう？,サブウェイ(SUBWAY)
2011,ノーマル,テニスなどで、相手のボールをノーバウンドで打ち返すことを何というでしょう？,ボレー
2011,ノーマル,切り花を長持ちさせるために、薬品を用いたり、切り口を焼いたりして、水の吸収をよくすることを何というでしょう？,水揚げ(みずあげ)
2011,ノーマル,小型犬の品種名にもなっている、メキシコで面積が最も広い州はどこでしょう？,チワワ州(ちわわしゅう)
2011,ノーマル,両親の血液型がAB型のとき、生まれた子どもの血液型がAB型である確率は理論上何%でしょう？,50%
2011,ノーマル,1955年に第1回アジア・アフリカ会議が開催された、インドネシアの都市はどこでしょう？,バンドン
2011,ノーマル,東京都中央区から青森県青森市までを結ぶ、日本の国道の中で最も長いものは何号線でしょう？,4号線(4ごうせん)
2011,ノーマル,クリミア戦争に看護師として従軍し、「クリミアの天使」と呼ばれたイギリス人女性は誰でしょう？,フローレンス・ナイチンゲール
2011,ノーマル,セシルカットやサブリナパンツに代表される、映画が元となって流行したファッションのことを何というでしょう？,シネモード
2011,ノーマル,野球で、試合開始前に行われる、選手がそれぞれの守備位置について受ける守備練習のことを何というでしょう？,シートノック,
2011,ノーマル,療養のために訪れた兵庫県の温泉地/での出来事を綴った、志賀直哉(しが・なおや)の短編小説のタイトルは何でしょう？,『城の崎にて』(きのさきにて),"登場人物は「私」と、蜂と鼠とイモリ。
城崎温泉がある城崎町は豊岡市。"
2011,ノーマル,南アメリカに生息するペンギンや、ペルー海流の別名にその名を残す、ドイツの地理学者は誰でしょう？,アレクサンダー・フォン・フンボルト
2011,ノーマル,慣用句で、無愛想に相手をもてなすことを「木で何をくくる」というでしょう？,鼻(はな)
2011,ノーマル,磁場の中を運動する荷電粒子が磁場から受ける力のことを、発見したオランダの物理学者の名前をとって何というでしょう？,ローレンツ力(りょく)
2011,ノーマル,試合をコントロールする役割を担うことから、ポルトガル語で「ハンドル」という意味を持つ、サッカーの守備的ミッドフィルダーを指す言葉は何でしょう？,ボランチ
2011,ノーマル,スペイン語で「赤い」という意味の名前を持つアメリカの州で、州都をデンバーにおくのはどこでしょう？,コロラド州(ころらどしゅう)
2011,ノーマル,昨年ドラマ化された『フリーター、家を買う。』や、今年映画化された映画『阪急電車』の原作者としても知られる女性作家は誰でしょう？,有川浩(ありかわ・ひろ)
2011,ノーマル,画家カヴァラドッシとタイトルロールの歌姫の悲恋を題材とした、プッチーニのオペラは何でしょう？,『トスカ』
2011,ノーマル,オランダ・リンブルフ州の州都で、1992年に欧州連合の創設条約が調印されたのはどこでしょう？,マーストリヒト
2011,ノーマル,現在、中国の深圳(しんせん)で夏季大会が開催されており、冬季大会はトルコのエルズルムで開催される、2年に一度行われる国際学生競技大会の通称は何でしょう？,ユニバーシアード
2011,ノーマル,ウシの4つの胃袋とは、ミノ、ハチノス、センマイと何でしょう？,ギアラ
2011,ノーマル,「人間の顔をした社会主義」をスローガンとして、1968年にチェコスロバキアで起きた民主化運動を何というでしょう？,プラハの春(ぷらはのはる)
2011,ノーマル,2006年の「第11回国民的美少女コンテスト」ではモデル部門賞とマルチメディア賞を受賞している、ドラマ『アスコーマーチ』などで注目を浴びる若手女優は誰でしょう？,武井咲(たけい・えみ)
2011,ノーマル,静岡県の県の鳥である、鳴き声が「ツキヒーホシ、ホイホイホイ」と聞こえることから名づけられた鳥は何でしょう？,サンコウチョウ
2011,ノーマル,折り紙の折り方で、折った線が外側に見えるように折るものを「山折り」というのに対し、線が内側になるように折るものを何というでしょう？,谷折り(たにおり)
2011,ノーマル,日本製品のバーコードに付けられる2種類の国コードとは、「49」と何でしょう？,45
2011,ノーマル,ケンブリッジ大学付属の研究機関にその名を残す、水素の発見者として知られるイギリス人化学者は誰でしょう？,ヘンリー・キャヴェンディッシュ
2011,ノーマル,日本で初めて鉄砲が伝来し、JAXA(ジャクサ)の宇宙センターがあることで知られる、鹿児島県の島はどこでしょう？,種子島(たねがしま)
2011,ノーマル,「動物の遠吠え」という意味がある、スピーカーから出た音が再びマイクなどに入り、雑音が発生する現象は何でしょう？,ハウリング
2011,ノーマル,富士山の山開きが行われるのは毎年何月何日でしょう？,7月1日(7がつ1にち)
2011,ノーマル,「第一条皇位は、皇統に属する男系の男子が、これを継承する。」に始まる、日本の皇室に関する事項を定めた法律は何でしょう？,皇室典範(こうしつてんぱん)
2011,ノーマル,小型自動車「ナノ」の生産で知られる、ムンバイに本社を置くインド最大の自動車会社は何でしょう？,タタ・モーターズ
2011,ノーマル,江戸時代の宿場で、食事付きの宿を旅籠屋(はたごや)といったのに対し、薪代を払って自炊する宿を何といったでしょう？,木賃宿(きちんやど)
2011,ノーマル,日本の国宝第1号・弥勒菩薩(みろくぼさつ)像は、何という寺に置かれているでしょう？,広隆寺(こうりゅうじ)
2011,ノーマル,母国ではアイドル的な人気を誇る、昨年10月にセリーナ・ウィリアムズに代わってデンマーク人として初めて世界ランキング1位となった女子テニス選手は誰でしょう？,キャロライン・ウォズニアッキ
2011,ノーマル,後醍醐天皇の即位から南北朝時代の混乱までの約50年間について書かれている、40巻からなる軍記物語は何でしょう？,『太平記』【『古典太平記』も○】(『たいへいき』【『こてんたいへいき』も○】)
2011,ノーマル,理科の実験で用いられる「塩化コバルト紙」は、何の検出に用いられる紙でしょう？,水(みず)
2011,ノーマル,漢字で、木偏に甚(はなは)だしいと書く植物と、魚偏に春と書く魚に共通する読み方は何でしょう？,さわら
2011,ノーマル,立秋を過ぎても残る暑さを｢残暑｣というのに対し、立春を過ぎても残る寒さを何というでしょう？,余寒(よかん)
2011,ノーマル,火成岩を大きく2つに分けると、急激に冷えて固まった火山岩とゆっくり冷えて固まった何でしょう？,深成岩(しんせいいわ)
2011,ノーマル,1896年のアテネオリンピックにおいて優勝者に与えられたのは、金メダルではなく何だったでしょう？,銀メダル(ぎんめだる)
2011,ノーマル,モザンビーク海峡を挟んでアフリカ大陸を臨む、世界で4番目に面積が広い島は何でしょう？,マダガスカル島(まだがすかるしま)
2011,ノーマル,今年1月5日に亡くなった、平尾正晃(ひらお・まさあき)、ミッキー・カーチスと共に「ロカビリー三人男」と呼ばれた歌手は誰でしょう？,山下敬二郎(やました・けいじろう)
2011,ノーマル,APEC・アジア太平洋経済協力会議の常設事務局がある国はどこでしょう？,シンガポール
2011,ノーマル,「ノビレチン」というフラボノイドが多く含まれる、沖縄特産の酸味の強いミカン科の果物は何でしょう？,シークヮーサー(ヒラミレモン)
2011,ノーマル,父に歌人の斉藤茂吉を持つ、『楡家(にれけ)の人びと』『どくとるマンボウ航海記』などの代表作がある小説家は誰でしょう？,北杜夫(きた・もりお)
2011,ノーマル,昨年度の日本国内女子ゴルフツアーで、韓国人初の賞金女王となった選手は誰でしょう？,アン・ソンジュ
2011,ノーマル,『世界は危険で面白い』という著書がある、独特の風貌と口調で人気の戦場カメラマンは誰でしょう？,渡部陽一(わたなべ・よういち)
2011,ノーマル,タレにつけた羊の肉と野菜を、中央が盛り上がった鉄鍋で焼いて食べる、北海道の郷土料理は何でしょう？,ジンギスカン
2011,ノーマル,死んだ時に流した血からアネモネの花が咲いたとされる、ギリシャ神話に登場する美少年は誰でしょう？,アドニス
2011,ノーマル,飼料作物としてよく使われる、「ルーサン」や「ムラサキウマゴヤシ」の別名でも知られるマメ科の野菜は何でしょう？,アルファルファ
2011,ノーマル,色を表す漢字で、紺、紅(べに)、緑に共通する部首は何でしょう？,いとへん
2011,ノーマル,現在はジョージ・ツポウ5世を国家元首とする、首都をヌクアロファにおく南太平洋の王国はどこでしょう？,トンガ
2011,ノーマル,『ココ・シャネル嬢の肖像』などの淡い色彩の作品で知られるフランスの女流画家で、詩人のギョーム・アポリネールとの恋愛で知られるのは誰でしょう？,マリー・ローランサン
2011,ノーマル,現在JBLのリンク栃木ブレックスに所属する、日本人初のNBAプレイヤーは誰でしょう？,田臥勇太(たぶせ・ゆうた)
2011,ノーマル,かつては「ビザンティオン」/や「コンスタンティノープル」と呼ばれていた、トルコの中心都市はどこでしょう？,イスタンブール
2011,ノーマル,アレルギーの原因になるのは「アレルゲン」ですが、ストレスのもとになる要素を何というでしょう？,ストレッサー
2011,ノーマル,『法の精神』を書いたのはモ/ンテスキューですが、『ローマ法の精神』を書いた19世紀ドイツの法学者は誰でしょう？,ルドルフ・フォン・イェーリング(イェーリング)
2011,ノーマル,フランスの部品メーカーの名前に由来する、自動車に付けられている警笛を指す言葉は何でしょう？,クラクション
2011,ノーマル,市の条例によって建物の壁は白く塗ることが定められている、ボリビアの憲法上の首都はどこでしょう？,スクレ
2011,ノーマル,競技クイズの世界に足を踏み入れた高校生・越山識(こしやま・しき)を主人公とする、月刊ヤングエースで連載中の杉基(すぎもと)イクラの漫画は何でしょう？,『ナナマルサンバツ』
2011,ノーマル,アメリカの陸上選手カール・ルイスがかつてオリンピック4連覇を達成した種目は何でしょう？,走り幅跳び(はしりはばとびび)
2011,ノーマル,山号を栂尾山(とがのおさん)という京都にある寺で、鳥羽僧正の作とされる『鳥獣戯画』があることでも知られるのはどこでしょう？,高山寺(こうざんじ)
2011,ノーマル,「手元」「親骨」「受骨(うけぼね)」「石突(いしづき)」などの部分からなる、雨などを避けるため頭上にさすものといえば何でしょう？,傘(かさ)
2011,ノーマル,トリシューラという三又の矛を携えている、インド神話における破壊神は誰でしょう？,シヴァ
2011,ノーマル,自然数を書き並べ、小さい素数の倍数から順に消してゆく素数の見つけ方を、「誰のふるい」というでしょう？,エラトステネス
2011,ノーマル,ことわざや慣用句で、負けたときには脱ぎ、勝ったときには緒を締めよといわれるものは何でしょう？,兜(かぶと)
2011,ノーマル,神社のお堂の前にある、参詣者が綱を振って打ち鳴らす大きな鈴のことを何というでしょう？,鰐口(わにぐち)
2011,ノーマル,第1回文化勲章を受章した、「土星型原子モデル」の提唱で知られる日本の物理学者は誰でしょう？,長岡半太郎(ながおかはんたろう)
2011,ノーマル,スザンヌ・ランラン・コート、フィリップ・シャトリエ・コートなどがある、全仏オープンの開催地となる競技場は何でしょう？,ローラン・ギャロス
2011,ノーマル,国の領海とは、海岸線から何海里まで離れた海域のことでしょう？,12海里(12かいり)
2011,ノーマル,作曲家のバッハが「千回のキスより素晴らしい」と表現した飲み物で、自らそれを題材にしたカンタータまで作曲したのは何でしょう？,コーヒー
2011,ノーマル,今年1月1日から魔女や占い師にも所得税が課税されることになった、首都をブカレストにおくヨーロッパの国はどこでしょう？,ルーマニア
2011,ノーマル,紀元前202年、劉邦が項羽を破り、漢王朝建国のきっかけとなった戦いは何でしょう？,垓下(がいか)の戦い(がいか(がいか)のたたかい)
2011,ノーマル,映画用カメラの手回しハンドルのことで、映画の撮影開始や撮影終了の言葉に使われているのは何でしょう？,クランク
2011,ノーマル,お笑い芸人・世界のナベアツの、落語家としての名前は何でしょう？,桂三度(かつらさんど)
2011,ノーマル,不足すると「くる病」の原因となる、日光を浴びる事で生成されるビタミンは何でしょう？,ビタミンD(カルシフェロール)
2011,ノーマル,元々は幕府や大名が家来に与えた文書のことで、現在では権威のある人が与える保証を指す言葉は何でしょう？,お墨付き(おすみつきき)
2011,ノーマル,世界三大航空連合と呼ばれる3つの連合組織とは、スカイチーム、スターアライアンスと何でしょう？,ワンワールド
2011,ノーマル,数学で「片側は有限だが、もう一端は無限にまっすぐ伸びた線」のことを漢字3文字で何というでしょう？,半直線(はんちょくせん)
2011,ノーマル,日本の公営ギャンブルで、競馬の監督官庁は農林水産省ですが、競輪の監督官庁はどこでしょう？,経済産業省(けいざいさんぎょうしょう)
2011,ノーマル,原子力発電所が多くあるため「原発銀座」とも呼ばれる、福井県の湾はどこでしょう？,若狭湾(わかさわん)
2011,ノーマル,代表曲に『ロックン・ロール』『胸いっぱいの愛を』『天国への階段』などがあるイギリスのロックバンドは何でしょう？,レッド・ツェッペリン
2011,ノーマル,1977年に国民栄誉賞を創設した、当時の総理大臣は誰でしょう？,福田赳夫(ふくだ・たけお)
2011,ノーマル,ペプシコ社の本社があるのはニューヨーク州ですが、コカ・コーラ社の本社があるアメリカの州は何州でしょう？,ジョージア州(じょーじあしゅう)
2011,ノーマル,平安時代に書道の三蹟(さんせき)と呼ばれたのは、藤原佐理(ふじわらの・さり)、藤原行成(ふじわらの・こうぜい)と誰でしょう？,小野道風(おのの・とうふう、おのの・みちかぜ)
2011,ノーマル,香水やファッションアイテムなどが男性向けのものであることを意味するフランス語は何でしょう？,オム(プール・オム)
2011,ノーマル,日本テレビ系列の番組『ZIP!(ジップ)』や『高校生クイズ』の総合司会を務める東大出身のアナウンサーは誰でしょう？,桝太一(ます・たいち)
2011,ノーマル,現在、時間の「秒」を定義するのに/使われている元素は何でしょう？,セシウム
2011,ノーマル,調子に乗ってはずすのは「ハメ」ですが、笑いすぎてはずすといわれるのは体のどの部分でしょう？,あご
2011,ノーマル,リゾート地の海岸などで、特定のホテルの宿泊者しか利用できない浜辺のことを特に何というでしょう？,プライベートビーチ
2011,ノーマル,地質年代の中生代を大きく3つに分類すると、三畳紀、ジュラ紀と何でしょう？,白亜紀(はくあき)
2011,ノーマル,柔道では古賀稔彦(こが・としひこ)と吉田秀彦(よしだ・ひでひこ)が、水泳では岩崎恭子(いわさき・きょうこ)が金メダルを獲得したのは、どこの都市で開催されたオリンピックでしょう？,バルセロナ
2011,ノーマル,ドーバー海峡を結ぶユーロトンネルで、フランス側の出入口はカ/レーですが、イギリス側の出入口があるのはどこでしょう？,フォークストン,
2011,ノーマル,フルートの約半分の大きさである、イタリア語で「小さい」という意味をもつ楽器は何でしょう？,ピッコロ
2011,ノーマル,会社が財政状態や経営成績を偽り、会計の数字を不正に操作することを何決算というでしょう？,粉飾(ふんしょく)決算(ふんしょく(ふんしょく)けっさん)
2011,ノーマル,マンゴーなどの果実に香辛料や砂糖、酢などを加えてジャム状にした、インド料理独特のソースを何と言うでしょう？,チャツネ
2011,ノーマル,ルネサンス期最大の人文主義者とされ、著書『愚神礼讃』で知られるオランダ生まれの神学者は誰でしょう？,デジデリウス・エラスムス
2011,ノーマル,麻雀で牌を引きながら発したのが始まりである、昨年亡くなったコメディアン・谷啓の有名なギャグは何でしょう？,ガチョーン
2011,ノーマル,「これを知らずに碁を打つな」という格言もある、アタリの連続で相手の石を取る手筋は何でしょう？,シチョウ
2011,ノーマル,哲学者の和辻哲郎(わつじ・てつろう)が1919年に著した著書と、写真家の土門拳(どもん・けん)の代表作とされる写真集に共通する、漢字4文字のタイトルは何でしょう？,『古寺巡礼(こじじゅんれい)』(『こじじゅんれい(こじじゅんれい)』)
2011,ノーマル,果物のカキはカキノキ科ですが、魚介類のカキは何科でしょう？,イタボガキ科(いたぼがきか)
2011,ノーマル,心理学の「サイコロジー」や不死鳥の「フェニックス」を英語で表記したときに、共通する頭文字は何でしょう？,P
2011,ノーマル,フランス料理で、食前酒のことを「アペリティフ」というのに対し、食後酒のことを何というでしょう？,ディジェスティフ
2011,ノーマル,その明るい色から古代ローマでは「イブニング・エメラルド」/と呼ばれていた、8月の誕生石は何でしょう？,ペリドット
2011,ノーマル,四方を囲む壁に向かってボールをラケットで打ち返す、イギリス発祥の球技は何でしょう？,スカッシュ
2011,ノーマル,深田久弥(ふかだ・きゅうや)の著書『日本百名山』で百番目に挙げられている、九州地方の最高峰は何でしょう？,宮之浦岳(みやのうらだけ)
2011,ノーマル,俳優としても活躍したアメリカの歌手で、『夜のストレンジャー』『マイウェイ』などのヒット曲で知られるのは誰でしょう？,フランク・シナトラ
2011,ノーマル,1942年に示されたイギリスの社会保障制度に関する報告で、「ゆりかごから墓場まで」のスローガンで知られるのは何でしょう？,ベバリッジ報告(べばりっじほうこく)
2011,ノーマル,昨年9月にツムラライフサイエンスから主力商品の名前へと社名を変更した、特に入浴剤の販売で有名な企業は何でしょう？,バスクリン
2011,ノーマル,承久の乱後京都に置かれた、朝廷の監視などを務めた鎌倉幕府の役職は何でしょう？,六波羅探題(六波羅守護)
2011,ノーマル,アルプスのある地方の名前が付いた、民族服風の刺繍が施された飾りリボンを何というでしょう？,チロリアンテープ
2011,ノーマル,今年6月16日、日本プロ野球記録を更新する通算287セーブを記録した中日ドラゴンズの投手は誰でしょう？,岩瀬仁紀(いわせ・ひとき)
2011,ノーマル,天城(あまぎ)峠で主人公が出会う、川端康成の小説『伊豆の踊子』のヒロインは誰でしょう？,薫(かおる)
2011,ノーマル,デジタル放送のテレビなどで利用できる電子番組ガイドのことを、アルファベット3文字で何というでしょう？,EPG
2011,ノーマル,昔の中国で使われていた銀貨「餅銀(へいぎん)」の大きな物のことで、多額のお金を使うときに「はたく」といわれるのは何でしょう？,大枚(たいまい)
2011,ノーマル,雛人形の五人囃子の担当するものとは、太鼓(たいこ)、大鼓(おおつづみ)、小鼓(こつづみ)、笛と、唯一楽器を持たない何でしょう？,謡(うたい)【「地謡(じうたい)」も○】(うたい(うたい)【「じうたい(じうたい)」も○】)
2011,ノーマル,中国では「南極老人星」と呼ばれ縁起の良い星とされる、りゅうこつ座のアルファ星は何でしょう？,カノープス
2011,ノーマル,およそ40cm程度とされる、競馬で、「ハナ差」と「クビ差」の間にあたる着差を表す言葉は何でしょう？,アタマ差(あたまさ)
2011,ノーマル,著書『大陸と海洋の起源』の中で、大陸移動説を提唱したドイツの気象学者は誰でしょう？,アルフレッド・ウェーゲナー
2011,ノーマル,「ああ果てしない」という歌い出しも有名な、クリスタルキングの代表曲は何でしょう？,『大都会』(『だいとかい』)
2011,ノーマル,茶道で、温めた茶碗の湯を捨てる器のことを何というでしょう？,建水(けんすい)【「湯こぼし」「こぼし」も○】(けんすい(けんすい)【「ゆこぼし」「こぼし」も○】)
2011,ノーマル,同じ選挙区の複数の候補者を、小選挙区と比例代表に交互に出馬させる戦術を、中米の国名をとって何というでしょう？,コスタリカ方式(こすたりかほうしき)
2011,ノーマル,メロヴィング朝やカロリング朝といえば、5世紀から10世紀にかけて西ヨーロッパの大部分を支配した何という国の王朝でしょう？,フランク王国(ふらんくおうこく)
2011,ノーマル,『信託の謎』『秋の夕暮れの謎』などの代表作で知られるイタリアの画家で、形而上絵画を創始したことで知られるのは誰でしょう？,ジョルジュ・デ・キリコ(キリコ)
2011,ノーマル,野球で、オーバースローとサイドスローの中間から投げるピッチャーのフォームは何でしょう？,スリークォーター
2011,ノーマル,小説『ドン・ジュアン』の中で、「事実は小説よりも奇なり」という言葉を残したイギリスの詩人は誰でしょう？,ジョージ・ゴードン・バイロン
2011,ノーマル,命題「AならばBである」が成り立っているとき、BはAであるための、必要条件・十分条件のどちらでしょう？,必要条件(ひつようじょうけん)
2011,ノーマル,得点が追いつ追われつになる接戦のことを、ある遊具にたとえて「何ゲーム」というでしょう？,シーソーゲーム
2011,ノーマル,幕末期に長崎で活躍したイギリス人実業家から名をつけた、全国に展開している長崎ちゃんぽんのチェーン店は何でしょう？,リンガーハット
2011,ノーマル,多くの日本人の赤ちゃんに見られる、背中やお尻にできる青い斑点/のことを何というでしょう？,蒙古斑(もうこはん)
2011,ノーマル,素材にはポリエチレンなどが用いられる、水泳でキックの練習などに使う板を何というでしょう？,ビート板(スイムボード、スイミングボード、キックボード)
2011,ノーマル,九州地方の方言で「夢想家」を意味するペンネームを持つ作家で、『瓶詰めの地獄』『ドグラ・マグラ』などの作品で知られるのは誰でしょう？,夢野久作(ゆめの・きゅうさく)
2011,ノーマル,東京の日本橋(にほんばし)が架かるのは日本橋川ですが、大阪の日本橋(にっぽんばし)が架かるのは何川でしょう？,道頓堀川(どうとんぼりかわ)
2011,ノーマル,童謡『すうじのうた』で、1は「工場(こうば)のえんとつ」ですが、10は何だと歌われているでしょう？,えんとつとおつきさま
2011,ノーマル,本名をアグネス・ゴンヤ・ボヤジュという、長年にわたるインドでの平和活動で知られる修道女は誰でしょう？,マザー・テレサ
2011,ノーマル,盲導犬につけられている、リードを固定するために胴体に装着する輪のことを何というでしょう？,ハーネス
2011,ノーマル,古代ギリシャの都市国家を「ポリス」といいますが、古代エジプトの都市国家を何というでしょう？,ノモス
2011,ノーマル,その模様がある昆虫の目を思わせることから、穴の開いた比較的大粒のガラスビーズを何というでしょう？,とんぼ玉(とんぼたま)
2011,ノーマル,今年4月からJRAが発売している、5つのレースの勝ち馬を予想する「5重勝単勝式馬券」の愛称は何でしょう？,WIN5(ウィンファイブ)
2011,ノーマル,日本最大の金産出量を誇る、鹿児島県伊佐(いさ)市にある鉱山は何でしょう？,菱刈(ひしかり)鉱山(ひしかり(ひしかり)こうざん)
2011,ノーマル,縦棒に2本の横棒を引いた「複十字」のマークは、何という病気の予防啓発のために使われるものでしょう？,結核(けっかく)
2011,ノーマル,投資家のジョージ・ソロスが母語として学んだ、ポーランドの眼科医ザメンホフによって作られた人工言語は何でしょう？,エスペラント語(えすぺらんとご)
2011,ノーマル,旧暦の節句のひとつである「重陽の節句」は、毎年何月何日とされているでしょう？,9月9日(9がつ9にち)
2011,ノーマル,「1ニュートンの力が物体を力の方向に1メートル動かすときの仕事量」を1とする、イギリスの物理学者の名にちなんだ単位は何でしょう？,ジュール
2011,ノーマル,1911年に上越市の金谷(かなや)山で、日本にスキーを伝えたオーストリアの軍人は誰でしょう？,テオドール・フォン・レルヒ
2011,ノーマル,アフガニスタン、タジキスタン、中国にまたがり、俗に「世界の屋根」と言われる高原は何でしょう？,パミール高原(ぱみーるこうげん)
2011,ノーマル,今年6月、年内いっぱいで芸能活動を休止することを発表した、元モーニング娘。のメンバーは誰でしょう？,後藤真希(ごとう・まき)
2011,ノーマル,固定資産を取得するための支出を、使用期間を元に各年度に配分した帳簿上の費用を「何費」というでしょう？,減価償却費(げんかしょうきゃくひ)
2011,ノーマル,開発当時に皇太子ご成婚が行われたことから命名された、/サカタのタネが開発した有名なメロンの品種は何でしょう？,プリンスメロン
2011,ノーマル,童話『赤ずきん』と『三匹のこぶた』に共通して悪役として登場する動物は何でしょう？,オオカミ
2011,ノーマル,尺貫法の長さの単位では10尺を1とし、また歌舞伎俳優などの名前に付けて敬意を表す、漢字1文字は何でしょう？,丈(じょう)
2011,ノーマル,配合したナチュラルチーズを溶かし、加工して作られたチーズを何というでしょう？,プロセスチーズ
2011,ノーマル,メルヴィルの小説『白鯨』で主人公たちを苦しめる鯨の名前は何でしょう？,モービィ・ディック
2011,ノーマル,羽のない扇風機「エアマルチプライヤー」やサイクロン式掃除機の販売で知られるイギリスの電機メーカーは何でしょう？,ダイソン社(ダイソン)
2011,ノーマル,フィギュアスケート選手の安藤美姫、浅田真央が卒業し、村上佳菜子が現在通学している愛知県の高校はどこでしょう？,中京大学附属中京高等学校(中京大中京)
2011,ノーマル,1991年までは「レニングラード」/と呼ばれていた、モスクワに次ぐロシア第2の都市はどこでしょう？,サンクトペテルブルク
2011,ノーマル,水が延々と流れ続ける『滝』など、数多くのだまし絵を描いたことで知られるオランダの画家といえば誰でしょう？,マウリッツ・エッシャー
2011,ノーマル,馬具のひとつで、鞍(くら)の両脇から馬のわき腹に垂らし、乗り手が足をかけるものを何というでしょう？,鐙(あぶみ)
2011,ノーマル,ワシントン、ジェファーソン、セオドア・ルーズベルト、リンカーンの4人の顔が刻まれている、アメリカ・サウスダコタ州にある山は何でしょう？,ラシュモア山(らしゅもあやま)
2011,ノーマル,血液に含まれる成分で、怪我などをした際に血液を凝固させ止血させる作用があるものは何でしょう？,血小板(けっしょうばん)
2011,ノーマル,信仰する神の名前から「マズダ教」、火を神聖なものとすることから「拝火教」の別名で知られる宗教は何でしょう？,ゾロアスター教(ぞろあすたーきょう)
2011,ノーマル,先月行われた大相撲名古屋場所で、千代の富士を抜く通算勝ち星1047を記録するも、この場所限りで引退した力士は誰でしょう？,魁皇博之(かいおう・ひろゆき)
2011,ノーマル,神奈川県にある3つの政令指定都市とは、横浜市、川崎市と何市でしょう？,相模原(さがみはら)(さがみはら(さがみはら))
2011,ノーマル,中国の人民服を元に作られたスタンドカラーのことを、毛沢東の愛称から何カラーというでしょう？,マオカラー
2011,ノーマル,1970年代後半に活躍し「TTG」と称された競走馬といえば、トウショウボーイ、テンポイントと何でしょう？,グリーングラス
2011,ノーマル,シェイクスピアの四大悲劇といえば、『ハムレット』『マクベス』『オセロ』と何でしょう？,『リア王』(『りあおう』)
2011,ノーマル,数学で、曲線の接線と、その接点で垂直に交差する直線を、漢字2文字で何というでしょう？,法線(ほうせん)
2011,ノーマル,本性を隠して大人しく振る舞うことを、ある動物を使って「何を被る」というでしょう？,猫(ねこ)
2011,ノーマル,お見合いの席で取り交わす、お互いのプロフィールを載せた書面のことを何というでしょう？,釣書　つりがき、つりしょ、身上書(つりがき)
2011,ノーマル,「日本一になれ」との願いを込めて名付けられた、ジャストシステム社が販売する日本語ワープロソフトといえば何でしょう？,一太郎(いちたろう)
2011,ノーマル,ホテルやマンションなどで、全ての部屋を開けることができるカギのことを、英語で何というでしょう？,マスターキー
2011,ノーマル,漁業の形態で、沿岸漁業と遠洋漁業の中間規模のものを何というでしょう？,沖合漁業(近海漁業)
2011,ノーマル,1番のメロディーに詩を付けた『希望と栄光の国』はイギリス第二の国歌ともいわれる、エルガー作曲の行進曲は何でしょう？,『威風堂々』(『いふうどうどう』)
2011,ノーマル,1996年の国連総会で採択された「包括的核実験禁止条約」を、/アルファベット4文字で何というでしょう？,CTBT
2011,ノーマル,数字選択式宝くじ「ロト6」では、6つの数字を1からいくつまでの数字の中から選ぶでしょう？,43
2011,ノーマル,にんじんをおろしたものを混ぜてもこう呼ばれるが、一般的には大根おろしに赤唐辛子を混ぜた薬味を指す言葉は何でしょう？,もみじおろし
2011,ノーマル,昨年、吉瀬美智子(きちせ・みちこ)主演により日本でもリメイクされた、マイルス・デイビスの音楽も印象的なルイ・マル監督の映画は何でしょう？,『死刑台のエレベーター』(『しけいだいのえれべーたー』)
2011,ノーマル,スキー場に設置されているリフトで「クワッド」といったら、何人まで乗れるものでしょう？,4人(4にん)
2011,ノーマル,15歳の少年・斉藤政夫と2歳年上の従姉・民子との淡い恋を描いた、伊藤左千夫の小説は何でしょう？,『野菊の墓』(『のぎくのはか』)
2011,ノーマル,人体に必要な三大栄養素とは、炭水化物、脂肪と何でしょう？,たんぱく質(プロテイン)
2011,ノーマル,積極的に情報を収集しようとすることを、電波の受信にたとえて「何を張る」というでしょう？,アンテナ
2011,ノーマル,「王が死んだ」という意味の言葉に由来する、チェスで相手のキングを詰めた状態を何と言うでしょう？,チェックメイト
2011,ノーマル,8分の1ガロンを1とするヤードポンド法の体積の単位は何でしょう？,パイント
2011,ノーマル,周囲を奈良県と三重県に囲まれ飛び地となっている、和歌山県にある唯一の村はどこでしょう？,北山(きたやま)
2011,ノーマル,音楽についての著作権を保護する「日本音楽著作権協会」のことを、アルファベット6文字で何というでしょう？,JASRAC(ジャスラック)
2011,ノーマル,アルファベット2文字で「CP」/と略される、優良企業が短期の資金調達のために発行する金融商品を何というでしょう？,コマーシャル・ペーパー(コマーシャルペーパー)
2011,ノーマル,昨年10月のカセットテープ型に続き、今年9月にはMD型の製造が完全に終了する予定の、ソニーの携帯音楽プレイヤーは何でしょう？,ウォークマン
2011,ノーマル,平安時代の「延喜・天暦の治」で、「延喜の治」を行ったのは醍醐天皇ですが、「天暦の治」を行った天皇は誰でしょう？,村上天皇(むらかみてんのう)
2011,ノーマル,持ち手がなく、そのまま/手に持ったり脇に抱えたりできる大きさのカバンを、「しっかり掴む」という意味の英語を用いて「何バッグ」というでしょう？,クラッチバッグ(クラッチ)
2011,ノーマル,そのほとんどは一般道である、ル・マン24時間耐久レースで使われる周回コースは何でしょう？,サルテ・サーキット
2011,ノーマル,『枕草子』の作者は清少納言、『徒然草』の作者は兼好法師ですが、『方丈記』の作者は誰でしょう？,鴨長明(かものちょうめい)
2011,ノーマル,人が亡くなることを、閻魔(えんま)様が死者の名前を記入する帳面の名前を用いて、「何に入(い)る」というでしょう？,鬼籍(きせき)
2011,ノーマル,太平洋戦争中に盛んに作られた、1枚の布に多くの女性が糸で一針ずつ縫うお守りのことを何というでしょう？,千人針(せんにんはり)
2011,ノーマル,南極では6月頃、北極では12月頃に見られる、一日中太陽が昇らない現象を、「白夜(びゃくや)」に対して何というでしょう？,極夜(きょくや)
2011,ノーマル,プロボクシングの階級で、ヘビー級とライトヘビー級との間に位置するのは何級でしょう？,クルーザー級(くるーざーきゅう)
2011,ノーマル,シンプソン砂漠、グレートサンディ砂漠、グレートビクトリア砂漠が広がる国はどこでしょう？,オーストラリア
2011,ノーマル,音程の調節が難しいため、オーケストラで音合わせの基準に使われる木管楽器は何でしょう？,オーボエ
2011,ノーマル,過払い金発生の元となっている、利息制限法と出資法の上限の間の金利を、ある色を使って何というでしょう？,グレーゾーン金利(ぐれーぞーんきんり)
2011,ノーマル,身崩れしやすい魚を3枚におろすときに、中骨に身を多く残す贅沢なおろし方を特に何おろしというでしょう？,大名おろし(だいみょうおろし)
2011,ノーマル,ドイツ語で「鷹の城」という意味がある、フェリペ2世やマリア・テレジアなどを輩出した、ヨーロッパの王家は何家でしょう？,ハプスブルク家(はぷすぶるくいえ)
2011,ノーマル,今年5月のbjリーグプレイオフで、2年連続の優勝を果たしたチームは何でしょう？,浜松・東三河フェニックス(はままつ・ひがしみかわふぇにっくす)
2011,ノーマル,本名を喜熨斗政彦(きのし・まさひこ)という、昨年秋に文化功労者に選ばれた、スーパー歌舞伎などの舞台で知られる歌舞伎役者は誰でしょう？,市川猿之助(いちかわえんのすけ)
2011,ノーマル,一般的な軍人将棋の駒のうち、唯一、大将に勝つことができる駒は何でしょう？,スパイ
2011,ノーマル,「武士道と云ふは死ぬ事と見付けたり」という一節が有名な、鍋島藩士・山本常朝(やまもと・じょうちょう)の言葉をまとめた啓蒙書は何でしょう？,『葉隠(はがくれ)』(『はがくれ(はがくれ)』)
2011,ノーマル,バリンやロイシンなどのように、体内で合成できないため栄養分として摂取する必要のあるアミノ酸のことを特に何というでしょう？,必須アミノ酸(必要アミノ酸、不可欠アミノ酸)
2011,ノーマル,昨年、コンチネンタル航空との合併によってデルタ航空を抜き、世界最大となったアメリカの航空会社は何でしょう？,ユナイテッド航空(ゆないてっどこうくう)
2011,ノーマル,ゆずの皮やミョウガなど、汁物の味や香りを引き立てるために加えられる薬味のことを何というでしょう？,吸い口(すいくち)
2011,ノーマル,「脈動するもの」という意味の名がついている、規則正しい間隔で可視光線やX線を放射する天体を何というでしょう？,パルサー
2011,ノーマル,ポートボールで、ゴールマンの前に立ち、シュートを阻止する人のことを何というでしょう？,ガードマン
2011,ノーマル,節税などの目的で、実際の船主がいる国とは別の国に籍を置く船のことを何というでしょう？,便宜置籍船(べんぎちせきせん)
2011,ノーマル,童謡『てるてる坊主』の1番の歌詞で、晴れたら何をあげよと歌っているでしょう？,金の鈴(きんのすず)
2011,ノーマル,サミットで各国の首脳を補佐する担当者を、ヒマラヤ登山の案内人にちなんで何というでしょう？,シェルパ
2011,ノーマル,冷蔵庫や洗濯機など生活に密着した電化製品のことを、その一般的な色から何家電というでしょう？,白物家電(しろものかでん)
2011,ノーマル,1871年の廃藩置県の際に置かれた3つの府とは、京都府、大阪府と何でしょう？,東京(とうきょう)
2011,ノーマル,プラダの「ミュウミュウ」などが代表的な、大手ファッションブランドが自社製品の普及のために設置する廉価版ブランドのことを何というでしょう？,ディフュージョンブランド(セカンドライン、セカンダリーライン、ビス・ブランド)
2011,ノーマル,日本プロ野球において、先発投手が勝ち投手の権利を得るためには最低何イニング投げる必要があるでしょう？,5イニング
2011,ノーマル,小説『当世書生気質』や評論『小説真髄』などを著し、日本の近代文学の礎(いしずえ)を築いた明治の文学者は誰でしょう？,坪内逍遥(つぼうち・しょうよう)
2011,ノーマル,コンピュータのキーボードを見ないで、指先の感覚だけを頼りにタイピングを行うことを、一般に何というでしょう？,タッチタイピング(タッチタイプ、タッチメソッド)
2011,ノーマル,学問や技術などの奥義を、自分の子供の一人にだけ伝えることを表す四字熟語は何でしょう？,一子相伝(いっしそうでん)
2011,ノーマル,栃木県の那須、神奈川県の葉山、静岡県の須崎の3ヶ所が現存する、天皇家の別荘を何というでしょう？,御用邸(ごようてい)
2011,ノーマル,月の表面などに見られる、隕石の衝突などでできたくぼんだ地形を何というでしょう？,クレーター
2011,ノーマル,今年1月8日に行われた第90回全国高校ラグビー大会決勝で引き分け、22年ぶりに両校優勝となった2チームはどことどこでしょう？,東福岡高校と桐蔭学園高校(とうふくおかこうこうととういんがくえんこうこう)
2011,ノーマル,岩塩の産地であることから「塩の砦」という意味の名が付いた、オーストリアの都市はどこでしょう？,ザルツブルク
2011,ノーマル,音楽を愛し、民謡『アロハ・オエ』を作曲した、ハワイ王国最後の女王は誰でしょう？,リリウオカラニ
2011,ノーマル,現在の衆議院議長は横路孝弘(よこみち・たかひろ)ですが、参議院議長は誰でしょう？,西岡武夫(にしおか・たけお)
2011,ノーマル,キタノカオリといえば小麦の品種ですが、キタアカリといえばどんな農作物の品種でしょう？,ジャガイモ
2011,ノーマル,「大砲の門」という意味を持つ、メフメト2世によって造られたイスタンブールにある宮殿の名前は何でしょう？,トプカプ宮殿(トプカピ宮殿)
2011,ノーマル,休刊した「小学五年生」「小学六年生」の実質的な後継誌として昨年4月より小学館から刊行されている隔月刊誌は何でしょう？,「GAKUMANplus」
2011,ノーマル,陸上競技の短距離走でクラウチングスタートを行う際に使用される、スタート前に足を乗せるブロックを何というでしょう？,スターティング・ブロック
2011,ノーマル,ロンドンのケンジントンガーデンにはその銅像が立つ、童話作家ジェームズ・バリーの童話の主人公は誰でしょう？,ピーターパン
2011,ノーマル,昨年の大阪市議補欠選から急速に党員を増やしている、橋下徹(はしもと・とおる)が代表を務める地域政党は何でしょう？,大阪維新の会(おおさかいしんのかい)
2011,ノーマル,「ミヤマシメジ」や「カオリヒラタケ」などの別名がある、太い柄と小さい傘が特徴のヒラタケ科のキノコを一般的に何というでしょう？,エリンギ
2011,ノーマル,1969年公開のアメリカ映画『イージー・ライダー』では自らメガホンを取り、ピーター・フォンダと共に主演も務めた、昨年5月に亡くなった映画俳優は誰でしょう？,デニス・ホッパー
2011,ノーマル,元々は逃亡を防ぐために罪人の足にはめる板のことで、転じて足手まといになることを意味する言葉は何でしょう？,足枷(枷)
2011,ノーマル,ルービックキューブの面に使われている6色とは、白、青、黄色、緑、赤と何でしょう？,オレンジ
2011,ノーマル,茶の湯で、茶釜のお湯が煮え立つ音を風にたとえて何というでしょう？,松風(まつかぜ、しょうふう)【「松籟(しょうらい)」も○】(まつかぜ(まつかぜ、しょうふう)【「しょうらい(しょうらい)」も○】)
2011,ノーマル,お奉行の許可なしに興行ができなかった昔の名残/から、大相撲の番付表の中央に書かれている、「許可を得た」という意味の漢字3文字は何でしょう？,蒙御免(ごめんこうむる)
2011,ノーマル,48のカーブがあることから名付けられた、日光市にある国道120号線の坂は何でしょう？,いろは坂(いろはさか)
2011,ノーマル,童謡『勇気一つを友にして』に歌われているギリシャ神話の登場人物は誰でしょう？,イカロス
2011,ノーマル,弁護士のバッジにデザインされている花はヒマワリですが、検察官のバッジにデザインされている花は何でしょう？,菊(きく)
2011,ノーマル,iPhoneなどのタッチパネルを使うマシンで、画面に触れた指を払うようにスライドさせる操作を何というでしょう？,フリック
2011,ノーマル,今年の春に放送され、主演の人気子役・芦田愛菜(あしだ・まな)、鈴木福の演技も話題となった、フジテレビのホームドラマは何でしょう？,『マルモのおきて』
2011,ノーマル,かつて征夷大将軍が幕を張った中で戦の指揮を執った事に由来する、鎌倉、室町、江戸時代における武士の政府を何というでしょう？,幕(まく)
2011,ノーマル,日本人では1961年に長尾靖(ながお・やすし)が初めて受賞した、毎年優秀なジャーナリズムに与えられる賞は何でしょう？,ピュリッツァー賞(ぴゅりっつぁーしょう)
2011,ノーマル,テニスや卓球で、サービスがネットに触れた後に相手コートに入って打ち直しになることを何というでしょう？,レット
2011,ノーマル,楽器メーカーの「ローランド」「河合楽器」「ヤマハ」がいずれも本社をおいている、静岡県の市はどこでしょう？,浜松(はままつ)
2011,ノーマル,成人男性では3000から4000ミリリットルが標準とされる、1回の呼吸でどれだけの量の空気を吐き出すことができるかを示す数値は何でしょう？,肺活量(はいかつりょう)
2011,ノーマル,アラビア語で「海岸に住む人」という意味がある、ケニアやタンザニアなど、アフリカ東部の国で話されている言語は何でしょう？,スワヒリ語(すわひりご)
2011,ノーマル,奈良県大和郡山市では毎年8月にこれの全国大会が行われる、ある魚類をすくいとる遊びは何でしょう？,金魚すくい(きんぎょすくい)
2011,ノーマル,岩場の海岸で、潮が引いたときに一時的にできる水たまりのことを何というでしょう？,潮だまりもしくはタイドプール(しおだまり)
2011,ノーマル,「フェアリージャパン」といえば、どんなスポーツの日本代表チームの愛称でしょう？,新体操(しんたいそう)
2011,ノーマル,代表作に『グランド・ジャット島の日曜日の午後』がある、点描画法の考案者である画家は誰でしょう？,ジョルジュ・スーラ
2011,ノーマル,作曲家ベートーベンの生誕地で、東西統一前は西ドイツの首都だったのはどこでしょう？,ボン
2011,ノーマル,約束手形の通称で、返済期間が210日間ほどのものを特に何というでしょう？,台風手形(たいふうてがた)
2011,ノーマル,ワーズワースやテニスンらに代表される、イギリス王室によって任命された詩人のことを何というでしょう？,桂冠詩人(けいかんしじん)
2011,ノーマル,昨シーズンからスペイン、レアル・マドリードの監督を務めているのは誰でしょう？,ジョゼ・モウリーニョ
2011,ノーマル,「とれたてマイビデオ」「まちかど情報室」「ここに注目!」などのコーナーがある、NHKで放送されている朝のニュース番組は何でしょう？,『NHKニュースおはよう日本(にっぽん)』(『NHKにゅーすおはようにっぽん(にっぽん)』)
2011,ノーマル,将棋で、対局が終わってから/改めて駒を並べなおして、勝因や勝負のポイントを互いに言い合うことを何というでしょう？,感想戦(かんそうせん)
2011,ノーマル,日本のいわゆる「経済三団体」とは、経済同友会、日本商工会議所と何でしょう？,日本経済団体連合会(経団連)【今年6月、略称を「日本経団連」から「経団連」に変更】(にほんけいざいだんたいれんごうかい(けいだんれん)【こんねん6がつ、りゃくしょうを「にっぽんけいだんれん」から「けいだんれん」にへんこう】)
2011,ノーマル,今年2月11日、WBCミニマム級タイトルマッチでオードレンを破り、日本人最速のデビュー7戦目で世界王者となった選手は誰でしょう？,井岡一翔(いおか・かずと)
2011,ノーマル,「石頭記(せきとうき)」や「金陵十二釵(きんりょうじゅうにさ)」といった別名がある、貴族の御曹司・賈宝玉(か・ほうぎょく)を主人公とする中国・清朝時代の小説は何でしょう？,『紅楼夢(こうろうむ)』(『こうろうゆめ(こうろうむ)』)
2011,ノーマル,刑部親王(おさかべしんのう)と藤原不比等(ふじわらの・ふひと)を中心として、701年に制定された律令は何でしょう？,大宝律令(たいほうりつりょう)
2011,ノーマル,種子植物のうち、胚珠が剥き出しのものを裸子植物というのに対し、子房に包まれているものを何と言うでしょう？,被子植物(ひししょくぶつ)
2011,ノーマル,阪神大震災の犠牲者を追悼すると共に復興を願って毎年12月に神戸で開催されている光の祭典は何でしょう？,神戸ルミナリエ(こうべるみなりえ)
2011,ノーマル,「ケータイ世代の歌姫」という異名を持つ、『君って』『会いたくて会いたくて』といったヒット曲がある女性歌手は誰でしょう？,西野カナ(にしのかな)
2011,ノーマル,ボウリングで1投目の結果がスプリットだったとき、必ず倒れていなければいけないのは何番ピンでしょう？,1番ピン(1ばんぴん)
2011,ノーマル,ローマ皇帝ティベリウスが晩年隠れ住んだ、観光地「青の洞窟」でも知られるイタリアの島はどこでしょう？,カプリ島(かぷりしま)
2011,ノーマル,くねくねと曲がりくねった山道のことを、ある動物の内臓にたとえて何というでしょう？,羊腸(ようちょう)
2011,ノーマル,アルファベット3文字で「IFN」と略される、ウイルスの感染などを阻止する作用をもつたんぱく質の一種は何でしょう？,インターフェロン
2011,ノーマル,標高約1345メートルと、JRの駅では日本一高い地点にある小海(こうみ)線の駅はどこでしょう？,野辺山(のべやま)駅(のべやま(のべやま)えき)
2011,ノーマル,国王ヘンリー8世の離婚に反対し処刑されたイギリスの思想家で、著書に『ユートピア』があるのは誰でしょう？,トマス・モア
2011,ノーマル,「ばったり倒れ屋さん」という意味がある、ロシアの作家エドゥアルド・ウスペンスキーの絵本に登場する耳の大きなキャラクターは何でしょう？,チェブラーシカ
2011,ノーマル,箱根駅伝のコースにある4つの中継所とは、鶴見中継所、戸塚中継所、平塚中継所とどこでしょう？,小田原中継所(おだわらちゅうけいじょ)
2011,ノーマル,素戔嗚尊(すさのおのみこと)の乱暴な行為に怒った天照大神(あまてらすのおおみかみ)が隠れたといわれる洞穴(ほらあな)を何というでしょう？,天岩戸(あまのいわと)
2011,ノーマル,辺の長さが5cm、12cm、13cmの三角形の面積は何平方センチメートルでしょう？,30平方センチメートル(30へいほうせんちめーとる)
2011,ノーマル,少人数がまとまって行動するさまを、2種類の漢数字を2回ずつ使った四字熟語で何というでしょう？,三三五五(さんさんごご)
2011,ノーマル,西洋料理のマナーで、並べられたナイフやフォークは、内側、外側どちらから使い始めるとされるでしょう？,外側(そとがわ)
2011,ノーマル,外部からのエネルギーを受けることがなくても、止まることなく運動を続けるという架空の装置を何というでしょう？,永久機関(えいきゅうきかん)
2011,ノーマル,ポルトガル語で「悪意」という意味がある、サッカーにおけるずる賢いプレーを指す言葉は何でしょう？,マリーシア
2011,ノーマル,ユネスコの世界遺産のうち、文化遺産と自然遺産の両方の性質を持つものを何というでしょう？,複合遺産(ふくごういさん)
2011,ノーマル,童謡『森のくまさん』で、お嬢さんが落としていったイヤリングは何でできていると歌われているでしょう？,貝がら(かいがら)
2011,ノーマル,マディソン政権では副大統領を務めた人物で、選挙区を自分が有利になるよう割り振る行為に名を残すのは誰でしょう？,エルブリッジ・ゲリー
2011,ノーマル,厚生労働省が策定した「健康日本(けんこうにっぽん)21」によると、1日の野菜摂取量の目安は何グラム以上とされているでしょう？,350グラム
2011,ノーマル,1825年の12月/に起こったロシアの革命運動のことを、「12月」を意味するロシア語から何というでしょう？,デカブリストの乱(デカブリストのらん)
2011,ノーマル,ラテラルパス、プロンジョンシュート、スカイプレーといえば、何という球技で用いられる用語でしょう？,ハンドボール
2011,ノーマル,20年以上に渡って紀行文『街道をゆく』を執筆し続けた、代表作に『竜馬がゆく』『坂の上の雲』などがある作家は誰でしょう？,司馬遼太郎(しば・りょうたろう)
2011,ノーマル,ハーブで、「オランダハッカ」といえばスペアミントのことですが、「セイヨウハッカ」といえば何のことでしょう？,ペパーミント
2011,ノーマル,人を帰したくないときに、都合よく降る雨のことを「何の雨」というでしょう？,遣らずの雨(やらず)
2011,ノーマル,通常とは逆に価格を落としていく形で行うオークションを、ある国を表わす言葉を用いて何というでしょう？,ダッチオークション
2011,ノーマル,昨年、約5ヶ月間国際宇宙ステーションに滞在し、日本人として最長の宇宙滞在期間を記録した宇宙飛行士は誰でしょう？,野口聡一(のぐち・そういち)
2011,ノーマル,日本の公営ギャンブル・競輪は、1レース最大何人の選手で行われるでしょう？,9人(9にん)
2011,ノーマル,大分県山国川(やまくにがわ)の上流にある、紅葉の名所として知られる渓谷はどこでしょう？,耶馬渓(やばけい)
2011,ノーマル,ポーランドの民族音楽マズルカとポロネーズは、普通、共に何拍子でしょう？,三拍子(さんびょうし)
2011,ノーマル,地方公務員法では第34条に、国家公務員法では第100条に規定されている、公務員が秘密を漏らしてはならない義務を何というでしょう？,守秘義務(しゅひぎむ)
2011,ノーマル,三重県津市に本社を置く食品会社で、「ベビースターラーメン」などのお菓子で知られるのは何でしょう？,おやつカンパニー
2011,ノーマル,代表作に『玉勝間』や『古事記伝』がある、江戸時代の国学者は誰でしょう？,本居宣長(もとおり・のりなが)
2011,ノーマル,火を通したものは「さんが焼き」と呼ばれる、アジやイワシの身を細かく叩き味噌と混ぜて作る、千葉県の郷土料理は何でしょう？,なめろう
2011,ノーマル,『栄花物語』や『日本書紀』のように、出来事を年代順に記していく歴史の記述法を何というでしょう？,編年体(へんねんからだ)
2011,ノーマル,英語では「ソルティング・アウト」という、親水コロイドに電解質溶液を加えて分離・精製する操作を何というでしょう？,塩析(えんせき)
2011,ノーマル,日光東照宮にある国宝『眠り猫』の作者とされる、江戸時代の彫刻家は誰でしょう？,左甚五郎(ひだり・じんごろう)
2011,ノーマル,慣用句で、自分自身が不利になる事を承知の上で、他人の悪事や失策の責任を引き受けることを、「何をかぶる」というでしょう？,泥をかぶる(どろをかぶる)
2011,ノーマル,ヒジュラ暦の第9月にあたる、イスラム教徒が日中に断食、禁欲する月を何というでしょう？,ラマダン
2011,ノーマル,地殻変動によって、水平であった地層が波を打ったように曲がる現象のことを漢字2文字で何というでしょう？,褶曲(しゅうきょく)
2011,ノーマル,オリンピックの競泳で行われるオープンウォータースイミングで、泳ぐ距離は何kmでしょう？,10km
2011,ノーマル,オーストラリアの都市、シドニー、パース、メルボルンのうち、最も西に位置するのはどれでしょう？,パース
2011,ノーマル,ギターやドラムの演奏に用いられる、文字や数字などで演奏する方法が記された楽譜は何でしょう？,タブ譜(タブラチュア譜、奏法譜)
2011,ノーマル,企業の在庫投資に起因する約40ヶ月周期の景気循環を、提唱した経済学者の名をとって「誰の波」というでしょう？,キチンの波(きちんのなみ)
2011,ノーマル,寿司屋で、コハダやサバなどの青みを帯びた魚のことを、輝いているように見えることから何というでしょう？,ひかりもの
2011,ノーマル,「志が明らかな外国人」という意味の名前を名乗った、ベトナム革命の指導者として知られる政治家は誰でしょう？,ホーチミン(胡志明)
2011,ノーマル,絶大な人気を博しながらもシーズン8をもって制作が終了した、捜査官ジャック・バウアーを主人公とするアメリカのサスペンスドラマシリーズは何でしょう？,『24-TWENTY FOUR-』
2011,ノーマル,手品で、手のひらにコインやカードを隠す基本テクニックを、「手のひら」という意味の英語で何というでしょう？,パーム
2011,ノーマル,口の中が赤いことから「鳴いて血を吐く」、雑食であることから「あの声で蜥蜴(とかげ)食らうか」などと表現される鳥は何でしょう？,ホトトギス
2011,ノーマル,最高時速は約100kmに達し、陸上で最も脚が速いとされるネコ科の動物は何でしょう？,チーター
2011,ノーマル,明石家さんまが使い始めたとされる、いかにも「うまくいった」と言わんばかりの得意げな表情を指す俗語は何でしょう？,どや顔(どやかお)
2011,ノーマル,晩年は長寿クイズ番組『アタック25』の司会者としても親しまれた、今年5月16日に胃がんで亡くなった俳優は誰でしょう？,児玉清(こだま・きよし)
2011,ノーマル,「世界の二大造山帯」と称されるのは、アルプス・ヒマラヤ造山帯と、日本列島が属する何でしょう？,環太平洋造山帯(かんたいへいようぞうざんおび)
2011,ノーマル,野球の硬式ボールは2枚の革を貼り合わせたものですが、ラグビーボールは何枚の革を貼り合わせたものでしょう？,4枚(4まい)
2011,ノーマル,ハクチョウなどの飛来地であり、1981年に日本初のバードサンクチュアリに指定された北海道苫小牧市にある淡水湖はどこでしょう？,ウトナイ湖(うとないみずうみ)
2011,ノーマル,ジャズなどで、歌詞の代わりに「ダバダバ」など、意味のない言葉を即興的に歌うことを何というでしょう？,スキャット
2011,ノーマル,子供のいない共働き夫婦を「DINKs(ディンクス)」というのに対し、子供のいる共働き夫婦を何というでしょう？,DEWKs(デュークス)
2011,ノーマル,別名を「トレーシングホイール」という、布地に縫い目の線をつけるときに用いる小さな歯車のついた裁縫道具は何でしょう？,ルレット
2011,ノーマル,鳥羽伏見の戦いや北越戦争で活躍した、高杉晋作によって創設された長州藩の軍事組織は何でしょう？,奇兵隊(きへいたい)
2011,ノーマル,テニスで、デュースのあとにポイントを取り、もう1つ取ればゲームを獲得できる状態を何というでしょう？,アドバンテージ
2011,ノーマル,「民間伝承」と訳される、民族衣装の影響を受けたファッションスタイルをさす言葉は何でしょう？,フォークロア
2011,ノーマル,弟子の太宰治が書いた『富嶽百景』にも登場する、『山椒魚』や『黒い雨』などの小説で知られる作家は誰でしょう？,井伏鱒二(いぶせ・ますじ)
2011,ノーマル,カニやサケの缶詰などに見られる、身と金属との接触によってガラス状の結晶が生じる現象のことを何というでしょう？,ストラバイト現象(すとらばいとげんしょう)
2011,ノーマル,困難に出会ってはじめてその人の真価が問われることを、「疾風(しっぷう)に何を知る」というでしょう？,頸草(けいそう)
2011,ノーマル,ドラフト会議における単独指名にもたとえられる、網を使わず針と糸で行う釣りを何というでしょう？,一本釣り(いっぽんつり)
2011,ノーマル,コーナーの色によって赤または青のものが使われる、アマチュアレスリングの選手が着るユニフォームを何というでしょう？,シングレット
2011,ノーマル,中心都市をジェームズタウンに置くイギリス領の島で、ナポレオンが生涯を終えたことで知られるのはどこでしょう？,セントヘレナ島(せんとへれなしま)
2011,ノーマル,井上順、かまやつひろし、堺正章らが在籍していた、往年のグループサウンズ・ブームを代表するバンドは何でしょう？,ザ・スパイダース
2011,ノーマル,産油国の組織で、OPECの本部があるのはウィーンですが、OAPECの本部がある中東の都市はどこでしょう？,クウェート
2011,ノーマル,香りの良いハーブを束/にしたもので、よく煮込み料理の風味付けなどに使われるのは何でしょう？,ブーケガルニ
2011,ノーマル,その名前はフランス語で「金細工師」という意味を持つ、今年の皐月賞、東京優駿を制した競走馬は何でしょう？,オルフェーヴル
2011,ノーマル,古代ローマで第1回三頭政治を行った3人とは、カエサル、ポンペイウスと誰でしょう？,マルクス・リキニウス・クラッスス
2011,ノーマル,『戦国BASARA』『モンスターハンター』『ストリートファイター』などの人気ゲームを発売しているゲームメーカーは何でしょう？,カプコン
2011,ノーマル,矢の先端のことを「矢じり」というのに対し、末端のことを何というでしょう？,矢はず(やはず)
2011,ノーマル,ナチスの迫害を受けアメリカに亡命した作家で、『西部戦線異状なし』『凱旋門』などの作品で知られるのは誰でしょう？,エリック・マリア・レマルク
2011,ノーマル,同じ体積の立体図形のうち、その表面積が最小になるのは何でしょう？,球(たま)
2011,ノーマル,本来は火山の噴火口、特に富士山頂を指していた、ギリギリの状態や、瀬戸際といった意味の言葉は何でしょう？,剣が峰(けんがみね)
2011,ノーマル,メーカー側では出荷価格のみを決め、販売価格の決定は小売業者に任せた価格設定方式を何というでしょう？,オープン価格(おーぷんかかく)
2011,ノーマル,アイヴァン・サンダーソンによる造語である、その当時の技術では作ることが不可能とされる遺跡や工芸品を指す言葉は何でしょう？,オーパーツ
2011,ノーマル,女性の人魚は「マーメイド」といいますが、男性の人魚は英語で何というでしょう？,マーマン
2011,ノーマル,忍者のふるさとで、伊賀(いが)市があるのは三重県ですが、甲賀(こうか)市があるのは何県でしょう？,滋賀(しが)
2011,ノーマル,アルペンスキー競技において、順番に通過しなければ失格となる、2本1組のポールおよび旗のことを何というでしょう？,旗門(きもん)
2011,ノーマル,ホルストの組曲『惑星』は、全部で何曲からなるでしょう？,7曲(7きょく)
2011,ノーマル,フランスのリヨンに本部をおく「国際刑事警察機構」を、アルファベット4文字の略称で何というでしょう？,ICPO
2011,ノーマル,船を安定させるために載せる重量物と、線路の下に敷く石に共通する呼び名は何でしょう？,バラスト
2011,ノーマル,「ギリシア風の」という意味がある、アレクサンドロス大王の東方遠征で生まれた、ギリシャとオリエントの要素が融合した文化は何でしょう？,ヘレニズム
2011,ノーマル,ゴルフで、ハンディ0のプレイヤーを特に何というでしょう？,スクラッチ・プレイヤー
2011,ノーマル,上毛かるたでは「日本の名湯」とうたわれている、名物の石段街で知られる群馬県の温泉はどこでしょう？,伊香保(いかほ)温泉(いかほ(いかほ)おんせん)
2011,ノーマル,皮膚が赤く炎症を起こす日焼けを「サンバーン」というのに対し、表面だけ色づく健康的なものを何というでしょう？,サンタン
2011,ノーマル,工業製品の性能のことを「スペック」といいますが、これは何という英単語の略でしょう？,スペシフィケーション
2011,ノーマル,「東北三大祭り」に数えられる3つの祭りとは青森の「ねぶた祭り」、仙台の「七夕祭り」と秋田の何祭りでしょう？,竿燈(かんとう)まつり(かんとう(かんとう)まつり)
2011,ノーマル,「レーザーを角膜に当て、修正する」という意味のギリシャ語から命名された、利用者が増加している視力矯正手術は何でしょう？,レーシック手術(れーしっくしゅじゅつ)
2011,ノーマル,昔話『ねずみの嫁入り』で、ねずみが最初にお見合いした相手は何でしょう？,太陽(たいよう)
2011,ノーマル,現地の方言で「大きな」という意味の言葉に由来する、昨年のJFLで優勝し、今年からJ2に参戦しているサッカーチームは何でしょう？,ガイナーレ鳥取(がいなーれとっとり)
2011,ノーマル,1956年3月20日にフランスから独立した、首都をチュニスに置くアフリカの国はどこでしょう？,チュニジア
2011,ノーマル,「スイス」「フランス」「スペイン」を漢字で書いたとき、共通する漢字1文字は何でしょう？,西(にし)
2011,ノーマル,わんこそば、冷麺と共に「盛岡三大麺」とされる、専用の麺に肉味噌とキュウリ、ネギをかけて食べる料理は何でしょう？,じゃじゃ麺(じゃじゃめん)
2011,ノーマル,体内で欠乏すると味覚障害が起こる、原子番号30、元素記号Znの物質は何でしょう？,亜鉛(あえん)
2011,ノーマル,正式名称を『世界の記述』という、ルスティケロによって編纂(へんさん)されたマルコ・ポーロの旅行記を一般に何というでしょう？,『東方見聞録』(『とうほうけんぶんろく』)
2011,ノーマル,アメリカの放送局「アメリカン・ブロードキャスティング・カンパニー」と日本の放送局「朝日放送」に共通する、アルファベット3文字の略称は何でしょう？,ABC
2011,ノーマル,かつてはウディネーゼ、ACミランなどで監督をつとめたサッカー指導者で、現在サッカー日本代表の監督を務めているのは誰でしょう？,アルベルト・ザッケローニ
2011,ノーマル,発見したフランス人物理学者の名を使って「マリオット暗点」とも言われる、人間の網膜にある光を感じない部分を何というでしょう？,盲点(生理的暗点、視神経乳頭、視神経円盤)
2011,ノーマル,シャルル・ペローの童話『シンデレラ』で、シンデレラが乗った馬車はどんな野菜から作られたでしょう？,かぼちゃ
2011,ノーマル,今年は世界化学年に制定されていますが、この根拠となっている、今からちょうど100年前にノーベル化学賞を受賞した女性化学者は誰でしょう？,マリー・キュリー
2011,ノーマル,歌舞伎の舞台の「花道」にあたる、能の舞台で揚幕から本舞台まで続く通路を何というでしょう？,橋掛かり(橋懸かり)
2011,ノーマル,書籍や雑誌の消費税を含まない価格のことを「何価格」というでしょう？,本体価格(ほんたいかかく)
2011,ノーマル,毎年2月中旬に、大規模なサンバ・カーニバルが行われる、ブラジルの都市はどこでしょう？,リオデジャネイロ
2011,ノーマル,元々はクリケットの用語であった、サッカーで1試合に1人で3得点をあげることを指す言葉は何でしょう？,ハットトリック
2011,ノーマル,童謡『かもめの水兵さん』の歌詞で、水兵さんが身につけている白いものとは、ぼうし、シャツと何でしょう？,服(ふく)
2011,ノーマル,「五月雨や大河を前に家二軒」「春の海終日(ひねもす)のたりのたり哉(かな)」などの句を残した、江戸時代の俳人は誰でしょう？,与謝蕪(よさぶそん)
2011,ノーマル,直線道路に直角に接続する三叉路(さんさろ)のことを、その形の特徴から「何字路」というでしょう？,丁字路(ていじろ)
2011,ノーマル,格闘技の試合で選手に支払われるお金を「何マネー」というでしょう？,ファイトマネー
2011,ノーマル,別名を「エッグシェイプ」という、カイコの繭(まゆ)のように丸みを持ったスカートのことを英語で何というでしょう？,コクーンスカート
2011,ノーマル,シュークリームの「シュー」とはどんな野菜を意味するフランス語でしょう？,キャベツ
2011,ノーマル,地震の揺れの大きさを表す震度は、全部で何段階に分けられているでしょう？,10段階(10だんかい)
2011,ノーマル,創刊に当たって述べられた「元始女性は太陽であった」という平塚らいてうの言葉が有名な、女性解放をうたって明治・大正時代に刊行された雑誌は何でしょう？,『青鞜(せいとう)』(『せいとう(せいとう)』)
2011,ノーマル,シャフト、バット、/ジョイントなどのパーツからなる、ビリヤードで玉を突くための棒を何というでしょう？,キュー
2011,ノーマル,通常国会の冒頭で、内閣総理大臣が本会議場にて行う演説のことを何というでしょう？,施政方針演説(しせいほうしんえんぜつ)
2011,ノーマル,窓口が複数あるところで、一列に並んだ客が空いた場所へ順番に入る/方法を、ある食事道具にたとえて「何並び」というでしょう？,フォーク並び(フォーク)
2011,ノーマル,音楽の階名「ドレミファソラシド」は、もともと何語でしょう？,イタリア語(いたりあご)
2011,ノーマル,イギリス人技師ゴーランドが命名した、飛騨山脈、木曽山脈、赤石山脈の総称は何でしょう？,日本アルプス(にっぽんあるぷす)
2011,ノーマル,元々は金の純度を調べるために用いた石のことで、転じて人の能力などを判定する基準になる物事を指すようになった言葉は何でしょう？,試金石(しきんせき)
2011,ノーマル,1913年12月21日付けの「ニューヨークワールド」紙に初めて掲載された、縦横のマスに言葉を埋めるパズルは何でしょう？,クロスワードパズル
2011,ノーマル,サクラの品種「ソメイヨシノ」の語源となった地名で、「染井」があるのは東京都ですが、「吉野」がある都道府県はどこでしょう？,奈良(なら)
2011,ノーマル,百年戦争で活躍しフランスを勝利へ導いた、「オルレアンの乙女」ともよばれる英雄は誰でしょう？,ジャンヌ・ダルク
2011,ノーマル,かつて名古屋グランパスを率いたアーセン・ベンゲルが現在監督を務める、イギリス・プレミアリーグ所属のサッカーチームは何でしょう？,アーセナル
2011,ノーマル,クレジットカードの支払い方法「リボ払い」の「リボ」とは、何という言葉の略でしょう？,リボルビング
2011,ノーマル,鉄道や空路で特に収益率の高い路線のことを、ある通貨単位を用いて「何路線」というでしょう？,ドル箱路線(どるはころせん)
2011,ノーマル,日本で行われている献血を大きく2種類に分けると、成分献血と何でしょう？,全血献血(ぜんけつけんけつ)
2011,ノーマル,カフカの小説『城』と、夏目漱石の小説『こゝろ』の登場人物に共通する、アルファベット1文字の人名は何でしょう？,K
2011,ノーマル,ボクシングで、相手の顎を下から突き上げるように打つことを何というでしょう？,アッパーカット(アッパー)
2011,ノーマル,TBSのクイズ番組『世界ふしぎ発見!』で、現地を取材し出題をするリポーターのことを何と呼ぶでしょう？,ミステリーハンター
2011,ノーマル,現在の日本で、テレビの視聴率を調べている唯一の会社は何でしょう？,ビデオリサーチ
2011,ノーマル,懸賞への応募や顧客データベースへの登録などに使われる、件名も本文も書かれていないメールのことを一般的に何というでしょう？,空メール(そらめーる)
2011,ノーマル,サッカーではゴールキーパーの90分あたりの失点、野球では投手の9イニングあたりの自責点を表す数値を何というでしょう？,防御率(ぼうぎょりつ)
2011,ノーマル,一般に「労働三法」と呼ばれる3つの法律とは、労働基準法、労働組合法と何でしょう？,労働関係調整法(ろうどうかんけいちょうせいほう)
2011,ノーマル,今年1月、オーストリア人俳優マニュエル・シュワルツと結婚した、女性歌手は誰でしょう？,浜崎あゆみ(はまさきあゆみ)
2011,ノーマル,国連加盟国の中で唯一、四角形でない国旗を持つ国はどこでしょう？,ネパール
2011,ノーマル,横断歩道のことを、その模様がある動物に見えることから英語で何というでしょう？,ゼブラゾーン
2011,ノーマル,「ラピッド・アイ・ムーブメント」の略である、夢を見ることの多い浅い睡眠状態のことを何睡眠というでしょう？,レム睡眠(れむすいみん)
2011,ノーマル,「レタ・セ・モア(朕は国家なり)」という言葉でも知られる、「太陽王」とも呼ばれたフランスの国王は誰でしょう？,ルイ14世(るい14よ)
2011,ノーマル,「変わり者」という意味がある、サーフィンやスノーボードで左足を前にして立つ姿勢は何でしょう？,グーフィー
2011,ノーマル,今年1月14日に80歳で亡くなったNHKの元ディレクターで、ダジャレ好きのガハハおじさんとして知られたのは誰でしょう？,和田勉(わだ・べん)
2011,ノーマル,縫い目が表から目立たないため、スカートやズボンのすそ上げなどに用いられる縫い方を「何縫い」というでしょう？,まつり縫い(まつりぬい)
2011,ノーマル,スコットランド民謡の『オールド・ラング・サイン』が原曲とされる、卒業式や商業施設の閉店時に流す定番曲は何でしょう？,『蛍の光』(『ほたるのひかり』)
2011,ノーマル,グアムやキリバスなどを含むオセアニアの一地域を、「小さな島々」という意味のギリシャ語で何と呼ぶでしょう？,ミクロネシア(マイクロネシア)
2011,ノーマル,昨年、トラン・アン・ユン監督により映画化された、青春にもがく主人公・ワタナベトオルを描いた村上春樹の代表作は何でしょう？,『ノルウェイの森』(『のるうぇいのもり』)
2011,ノーマル,1つのコンセントに複数の配線をつなげた状態を、ある生き物にたとえて何というでしょう？,たこ足配線(たこあしはいせん)
2011,ノーマル,1年を4つに分け、およそ13週間を1とした放送業界の用語は何でしょう？,クール
2011,ノーマル,大量生産された安物のハンコを、昔のお金の単位を用いて何というでしょう？,三文判(さんもんばん)
2011,ノーマル,ギリシャ神話における現世と来世を分ける川の渡し守の名前がつけられた、冥王星の衛星の中で最も大きい星の名前は何でしょう？,カロン
2011,ノーマル,足が大きくならないように成長期前の女性の足に布を強く巻く、中国の古い風習を何というでしょう？,纏足(てんそく)【「弓足(きゅうそく)」も○】(てんそく(てんそく)【「ゆみあし(きゅうそく)」も○】)
2011,ノーマル,自動車レースのF3やF1の「F」とは何という英単語の頭文字でしょう？,フォーミュラ
2011,ノーマル,「現代社会」「倫理」「政治・経済」の3科目からなる、日本の高校の教科は何でしょう？,公民(こうみん)
2011,ノーマル,「おもちゃ」を意味する英単語と、創始者の名前チャールズ・ラザラスを組み合わせて名付けられた、世界的な大型玩具量販店チェーンは何でしょう？,トイザらス
2011,ノーマル,いわゆるドイツ三大Bと呼ばれる作曲家とは、バッハ、ベートーベンと誰でしょう？,ヨハネス・ブラームス
2011,ノーマル,トゥピー語で「大騒音」という意味の言葉に由来する、アマゾン川で起こる逆流現象を何というでしょう？,ポロロッカ
2011,ノーマル,「三国一の花嫁」という時の三国とは、日本、中国とどこでしょう？,インド(天竺)
2011,ノーマル,サンパウロやベネチアで開催されるものが有名な、2年毎に開かれる展覧会をイタリア語で何というでしょう？,ビエンナーレ
2011,ノーマル,世界で最も長い大根の品種を、その原産地である大阪府の地名から「何大根」というでしょう？,守口大根(もりぐちだいこん)
2011,ノーマル,記号「mom」/で表される、3.75gを1とする尺貫法の重さの単位は何でしょう？,匁(もんめ)
2011,ノーマル,長岡京や平安京への遷都を行った、日本の50代天皇は誰でしょう？,桓武(かんむ)天皇(かんむ(かんむ)てんのう)
2011,ノーマル,ラグビーで、ボールを前に投げる反則を何というでしょう？,スローフォワード
2011,ノーマル,佐藤栄作首相によって提唱された「非核三原則」とは、「持たず」「作らず」と何でしょう？,持ち込ませず(もちこませず)
2011,ノーマル,一般に世界三大宗教と呼ばれるのは、キリスト教、イスラム教と何でしょう？,仏教(ぶっきょう)
2011,ノーマル,イオン化傾向が非常に大きいことから電池にも用いられる、金属元素の中で最も軽いものは何でしょう？,リチウム
2011,ノーマル,「これは私が小さい時に村の茂平というおじいさんから聞いたお話です」という書き出しで始まる、新美南吉(にいみ・なんきち)の童話といえば何でしょう？,『ごんぎつね』
2011,ノーマル,昨年行われたFIFAワールドカップ南アフリカ大会で、史上8カ国目となる優勝を果たした国はどこでしょう？,スペイン
2011,ノーマル,スピード謎かけが得意なボケのねづっちと、ツッコミの木曽さんちゅうからなるコンビは何でしょう？,Wコロン(ダブルコロン)
2011,ノーマル,「百花の魁(さきがけ)」「花の兄」などと称される、年が明けた頃に咲く花といえば何でしょう？,梅(うめ)
2011,ノーマル,今年野球殿堂入りを果たした、現在の中日ドラゴンズの監督は誰でしょう？,落合博満(おちあい・ひろみつ)
2011,ノーマル,現在、国際連合の公用語である6つの言語とは、英語、フランス語、ロシア語、中国語、スペイン語と何でしょう？,アラビア語(あらびあご)
2011,ノーマル,ケッペンの気候区分における乾燥帯を大きく2つに分けると、砂/漠気候と何でしょう？,ステップ気候(ステップ)
2011,ノーマル,水洗トイレを意味する「W.C.」とは、何という英語の略でしょう？,ウォーター・クローゼット
2011,ノーマル,クラゲではなくヒドロ虫(ちゅう)の仲間だが、別名を「電気クラゲ」という海の生き物は何でしょう？,カツオノエボシ
2011,ノーマル,綱引きで最後尾に配置される選手と、水泳や陸上のリレー種目での最終競技者を、共に英語で何というでしょう？,アンカー
2011,ノーマル,イスラエル大統領への就任を辞退した逸話がある、相対性理論で有名な物理学者は誰でしょう？,アルベルト・アインシュタイン(アインシュタイン)
2011,ノーマル,明日8月21日からはドラマ版が放送される、第145回直木賞を受賞した池井戸潤の小説は何でしょう？,『下町ロケット』(『したまちろけっと』)
2011,ノーマル,世界の国で、面積が一番大きいのはロシアですが、人口が一番多いのはどこでしょう？,中国(中華人民共和国)
2011,ノーマル,心理学者の植木、体操選手の田中、タレントの柴田に共通する、下の名前は何でしょう？,理恵(りえ)
2011,ノーマル,携帯電話のiPhoneや、携帯音楽プレーヤーのiPodを販売している企業は何でしょう？,アップル【「アップル・コンピュータ」はもう一回】(あっぷる【「あっぷる・こんぴゅーた」はもういっかい】)
2011,ノーマル,昨年ロックの殿堂入りを果たした、『ダンシング・クイーン』などのヒット曲で知られるスウェーデンの音楽グループは何でしょう？,アバ
2011,ノーマル,鎌倉時代の日記文学『十六夜日記』の作者は誰でしょう？,阿仏尼(あぶつに)
2011,ノーマル,ヴィクトリアマイルと秋の天皇賞を制し、2010年度の年度代表馬に選出された馬は何でしょう？,ブエナビスタ
2011,ノーマル,時期に合わない無用なものを、「夏の火鉢と冬の扇」という意味の四字熟語で何というでしょう？,夏炉冬扇(かろとうせん)
2011,ノーマル,そのタイトルはラテン語で「ローマの風呂」という意味がある、来年、阿部寛主演で映画化予定のヤマザキマリの漫画は何でしょう？,『テルマエ・ロマエ』
2011,ノーマル,熱帯低気圧で、大西洋上で発生したものをハリケーンといいますが、インド洋上で発生したものを何というでしょう？,サイクロン
2011,ノーマル,ラテン語で「チャールズの心臓」という意味がある、りょうけん座のアルファ星は何でしょう？,コル・カロリ
2011,ノーマル,かつて存在した官職「右大臣」と「左大臣」のうち、位が高いのはどちらでしょう？,左大臣(さだいじん)
2011,ノーマル,剣道や空手で、自分と相手との空間的・心理的な距離を指す言葉は何でしょう？,間合い(まあい)
2011,ノーマル,前田敦子、大島優子に次いで、今年6月に開票された「AKB48選抜総選挙」で3位に入ったのは誰でしょう？,柏木由紀(かしわぎ・ゆき)
2011,ノーマル,世界の官邸の通称で、「ホワイトハウス」といえばアメリカですが、「ピンクハウス」といえばどこの国のものでしょう？,アルゼンチン
2011,ノーマル,チョコレートメーカーの「ゴディバ」はどこの国の会社でしょう？,ベルギー
2011,ノーマル,2本のアンテナに手をかざして演奏する、考案したロシアの発明家の名前がついた世界初の電子楽器は何でしょう？,テルミン
2011,ノーマル,日本の南関東から北九州までを結ぶ、一連の工業地帯・工業地域を何というでしょう？,太平洋ベルト(たいへいようべると)
2011,ノーマル,意外な場所や筋違いのことで昔の恨みを晴らすことを「江戸の敵(かたき)をどこで討つ」というでしょう？,長崎(ながさき)
2011,ノーマル,台座に置かれた的に向かって扇を投げ、その形の点数を競う競技は何でしょう？,投扇興(とうせんきょう)
2011,ノーマル,建物の外壁に沿って設けられた幅の狭い通路のことを、ある動物が走り回ることができる程度の広さであることから何というでしょう？,犬走り(いぬばしりり)
2011,ノーマル,モースの硬度計では最高の値10となる、炭素の同素体は何でしょう？,ダイヤモンド
2011,ノーマル,江戸時代に刀を質入れした武士などが用いた、竹を削って刀に見せかけたものを何というでしょう？,竹光(たけみつ)
2011,ノーマル,有酸素運動を「エアロビクス」というのに対し、無酸素運動を英語で何というでしょう？,アネロビクス
2011,ノーマル,消費税や酒税など、納税者と納税義務者が異なる税を何というでしょう？,間接税(かんせつぜい)
2011,ノーマル,1年で最初に来る二十四節気は「小寒」ですが、最後に来るのは何でしょう？,冬至(とうじ)
2011,ノーマル,元素の周期表で、横の並びを周期というのに対し、縦の並びを何というでしょう？,族(ぞく)
2011,ノーマル,1921年に小説『恐ろしき四月馬鹿(エイプリル・フール)』でデビューした作家で、名探偵・金田一耕助の生みの親として知られるのは誰でしょう？,横溝正史(よこみぞ・せいし)
2011,ノーマル,ジョージ・フォアマンを破った試合は「キンシャサの奇跡」と呼ばれた、アメリカの伝説的ボクサーは誰でしょう？,モハメド・アリ
2011,ノーマル,カンヌ国際映画祭の最高賞パルム・ドールを、日本人として唯一2回受賞した映画監督は誰でしょう？,今村昌平(いまむら・しょうへい)
2011,ノーマル,企業が行う広報活動で、PRは「パブリック・リレーションズ」の略ですが、IRは何という英語の略でしょう？,Investor Relations(インベスター・リレーションズ)
2011,ノーマル,ベストセラー『これからの「正義」の話をしよう』の著者である、アメリカ・ハーバード大学の教授は誰でしょう？,マイケル・サンデル
2011,ノーマル,毎年夏に「都市対抗野球大会」本大会が行われる球場はどこでしょう？,東京ドーム(とうきょうどーむ)
2011,ノーマル,公職選挙法で、衆議院議員に立候補できるのは満25歳以上ですが、参議院議員に立候補できるのは満何歳以上でしょう？,30歳(30とし)
2011,ノーマル,マージー川の河口に位置するイギリスの港湾都市で、ビートルズ誕生の地として知られるのはどこでしょう？,リバプール
2011,ノーマル,楽譜で、シャープやフラットにより変化した音を元の高さに戻す「本位記号」のことを何というでしょう？,ナチュラル
2011,ノーマル,太陽系の8つの惑星のうち、太陽から最も遠い位置にある天体は何でしょう？,海王星(かいおうせい)
2011,ノーマル,運輸安全委員会、海上保安庁、観光庁、気象庁が属する中央省庁は何でしょう？,国土交通省(こくどこうつうしょう)
2011,ノーマル,今年4月1日、NHKの衛星放送の再編成により誕生した2つのチャンネルとは、「NHK BS1」と何でしょう？,NHK BSプレミアム
2011,ノーマル,銅板の表面を針で削り、腐食させて作る版画を英語で何というでしょう？,エッチング
2011,ノーマル,花札で、20点札を5枚全てそろえた役を何というでしょう？,五光(ごひかり)
2011,ノーマル,大きさを持つ2つのベクトルが直角に交わるとき、その内積はいくつになるでしょう？,0
2011,ノーマル,10月10日に起こったことから「双十革命」とも呼ばれる、中国で、清が滅び中華民国が成立した革命は何でしょう？,辛亥(しんがい)革命(かのとい(しんがい)かくめい)
2011,ノーマル,相撲で、立合いからまっすぐ相手を押し込んでいくことを、ある乗り物にたとえて何と言うでしょう？,電車道(でんしゃみち)
2011,ノーマル,寄席の言葉で、「つばなれ」といえば何人以上の客が入ることをいうでしょう？,10人(10にん)
2011,ノーマル,日本の道路交通法で「本標識」と呼ばれる4種類の標識とは、案内標識、規制標識、警戒標識と何でしょう？,指示標識(しじひょうしき)
2011,ノーマル,破傷風菌の純粋培養に成功し、血清療法を確立した、日本の細菌学者は誰でしょう？,北里柴三郎(きたざとしばさぶろう)
2011,ノーマル,ギリシア神話に登場するオイディプスが解いた「スフィンクスの謎」の答えは何でしょう？,人間(にんげん)
2011,ノーマル,「氷上のチェス」といえばカーリングですが、「氷上の格闘技」といえばどんなスポーツを指すでしょう？,アイスホッケー
2011,ノーマル,テレビ朝日系列の刑事ドラマ『相棒』シリーズで、及川光博が演じた刑事の名前は何でしょう？,神戸尊(かんべ・たける)
2011,ノーマル,着物の種類で、裏地が無いものを「単衣(ひとえ)」といいますが、裏地があるものを何といういうでしょう？,袷(あわせ)
2011,ノーマル,水素やヘリウムなどの軽い原子核が原子核反応して、より重い原子核に変化する現象を何というでしょう？,核融合(かくゆうごう)
2011,ノーマル,ツール・ド・フランスで、総合成績1位の選手に贈られる黄色のジャージを何というでしょう？,マイヨ・ジョーヌ
2011,ノーマル,大学入試センター試験の「英語」で、筆記試験の満点は200点ですが、リスニング試験の満点は何点でしょう？,50点(50てん)
2011,ノーマル,オランダの国土のおよそ4分の1を占める干拓地を何というでしょう？,ポルダー
2011,ノーマル,「素数」に対し、1とその数自身以外に約数のある数を何というでしょう？,合成数(ごうせいかず)
2011,ノーマル,全日本吹奏楽コンクール中学生・高校生部門の全国大会が行われるため、「吹奏楽の甲子園」と呼ばれる、東京都杉並区にある施設はどこでしょう？,普門館(ふもんかん)
2011,ノーマル,AU・アフリカ連合の本部が置かれている、エチオピアの首都はどこでしょう？,アディスアベバ
2011,ノーマル,元々は連歌や俳句における最後の句のことで、最終的に行き着く結末を「これの果て」と表す漢字2文字の言葉は何でしょう？,挙句(あげく)
2011,ノーマル,頭や腕のない胴体だけの彫刻を、イタリア語で何というでしょう？,トルソー
2011,ノーマル,コンビニエンスストアで、ファミチキを販売しているのはファミリーマートですが、Lチキを販売しているのはどこでしょう？,ローソン
2011,ノーマル,「江戸」や「薩摩」などの種類がある、ガラスの表面に溝を彫り込んで装飾した工芸細工を何というでしょう？,切子(きりこ)
2011,ノーマル,縄文時代の遺跡である亀ヶ岡(かめがおか)遺跡、小牧野(こまきの)遺跡、三内丸山(さんないまるやま)遺跡といえば、いずれも何県にあるでしょう？,青森(あおもり)
2011,ノーマル,アメリカンフットボールで、反則があった際に投げ込まれるのは何色の旗でしょう？,黄色(きいろ)
2011,ノーマル,アメリカの二大政党で、民主党のシンボルはロバですが、共和党のシンボルはどんな動物でしょう？,ゾウ
2011,ノーマル,本名をヨーゼフ・アロイス・ラッツィンガーという、現在のローマ教皇は誰でしょう？,ベネディクト16世(べねでぃくと16よ)
2011,ノーマル,ナフタレンやドライアイスなどにみられる、固体が液体の状態を経ずに直接気体になる変化を何というでしょう？,昇華(しょうか)
2011,ノーマル,バングラデシュ国歌『我が黄金のベンガルよ』やインド国歌『ジャナ・ガナ・マナ』を作詞・作曲した、インドの詩人は誰でしょう？,ラビンドラナート・タゴール
2011,ノーマル,1986年のFIFAワールドカップで見せ場となった「5人抜きドリブル」や「神の手ゴール」も有名な、アルゼンチンを代表する元サッカー選手は誰でしょう？,ディエゴ・マラドーナ
2011,ノーマル,狂言の二大流派といえば、和泉(いずみ)流と何でしょう？,大蔵(おおくら)流(おおくら(おおくら)りゅう)
2011,ノーマル,日本郵政のゆうパックに統合され、昨年7月をもって33年の歴史に幕を閉じた、日本通運の宅配サービスは何でしょう？,ペリカン便(ぺりかんびん)
2011,ノーマル,『叫び』で知られる画家ムンクは、どこの国の人でしょう？,ノルウェー
2011,ノーマル,毎年1月恒例の箱根駅伝は、全部で何区間で競われるでしょう？,10
2011,ノーマル,茶道の三千家といえば、表千家、裏千家と何でしょう？,武者小路千家(むしゃのこうじせんけ)
2011,ノーマル,天気図で、寒冷前線が温暖前線に追いつき、2つの寒気が接触してできる前線を何というでしょう？,閉塞前線(へいそくぜんせん)
2011,ノーマル,その形から三角州を意味することもあるギリシャ文字は何でしょう？,デルタ
2011,ノーマル,バレンタインデーのお返し/にキャンディーやマシュマロなどのプレゼントを贈る日を、ある色を使って「何デー」というでしょう？,ホワイトデー,
2011,ノーマル,元々は舞台前方の床から俳優を照らす照明のことで、転じて世間の注目を集めるときに「浴びる」といわれるものは何でしょう？,脚光(きゃっこう)
2011,ノーマル,ゴルフで、グリーン外側からのアプローチショットがそのままカップに入ることを、英語で何というでしょう？,チップイン
2011,ノーマル,コンピュータの表計算ソフトで、値を入力するマスのことを、「細胞」という意味の言葉を使って何というでしょう？,セル
2011,ノーマル,「不思議な町」「悪魔の箱」「最後の時間旅行」「魔神の笛」といえば、ニンテンドーDSで発売された何というゲームシリーズの作品でしょう？,「レイトン教授」シリーズ(「れいとんきょうじゅ」しりーず)
2011,ノーマル,小選挙区制では増える傾向にある、落選した候補に投じられた票を何というでしょう？,死票(しひょう、しにひょう)
2011,ノーマル,父に思想家の隆明(たかあき)がいる、『TUGUMI』『キッチン』などの作品で知られる女性作家は誰でしょう？,よしもとばなな
2011,ノーマル,水着の上半分に似ていることから名がついた、腕と首周りが大きく露出するシャツといえば何でしょう？,タンクトップ
2011,ノーマル,イタリア国内にある2つの独立国とは、バチカン市国と何でしょう？,サンマリノ共和国(サンマリノ),"面積ランキングではバチカンはワースト1位、サンマリノは5位
2位はモナコ　3位はナウル　4位はツバル
6位はリヒテンシュタイン　までは覚えよう

ちなみにバチカン0.4 モナコ2 ナウル21ツバル26 
サンマリノはバチカンの150倍越の61"
2011,ノーマル,本名を萩原寛という力士で、昨年の大相撲九州場所2日目で横綱・白鵬を破り、連勝記録を63で止めたのは誰でしょう？,稀勢の里寛(きせのさとゆたか)
2011,ノーマル,メキシコの女性作曲家、コンスエロ・ベラスケスが作った、スペイン語で「もっとキスして」という意味の歌は何でしょう？,『ベサメ・ムーチョ』
2011,ノーマル,現在、イギリスで連立政権を組む2つの政党とは、保守党と何でしょう？,自由民主党(自民党)
2011,ノーマル,別名を「リヒター・スケール」という、地震の規模を表す指標は何でしょう？,マグニチュード
2011,ノーマル,雑誌の発売ペースで「マンスリー」は1か月に1回ですが、「クォータリー」は何か月に1回でしょう？,3か月(3かがつ)
2011,ノーマル,ボクシングで、左手左足を前に出した一般的な構えを何というでしょう？,オーソドックス・スタイル
2011,ノーマル,夏においしい野菜・ピーマン、シシトウ、トマトといえば、全て何科の植物でしょう？,ナス科(なすか)
2011,ノーマル,ブタの皮つき三枚肉を泡盛や醤油などで柔らかく煮た、沖縄の郷土料理は何でしょう？,らふてー
2011,ノーマル,病気が日々回復してゆく様子を、俗に「何を剥ぐよう」というでしょう？,薄紙(うすがみ)
2011,ノーマル,1906年にノーベル平和賞をアメリカ人として初めて受賞した、同国の第26代大統領は誰でしょう？,セオドア・ルーズベルト
2011,ノーマル,代表作に『老猿』『西郷隆盛像』がある、高村光太郎の父としても知られる彫刻家は誰でしょう？,高村光雲(たかむら・こううん)
2011,ノーマル,別名を「ゴッドウィン・オースチン」という、世界で2番目に標高が高い山は何でしょう？,K2
2011,ノーマル,「感染爆発」と訳される、感染症や伝染病が世界的に流行することを指す英語は何でしょう？,パンデミック
2011,ノーマル,日本郵便が現在販売している普通切手で、最も額面が高いのは何円切手でしょう？,1000円切手(1000えんきって)
2011,ノーマル,アメリカンフットボールで、攻撃側に与えられる4回の攻撃機会のことを何というでしょう？,ダウン
2011,ノーマル,ドラムセットに備わっているものとしては「クラッシュ」や「ハイハット」が一般的な、金属製の打楽器といえば何でしょう？,シンバル
2011,ノーマル,柔道で、技有りと同等に扱われる反則は何でしょう？,警告(けいこく)
2011,ノーマル,日本の都道府県で「島」という漢字が付く5つとは、福島、広島、島根、徳島とどこでしょう？,鹿児島(かこしま)
2011,ノーマル,悪天候時に船のマストや樹木の先端などが青白い光を放つ現象を、船乗りの聖人の名前をとって何というでしょう？,セントエルモの火(せんとえるものひ)
2011,ノーマル,パックツアーの自由時間に別料金で参加できる、小規模なツアーを何というでしょう？,オプショナルツアー
2011,ノーマル,「ロングトラック」とも呼ばれるスピードスケートのトラックは、1周何mでしょう？,400m
2011,ノーマル,ハコネ、トウキョウ、カスミなどの種類がある両生類で、井伏鱒二(いぶせ・ますじ)の小説の題名にもなっているのは何でしょう？,サンショウウオ
2011,ノーマル,その名は江戸時代の琴の名人に由来するといわれる、ニッキの香りが特徴的な京都名物のお菓子は何でしょう？,八ツ橋(はちつはし)
2011,ノーマル,元々は「志願兵」という意味がある、自発的に社会事業活動に参加する人を指す言葉は何でしょう？,ボランティア
2011,ノーマル,飛行機に乗る時や水に潜るとき、気圧の変化に対応するために行う、つまんだ鼻から息を吐く動作を何というでしょう？,耳抜き(みみぬきき)
2011,ノーマル,「GLOW」「InRed」「spring」「sweet」といった女性ファッション雑誌を出版している会社はどこでしょう？,宝島社(たからしましゃ)
2011,ノーマル,ベネチアやトリエステが面している、イタリア半島とバルカン半島の間の海は何でしょう？,アドリア海(あどりあうみ)
2011,ノーマル,理科の実験で使われる上皿天秤で、重さを量るときに使うおもりを何というでしょう？,分銅(ふんどう)
2011,ノーマル,フランス語で「どんな場合でも」という意味がある、陸上競技場やテニスコートに使われる水はけの良いレンガ色の土は何でしょう？,アンツーカー
2011,ノーマル,法律で禁じられた「無限連鎖講」のことを、ある動物の名前を用いて一般に何というでしょう？,ねずみ講(ねずみこう)
2011,ノーマル,『ドリアン・グレイの肖像』『サロメ』『幸福な王子』などの作品で知られる、アイルランド生まれの作家は誰でしょう？,オスカー・ワイルド
2011,ノーマル,動かない彫刻を「スタビール」というのに対し、動く彫刻を何というでしょう？,モビール
2011,ノーマル,白ご飯を敷き詰め、真ん中に梅干をのせた弁当のことを、日本の国旗になぞらえて何というでしょう？,日の丸弁当(ひのまるべんとう)
2011,ノーマル,昨年、中央競馬史上3頭目となる牝馬(ひんば)三冠を達成した馬は何でしょう？,アパハネ
2011,ノーマル,気温が低く風が穏やかなときに現れる、空気中の細かい氷の結晶が、太陽光線で輝いて見える現象を何というでしょう？,ダイヤモンドダスト
2011,ノーマル,スクラビング法、バス法、ローリング法といえば、毎日の習慣であるどんなことに関する方法でしょう？,歯磨き(はみがき)
2011,ノーマル,日本の歴代総理大臣の中で、苗字に動物が入っているのは、鳩山一郎、鳩山由紀夫と誰でしょう？,犬養毅(いぬかい・つよし)
2011,ノーマル,映画などの撮影場所を探す「ロケハン」といいますが、これはどんな和製英語の略語でしょう？,ロケーション・ハンティング
2011,ノーマル,消防署の地図記号にデザインされている、江戸時代に町火消しが延焼を防ぐために使っていた道具は何でしょう？,さすまた
2011,ノーマル,別名を「レスト」という、ビリヤードで、遠くの手玉を打つ為にキューをのせる長い取っ手の付いた道具は何でしょう？,メカニカルブリッジ(ブリッジ)
2011,ノーマル,黒、柿色、萌黄(もえぎ)色の3色の縦縞でできた、歌舞伎で使われる幕を何というでしょう？,定式幕(じょうしきまく)
2011,ノーマル,◎(にじゅうまる)のマークは、天気記号では曇りを表しますが、地図記号では何の場所を表すでしょう？,市役所【「特別区の区役所」も○】(しやくしょ【「とくべつくのくやくしょ」も○】)
2011,ノーマル,日本ではかつて「いかり星」と呼ばれていた、アルファベットのWの形に5個の星が並ぶ星座は何座でしょう？,カシオペヤ座(カシオペア座)
2011,ノーマル,325年のニケーア公会議で正統とされた、父なる神、イエス、精霊の3体を同質とするキリスト教の学説を何というでしょう？,三位一体説(さんみいったい)
2011,ノーマル,母国の常識からかけ離れた文化に接触したときの驚きや戸惑いを、英語で何というでしょう？,カルチャーショック
2011,ノーマル,カーリングのハウスや弓道の的のように、1つの点を中心に複数描かれた半径の異なる円を何というでしょう？,同心円(どうしんえん)
2011,ノーマル,サンドイッチのひとつBLTサンドの、Bはベーコン、Lはレタスの事ですが、Tはどんな具材のことでしょう？,トマト
2011,ノーマル,イタリア語では「コニーリョ」、フランス語では「ラパン」、英語では「ラビット」という動物を、日本語では何というでしょう？,ウサギ
2011,ノーマル,功利主義を唱え、「最大多数の最大幸福」という言葉を残した、イギリスの社会学者は誰でしょう？,ジェレミー・ベンサム
2011,ノーマル,映画化された際にはflumpool(フランプール)による同名の主題歌もヒットした、黒沼爽子(くろぬま・さわこ)を主人公とする少女漫画は何でしょう？,『君に届け』(『くんにとどけ』)
2011,ノーマル,チューリッヒ、ジュネーブに次ぐスイス第3の都市で、有害廃棄物の国境を越える移動を規制した条約に名を残すのはどこでしょう？,バーゼル
2011,ノーマル,脊椎動物の赤血球に含まれ、血液中で酸素を運搬する働きを持つたんぱく質は何でしょう？,ヘモグロビン
2011,ノーマル,背面跳びが考案されるまでは一般的であった、陸上の走り高跳びでお腹を下にしてバーを越す飛び方を何というでしょう？,ベリーロール
2011,ノーマル,小説『ハリー・ポッター』シリーズの舞台である、魔法学校の名前は何でしょう？,ホグワーツ魔法魔術学校(ほぐわーつまほうまじゅつがっこう)
2011,ノーマル,ギリシャ語で「緊張」という意味がある、建築物の柱に施されたわずかな膨らみを何というでしょう？,エンタシス
2011,ノーマル,現在は最新作の「knit(ニット)」が稼動している、16枚のパネルをリズムに合わせてタッチする、コナミの音楽ゲームは何でしょう？,『jubeat(ユビート)』
2011,ノーマル,昨年は日本馬のナカヤマフェスタが2着に入った、毎年10月にフランスのロンシャン競馬場で行われる国際GⅠレースは何でしょう？,凱旋門(がいせんもん)賞(がいせんもん(がいせんもん)しょう)
2011,ノーマル,昆虫の体を大きく3つに分けると、頭部、胸部と何でしょう？,腹部(ふくぶ)
2011,ノーマル,パッド、クリングス、テンプル、ブリッジなどの部品から作られる、視力の矯正や目の保護に使われる器具といえば何でしょう？,メガネ(眼鏡)
2011,ノーマル,自分の腕前や努力の成果を見せる晴れの場を、劇場の立派な舞台にたとえて「何舞台」というでしょう？,檜(ひのき)舞台(ひのき(ひのき)ぶたい)
2011,ノーマル,ロシア民謡にも歌われている、17世紀のロシアで反乱を起こしたコサックの首長は誰でしょう？,ステンカ・ラージン
2011,ノーマル,開発したドイツの会社の名前がそのまま通称となった、舞台化粧などに用いられる油性おしろいのことを何というでしょう？,ドーラン
2011,ノーマル,ニューヨーク州とオンタリオ州を結ぶナイアガラ川に架かる橋と、東京の芝浦とお台場を結ぶ東京湾に架かる橋に、共通する名前は何でしょう？,レインボーブリッジ
2011,ノーマル,ゲートボールで、先攻のチームが使うボールの色は、赤、白のどちらでしょう？,赤(あか)
2011,ノーマル,代表曲に管弦楽曲『水上の音楽』『王宮の花火の音楽』がある、ドイツ生まれの音楽家は誰でしょう？,ゲオルク・フリードリヒ・ヘンデル
2011,ノーマル,昨年、阪神タイガースのマット・マートン選手が記録した、日本プロ野球1シーズンの最多安打の記録はいくつでしょう？,214安打(214あんだ)
2011,ノーマル,全国知事会の現会長である山田啓二(やまだ・けいじ)は、どこの都道府県の知事でしょう？,京都(きょうと)
2011,ノーマル,江戸の庶民生活を活き活きと描いた『浮世床』『浮世風呂』で知られる戯作者は誰でしょう？,式亭三馬(しきてい・さんば)
2011,ノーマル,錠剤を飲みやすくするために、表面を糖で覆ったものを特に何錠というでしょう？,糖衣錠(とういじょう)
2011,ノーマル,大物を釣った記念に、魚に墨を塗って紙に写したものを何というでしょう？,魚拓(ぎょたく)
2011,ノーマル,1932年の第3回、1980年の第13回と2度冬季オリンピックが開催されたアメリカの都市はどこでしょう？,レークプラシッド
2011,ノーマル,別名を「八丈草(はちじょうそう)」という、「今日摘んでも明日また葉が出る」ことから名の付いたセリ科の多年草は何でしょう？,アシタバ(アシタグサ)
2011,ノーマル,つけ麺の中でも、麺を温かい状態で提供されるものを特に「何もり」というでしょう？,あつもり
2011,ノーマル,「覆水盆に返らず」を英語で表現したときに、登場する飲み物は何でしょう？,牛乳(ぎゅうにゅう)
2011,ノーマル,『悲劇の誕生』『ツァラトゥストラはかく語りき』などの著作がある、18世紀ドイツの哲学者は誰でしょう？,フリードリッヒ・ニーチェ
2011,ノーマル,エルソルプロダクツ株式会社の登録商標になっている、まぶたを二重(ふたえ)に見せるための化粧品は何でしょう？,アイプチ
2011,ノーマル,元々は「嵐の岬」と呼ばれ、ジョアン2世が現在の名を付けた、南アフリカ南部の岬は何でしょう？,喜望峰(きぼうほう)
2011,ノーマル,演劇などでは観客の反応を見るために行う試験公演を、スポーツではプロチームの入団テストを指す言葉は何でしょう？,トライアウト
2011,ノーマル,グラフェン、フラーレン、カーボンナノチューブといえば、いずれも何という元素の同素体でしょう？,炭素(カーボン)
2011,ノーマル,現在、将棋の名人は森内俊之(もりうち・としゆき)ですが、囲碁の名人は誰でしょう？,井山裕太(いやま・ゆうた)
2011,ノーマル,イギリスの20ポンド紙幣に現在描かれている、『国富論』を著したイギリスの経済学者は誰でしょう？,アダム・スミス
2011,ノーマル,SF小説などに見られる、基本的な人権が抑圧された社会を描いた文学を、ユートピア小説に対して「何小説」というでしょう？,ディストピア小説(でぃすとぴあしょうせつ)
2011,ノーマル,株式会社スタートトゥデイが運営する、日本最大級のファッション通販サイトは何でしょう？,ZOZOTOWN(ゾゾタウン)
2011,ノーマル,昨年、生タイプ麺を用いた初代からノンフライ麺を用いた2代目にモデルチェンジを行った、日清食品が発売するカップラーメンは何でしょう？,日清ラ王(にっしんらおう)
2011,ノーマル,競泳で、個人メドレーの最初の泳法はバタフライですが、メドレーリレーの第一泳者の泳法は何でしょう？,背泳ぎ(はいえいぎ)
2011,ノーマル,情報量の単位で、1バイトはふつう何ビットでしょう？,8ビット
2011,ノーマル,八坂神社の祭礼として/毎年7月に行われる、京都三大祭りのひとつは何でしょう？,祇園祭(ぎおんまつり)
2011,ノーマル,ことわざで、世間知らずな人を例えて「何の煮えたもご存じない」というでしょう？,芋(いも)
2011,ノーマル,ボケの真栄田賢(まえだ・けん)とツッコミの内間政成(うちま・まさなり)の2人からなる、M-1グランプリ2010で準優勝になったお笑いコンビは何でしょう？,スリムクラブ
2011,ノーマル,日本有数の台風銀座としてよくテレビの中継地点に選ばれる、本州最南端の岬は何でしょう？,潮岬(しおのみさき)
2011,ノーマル,6人制バレーボールで、スパイクやブロックはできないが自由に交代可能な、守備専門のプレーヤーを何というでしょう？,リベロ
2011,ノーマル,北海道民謡『ソーラン節』はどんな魚の漁を歌った曲でしょう？,ニシン
2011,ノーマル,落語家で、仁鶴(にかく)、鶴光(つるこう)、鶴瓶(つるべ)といえば、共通する亭号は何でしょう？,笑福亭(しょうふくてい)
2011,ノーマル,京都五山の第一位とされる寺は天龍寺(てんりゅうじ)ですが、鎌倉五山の第一位とされる寺は何でしょう？,建長寺(けんちょうてら)
2011,ノーマル,空気のおよそ0.93%を占め、窒素、酸素に次いで多い成分となっている気体は何でしょう？,アルゴン
2011,ノーマル,敷き詰めた小石や砂につけた模様で水の流れを表現する、日本の禅寺によく見られる水のない庭園を何というでしょう？,枯山水(かれさんすい)
2011,ノーマル,昨年の広州アジア大会陸上女子100メートルと200メートルで二冠を達成した、北海道ハイテクACに所属する陸上選手は誰でしょう？,福島千里(ふくしま・ちさと)
2011,ノーマル,文房具の英語名で、「イレイザー」といえば消しゴムのことですが、「ルーラー」といえば何のことでしょう？,定規(ものさし)
2011,ノーマル,電磁波の発見で知られるドイツの物理学者で、周波数の単位に名前を残しているのは誰でしょう？,ハインリヒ・ルドルフ・ヘルツ
2011,ノーマル,カクテルの材料に使われる、ザクロの果汁を原料とするシロップは何でしょう？,グレナデン・シロップ
2011,ノーマル,日本国憲法は103条ありますが、大日本帝国憲法は何条あるでしょう？,76条(76じょう)
2011,ノーマル,今年15周年を迎えた、毎年7月下旬に苗場スキー場で開催される国内最大級の音楽フェスティバルは何でしょう？,FUJI ROCK FESTIVAL(フジロックフェスティバル)
2011,ノーマル,名前に「ニュー」がつくアメリカの州のうち、唯一独立13州に当たらないのは何州でしょう？,ニューメキシコ州(にゅーめきしこしゅう)
2011,ノーマル,大相撲で活躍する力士で、栃ノ心(とちのしん)、臥牙丸(ががまる)、黒海(こっかい)といえば、出身国はどこでしょう？,グルジア
2011,ノーマル,フランスの医師ラエネクによって発明された、胸部や腹部の中の音を聞くために用いる医療器具は何でしょう？,聴診器(ちょうしんき)
2011,ノーマル,ケニアのナイロビに本部を置く「国連環境計画」を、アルファベット4文字で何というでしょう？,UNEP(ユネップ)
2011,ノーマル,「えたいの知れない不吉な塊が私の心を始終圧(おさ)えつけていた。」という書き出しで始まる、作家・梶井基次郎(かじい・もとじろう)の代表作は何でしょう？,『檸檬(れもん)』(『れもん(れもん)』)
2011,ノーマル,昨年11月にはローマ法王に教会として公認された、スペインの建築家アントニオ・ガウディ設計の大聖堂は何でしょう？,サグラダ・ファミリア
2011,ノーマル,「ファッブリカ・イタリアーナ・アウトモビリ・トリノ」という言葉の頭文字から社名を付けた、イタリアの自動車メーカーは何でしょう？,フィアット
2011,ノーマル,空手などの格闘技で、打撃を接触直前で止めたり、ダメージを与えないように当てることを何というでしょう？,寸止め(すんとめ)
2011,ノーマル,アイスの「エッセルスーパーカップ」、チョコスナックの「きのこの山」「たけのこの里」などを販売している食品会社は何でしょう？,明治【今年4月、明治製菓と明治乳業が合併】(めいじ【こんねん4がつ、めいじせいかとめいじにゅうぎょうががっぺい】)
2011,ノーマル,他の鳥の鳴き真似をすることから、漢字で「百の舌」と書く鳥は何でしょう？,モズ
2011,ノーマル,偏見や先入観にとらわれて物事を見ることを、身につけるあるものを用いて「何で見る」というでしょう？,色眼鏡(いろめがね)
2011,ノーマル,ホノルルマラソンが行われるのはハワイ州ですが、ボストンマラソンが行われるアメリカの州はどこでしょう？,マサチューセッツ州(まさちゅーせっつしゅう)
2011,ノーマル,1968年に「五月革命」と呼ばれる民衆による反体制運動が起こった、ヨーロッパの国はどこでしょう？,フランス
2011,ノーマル,草彅剛(くさなぎ・つよし)とユースケ・サンタマリアが、毎週ゲストと様々な対決を繰り広げる、テレビ朝日系で放送中の人気深夜番組は何でしょう？,『「ぷっ」すま』
2011,ノーマル,マウント・オーガスタスに次いで世界で2番目に大きい一枚岩である、オーストラリアの観光名所といえば何でしょう？,エアーズロック【現地名「ウルル」も○】(えあーずろっく【げんちめい「うるる」も○】)
2011,ノーマル,一般的なトランペットに、音を調節するためのピストンはいくつあるでしょう？,3つ
2011,ノーマル,1911年の第1回ではレイ・ハルーンが制した、優勝者が牛乳を飲むことで有名なアメリカのモーターレースは何でしょう？,インディ500
2011,ノーマル,日本銀行のように、国の金融の中核となり、市中銀行に資金を供給する機関を何というでしょう？,中央銀行(ちゅうおうぎんこう)
2011,ノーマル,魚釣島(うおつりじま)など8つの島から構成される、領有権を巡って近隣諸国との争いが絶えない沖縄県の諸島はどこでしょう？,尖閣(せんかく)諸島(せんかく(せんかく)しょしま)
2011,ノーマル,金融では「債務不履行」を、コンピューターでは「初期設定値」や「標準」という意味で用いられる英単語は何でしょう？,デフォルト
2011,ノーマル,ドイツ人小学校教師リヒャルト・シルマンが創設した、青少年旅行者のための健全で安価な宿泊施設を何というでしょう？,ユースホステル
2011,ノーマル,今年1月、主人公・伊達直人(だて・なおと)を名乗る匿名の寄付活動が全国に広がった、梶原一騎(かじわら・いっき)原作のプロレス漫画は何でしょう？,『タイガーマスク』
2011,ノーマル,1928年のアムステルダムオリンピック・女子800mで銀メダルを獲得し、日本人女性として初めて五輪メダリストとなった陸上選手は誰でしょう？,人見絹枝(ひとみ・きぬえ)
2011,ノーマル,その外観から「バラ」「マメ」「クルミ」などの形状に分けられる、ニワトリの頭の上にある肉の突起は何でしょう？,トサカ
2011,ノーマル,スパークリングワインを発明したとされる修道士の名前にちなむ、フランスのモエ・エ・シャンドン社が生産する高級シャンパンは何でしょう？,ドン・ペリニョン
2011,ノーマル,英語で、左右対称のことを「シンメトリー」といいますが、左右非対称のことを何というでしょう？,アシンメトリー
2011,ノーマル,曙より明るいが朝にはなっていない状態を指す、小倉百人一首で「君がため」「和田の原」とともに6字決まりとなっている言葉は何でしょう？,朝ぼらけ(あさぼらけ)
2011,ノーマル,洋風の結婚式で花嫁が髪に飾る、宝石を散りばめた冠型の女性用の飾りを英語で何というでしょう？,ティアラ
2011,ノーマル,南米の島・フェゴ島を領有している2つの国とは、アルゼンチンとどこでしょう？,チリ
2011,ノーマル,剣道の「始め」に当たる、フェンシングで、主審が試合開始の合図として言う言葉は何でしょう？,アレ
2011,ノーマル,大気汚染物質の種類で、「NOx(ノックス)」といえば窒素酸化物のことですが、「SOx(ソックス)」といえば何という物質の総称でしょう？,硫黄酸化物(いおうさんかぶつ)
2011,ノーマル,花札で、「萩(はぎ)」の10点札に描かれている動物は何でしょう？,イノシシ
2011,ノーマル,正式名を「日本司法支援センター」という、法律トラブルへの情報提供などを行う機関の愛称は何でしょう？,法テラス(ほうてらす)
2011,ノーマル,スペイン内戦を舞台にロバート・ジョーダンとマリアの恋愛を描いた、作家ヘミングウェイの代表作は何でしょう？,『誰(た)がために鐘は鳴る』(『だれ(た)がためにかねはなる』)
2011,ノーマル,洋服の柄で、縦縞のことをストライプというのに対し、横縞のことを何というでしょう？,ボーダー
2011,ノーマル,フランス語で「銀」という意味がある、砂糖の粒を薄い銀箔で覆ったお菓子作りの材料は何でしょう？,アラザン
2011,ノーマル,今年5月には著書『日本男児(にっぽんだんじ)』も発売された、インテル・ミラノ所属のサッカー選手は誰でしょう？,長友佑(ながとも・ゆう)
2011,ノーマル,顕微鏡の「接眼レンズ」と「対物レンズ」のうち、先に取り付けなければならないのはどちらでしょう？,接眼レンズ(せつがんれんず)
2011,ノーマル,コンサルタントのやましたひでこが提唱した、片づけの実践術を通じて心の自由を得るという自分改革法を、漢字3文字で何というでしょう？,断捨離(だんしゃり)
2011,ノーマル,ある物事に対して確実であると保証することを、「何を押す」というでしょう？,太鼓判(たいこばん)
2011,ノーマル,熊本民謡にも「越すに越されぬ」と歌われている、西南戦争の激戦地となった坂はどこでしょう？,田原坂(たばるざか)
2011,ノーマル,9連覇を記録していた江頭2:50を押さえ、「日経エンタテイメント!」の人気調査で「嫌いな芸人」部門1位を獲得した人気タレントは誰でしょう？,島田紳助(しまだ・しんすけ)
2011,ノーマル,俗に「日本三大急流」と呼ばれる河川とは、富士川、球磨川(くまがわ)と山形県を流れる何川でしょう？,最上川(もがみがわ)
2011,ノーマル,卓球のラケットの持ち方を大きく2つに分けると、シェイクハンドと何でしょう？,ペンホルダー
2011,ノーマル,J-POPなどの音楽で、曲の一番盛り上がる部分を俗に何というでしょう？,サビ
2011,ノーマル,面、胴、小手、垂れ、すね当てが防具として使用される、武家の女子を中心に発逹した武道は何でしょう？,なぎなた
2011,ノーマル,宝塚歌劇団にある5つの組といえば、花組、月組、雪組、星組と何でしょう？,宙組(そらぐみ)
2011,ノーマル,その形から「蟹の目」ともいわれる、扇の骨をつなぐ留め具を何というでしょう？,要(かなめ)
2011,ノーマル,フィジー、スリランカ、スペインの国旗に共通して描かれている動物は何でしょう？,ライオン
2011,ノーマル,アメリカの物理学者ジョン・ホイーラーが命名した、光でさえも脱出できない巨大な重力を持つ天体は何でしょう？,ブラックホール
2011,ノーマル,そのフォロワー数から「Twitter王子」の異名を取る、『Baby』『Never Say Never』などがヒットしたアメリカの歌手は誰でしょう？,ジャスティン・ビーバー
2011,ノーマル,宝石で、「赤い」というラテン語に由来するのはルビーですが、「青い」というラテン語に由来するのは何でしょう？,サファイア
2011,ノーマル,フィギュアスケートで、競技大会のプログラムが全て終わった後に観客サービスとして行われる演技を何というでしょう？,エキシビション
2011,ノーマル,昆虫の「完全変態」にあり、「不完全変態」にないのはどの段階でしょう？,さなぎ
2011,ノーマル,元々は節句ごとに、現在では特にお正月に食べる料理をさす言葉は何でしょう？,おせち料理(おせちりょうり)
2011,ノーマル,面積の単位で、1a(アール)は100平方メートルですが、1ha(ヘクタール)は何平方メートルでしょう？,10000平方メートル(10000へいほうめーとる)
2011,ノーマル,日本人の文化についてまとめた著書『菊と刀』で知られる、アメリカの文化人類学者は誰でしょう？,ルース・ベネディクト
2011,ノーマル,シリーズ初の学園ドラマであり、高校生の如月弦太朗(きさらぎ・げんたろう)が変身する、来月から放映予定の「仮面ライダーシリーズ」最新作は何でしょう？,『仮面ライダーフォーゼ』(『かめんらいだーふぉーぜ』)
2011,ノーマル,紅海と地中海を結ぶ、1869年にレセップスの尽力によって開通した運河は何でしょう？,スエズ運河(すえずうんが)
2011,ノーマル,体操競技の跳馬や跳び箱で使われるバネのついた踏切板を、開発者の名前から何というでしょう？,ロイター板(ろいたーいた)
2011,ノーマル,医師法第24条の規定により5年間の保存が義務付けられている、患者に対する医師の診療記録のことをドイツ語で何というでしょう？,カルテ
2011,ノーマル,建築士法による建築士の5つの資格とは、一級建築士、二級建築士、構造設計一級建築士、設備設計一級建築士と何でしょう？,木造建築士(もくぞうけんちくし)
2011,ノーマル,ドミトリー、イワン、アリョーシャという兄弟を主人公とする、ドストエフスキーの小説のタイトルは何でしょう？,『カラマーゾフの兄弟』(『からまーぞふのきょうだい』)
2011,ノーマル,栃木県の名産品「益子焼」は、磁器・陶器のどちらでしょう？,陶器(とうき)
2011,ノーマル,チェス独特のルールである、1手でキングとルークの2つの駒を動かす手のことを何というでしょう？,キャスリング
2011,ノーマル,「21歳の大学生」と「19歳の社会人」のうち、中央競馬の馬券を購入できるのはどちらでしょう？,21歳の大学生(21としのだいがくせい)
2011,ノーマル,光の三原色をすべて重ねると何色になるでしょう？,白(しろ)
2011,ノーマル,突発的な出来事があったとき、新聞社が速報のために街頭で配る臨時刊行紙を何というでしょう？,号外(ごうがい)
2011,ノーマル,景気や天気が徐々に悪くなっていくことを、坂に例えて何というでしょう？,下り坂(くだりざか)
2011,ノーマル,1721年に徳川吉宗が設置した、/庶民の要望や不満を直訴するための投書箱を何というでしょう？,目安箱(めやすばこ)
2011,ノーマル,演劇などの終幕後に観客が拍手喝采し、いったん退場した出演者を舞台に呼び戻すことを何というでしょう？,カーテンコール
2011,ノーマル,地図上で、図面上の距離と実際の距離との比を何というでしょう？,縮尺(しゅくしゃく)
2011,ノーマル,別名を「ランニングシュート」という、バスケットボールでリングにボールを置くように放つシュートは何でしょう？,レイアップシュート
2011,ノーマル,「死活問題」「駄目押し」「岡目八目」といえば、どんな室内ゲームに由来する言葉でしょう？,囲碁(いご)
2011,ノーマル,命日である6月25日は｢浜木綿忌(はまゆうき)｣と呼ばれる、琴の名曲『春の海』の作曲者は誰でしょう？,宮城道雄(みやぎ・みちお)
2011,ノーマル,「グリーンモンスター」で有名なフェンウェイ・パークは、大リーグのどこのチームの本拠地でしょう？,ボストン・レッドソックス
2011,ノーマル,東南アジアの国家元首で、ハサナル・ボルキア国王が治めるのはブルネイですが、プミポン国王ことラーマ9世が治める国はどこでしょう？,タイ
2011,ノーマル,日本の文語文法で、下一段活用をする唯一の動詞は何でしょう？,蹴る(ける)
2011,ノーマル,ヤードポンド法において、1ヤードは何フィートに相当するでしょう？,3フィート
2011,ノーマル,哀悼の意を示すために、竿の中程に掲げた旗を何というでしょう？,半旗(はんき)
2011,ノーマル,オリンピックで行われる投擲(とうてき)競技の中で、男子の世界記録よりも女子の世界記録の方が距離が長い唯一の種目は何でしょう？,円盤投げ(えんばんなげ)
2011,ノーマル,日本には「マダラ」と「ヤエヤマ」の2種類が生息する、尾に毒針を持つ生き物は何でしょう？,サソリ
2011,ノーマル,その細長い形から、フランス語で「棒」という意味の名前をもつフランスパンの一種は何でしょう？,バゲット
2011,ノーマル,1月から3月は時間が経つのが早いことを指して、1月は往く、2月は逃げるといいますが、3月は何というでしょう？,去る(さる)
2011,ノーマル,民間伝承で、長年使われた道具に霊魂が宿り、妖怪になったものを何というでしょう？,付喪神(つくもがみ)
2011,ノーマル,漫画作品の『あひるの空』『DEAR BOYS』『SLAM DUNK』といえば、題材となっているスポーツは何でしょう？,バスケットボール(バスケ)
2011,ノーマル,発見者であるオランダの航海士に名をちなむ、オーストラリア本土の南に位置する島は何でしょう？,タスマニア島(たすまにあしま)
2011,ノーマル,バレーボールのコートで、ネットから3mの距離に引かれている、後方からのスパイクの目安となるラインを何というでしょう？,アタックライン
2011,ノーマル,酸素分子や窒素分子のように、ひとつの元素のみからなる物質を、「化合物」に対して何というでしょう？,単体(たんたい)
2011,ノーマル,シェイクスピアの戯曲からその名が付けられた、8×8マスの盤上に白と黒のコマを置きあうボードゲームは何でしょう？,オセロ
2011,ノーマル,昭和25年、木村禧八郎(きむら・きはちろう)議員の質問に対し「貧乏人は麦を食え」という趣旨の発言をした当時の大蔵大臣は誰でしょう？,池田勇人(いけだ・はやと)
2011,ノーマル,普段は雑誌『旅と歴史』を中心にルポライターとして活動している、作家の内田康夫が生んだ名探偵は誰でしょう？,浅見光彦(あさみみつひこ)
2011,ノーマル,メキシコやペルーなどでかぶられる、つばが広くて山が高く、先端が細くなっている帽子のことを何というでしょう？,ソンブレロ
2011,ノーマル,今年2月、ムバラク大統領による30年もの長期政権が終焉したアフリカの国はどこでしょう？,エジプト
2011,ノーマル,相撲の1場所で、十両の力士は8勝すれば勝ち越しとなりますが、幕下以下の力士は何勝すれば勝ち越しとなるでしょう？,4勝(4かち)
2011,ノーマル,地球の体積の80%以上を占める、地殻と核の間の部分を何というでしょう？,マントル
2011,ノーマル,「父の日」と「母の日」のうち、1年で先にくるのはどちらでしょう？,母の日(ははのひ)
2011,ノーマル,あるものを噛むと動くことからその名がついた、目と耳の中間にある部分のことを何というでしょう？,こめかみ
2011,ノーマル,「2時間ドラマの帝王」船越英一郎と、「2時間ドラマの女王」片平(かたひら)なぎさがともに所属する芸能事務所はどこでしょう？,ホリプロ
2011,ノーマル,ソフトボールのピッチャーが放つ最もポピュラーな投球法で、「風車(ふうしゃ)」という意味があるのは何でしょう？,ウィンドミル
2011,ノーマル,オーストラリアの航空会社、カンタス航空のロゴマークに描かれている動物は何でしょう？,カンガルー
2011,ノーマル,毎年冬至の日には無料ライブを行っている、『Hey和』『栄光の架橋(かけはし)』などのヒット曲で知られる男性2人組は何でしょう？,ゆず
2011,ノーマル,渡辺康幸(わたなべ・やすゆき)監督に率いられ、今年の「第87回箱根駅伝」で優勝した大学はどこでしょう？,早稲田大学(わせだだいがく)
2011,ノーマル,共産圏の閉鎖性を「鉄のカーテン」という言葉で表した、イギリスの元首相は誰でしょう？,チャーチル
2011,ノーマル,落語で、観客から題目を3つもらい、即興で組み立てて演じるものを何というでしょう？,三題噺(さんだいばなし)
2011,ノーマル,鹿児島県南部に突き出た2つの半島とは、大隅(おおすみ)半島と何でしょう？,薩摩半島(さつまはんしま)
2011,ノーマル,プランクトンの死骸などが、海中に沈んでいく様子を雪にたとえて何というでしょう？,マリンスノー
2011,ノーマル,ジョン・ウィリアムズがアカデミー作曲賞を受賞した『ジョーズ』『E.T.』『シンドラーのリスト』の監督はいずれも誰でしょう？,スティーヴン・スピルバーグ
2011,ノーマル,毎年4月の下旬にイエス・キリストが死んでから3日目に蘇ったことを記念する、キリスト教の祭典を何というでしょう？,イースター(復活祭)
2011,ノーマル,吸い口とタバコを乗せる部分にのみ金属を使うことから、列車の不正乗車の意味で使われる喫煙用具は何でしょう？,煙管(きせる)
2011,ノーマル,蓄音機や白熱電球など数多くの実用品を考案し、「発明王」の異名をとったアメリカ人は誰でしょう？,トーマス・アルバ・エジソン
2011,ノーマル,主にソラマメを原料とする、中華料理に使われるぴりっと辛い味噌を何というでしょう？,豆板醤(トウバンジャン)
2011,ノーマル,松戸市長時代には「すぐやる課」という部署を設置した、ドラッグストアの創業者としても知られる人物は誰でしょう？,松本清(まつもと・きよし)
2011,ノーマル,夏目漱石の小説『三四郎』で、主人公・三四郎の苗字は何でしょう？,小川(おがわ)
2011,ノーマル,「首を絞めるもの」という意味がある、首にぴったりと巻きつける形のネックレスを何というでしょう？,チョーカー
2011,ノーマル,漢字の「東西南北」の4文字のうち、大相撲の歴代横綱の名前に一度も用いられていないのはどれでしょう？,南(みなみ)
2011,ノーマル,日本語では「担送車(たんそうしゃ)」という、病院で患者を運ぶために使う車輪のついたベッドのことを何というでしょう？,ストレッチャー
2011,ノーマル,女性として初めて棒高跳びの記録で5mを突破し、現在も5m06cmの女子世界記録を保持するロシア人選手は誰でしょう？,エレーナ・イシンバエワ
2011,ノーマル,裁判官を裁くための弾劾裁判所は、何人の裁判員によって構成されるでしょう？,14人(14にん)
2011,ノーマル,今年公開の映画では高良健吾(たから・けんご)と堀北真希(ほりきた・まき)が主演を務める、東野圭吾(ひがしの・けいご)の長編ミステリーは何でしょう？,『白夜行(びゃくやこう)』(『びゃくやぎょう(びゃくやこう)』)
2011,ノーマル,「自然を円筒、球、円錐として捉えなさい」という言葉を残している、代表作に『サント・ヴィクトワール山』があるフランスの画家は誰でしょう？,ポール・セザンヌ
2011,ノーマル,正式には「X(エックス)スタンパー」というインキ浸透式の印鑑のことを、製造する会社から一般に何というでしょう？,シヤチハタ(シャチハタ)
2011,ノーマル,英語で「親指」という意味の通り、親指で相手の目を突くボクシングの反則は何でしょう？,サミング
2011,ノーマル,第ニ部『南海航路』、第三部『声なき民』へと続く石川達三の小説で、第1回芥川賞受賞作となったのは何でしょう？,『蒼氓(そうぼう)』(『そうぼう(そうぼう)』)
2011,ノーマル,人間の乱獲により1914年に絶滅した、かつては鳥類で最も生息数が多かったといわれる鳥は何でしょう？,リョコウバト
2011,ノーマル,日本刀で、刃の反対側の切れない部分を何というでしょう？,峰(みね)【「棟(むね)」「背」も○】(みね(みね)【「とう(むね)」「せ」も○】)
2011,ノーマル,一部を貸したために全てを奪われてしまうことを、「ひさしを貸して何を取られる」というでしょう？,母屋(おもや)
2011,ノーマル,第2次ポエニ戦争の際にゾウを引き連れてアルプス越えをしたことで知られる、カルタゴの将軍は誰でしょう？,ハンニバル
2011,ノーマル,ミッションを遂行しつつ、ハンターから逃げ回り賞金を獲得する内容が人気の、フジテレビ系列で放送されているバラエティ番組は何でしょう？,『逃走中』(『run formoney逃走中』)
2011,ノーマル,ハイテク産業が盛んであるため「インドのシリコンバレー」と呼ばれる、インド・カルナータカ州の州都はどこでしょう？,バンガロール(ベンガルル)
2011,ノーマル,ダブル・ドリブルやトラベリングなどが該当する、バスケットボールにおいて退場の対象とならない比較的軽い反則を総称して何というでしょう？,バイオレーション
2011,ノーマル,イタリア語で「震える」という意味がある、打楽器や弦楽器などで音を小刻みに反復させる技法は何でしょう？,トレモロ
2011,ノーマル,F1のレースで、優勝したドライバーに与えられるドライバーズポイントは現在何点でしょう？,25点(25てん)
2011,ノーマル,愛媛県では松山市に次いで2番目に人口が多い、/タオルの生産地として知られる都市はどこでしょう？,今治(いまばり)
2011,ノーマル,物理学で、運動エネルギーと位置エネルギーの和で求められるエネルギーを何というでしょう？,力学的エネルギー(りきがくてきえねるぎー)
2011,ノーマル,フランス語で「門番」という意味がある、ホテルなどで宿泊客の要望に応じて、街の案内や切符などの手配をする人を何というでしょう？,コンシェルジュ(コンシェルジェ)
2011,ノーマル,アメリカ大統領の任期は4年ですが、ロシアの大統領の任期は何年でしょう？,6年(6ねん)
2011,ノーマル,著書『東洋の理想』で「アジアはひとつ」という言葉を残した、明治期の美術家は誰でしょう？,岡倉天心(おかくらてんしん)
2011,ノーマル,強硬派のことを「タカ派」というのに対し、穏健派のことを何派というでしょう？,ハト派(はとは)
2011,ノーマル,牛やヤギ、羊などの偶蹄類によく見られる、いったん胃に送った食物を再び口に戻して咀嚼(そしゃく)する行為を何というでしょう？,反芻(はんすう)
2011,ノーマル,そばの粘りを出して切れにくくするために混ぜる、/小麦粉や山芋などのことを特に何というでしょう？,つなぎ
2011,ノーマル,英語では「ベンディング・マシーン」という、よく町中で見かける機械といえば何でしょう？,自動販売機(じどうはんばいき)
2011,ノーマル,七福神の一柱・大黒天が手に持っており、御伽草子の『一寸法師』でも重要な役割を果たす道具は何でしょう？,打ち出の小槌(こづち)
2011,ノーマル,フランス語で「宝石箱」を意味する、香水や化粧道具が詰め合わせて売られているポーチを指す言葉は何でしょう？,コフレ
2011,ノーマル,上流では金沙江(きんさこう)、下流では揚子江(ようすこう)と呼ばれる、中国最長の川は何でしょう？,長江(ちょうこう)
2011,ノーマル,分子式C10H14N2で表される、タバコに含/まれる有害なアルカロイドは何でしょう？,ニコチン
2011,ノーマル,プロ野球選手で、日本ハムの斎藤佑樹(さいとう・ゆうき)と楽天の田中将大(たなか・まさひろ)に共通する背番号は何番でしょう？,18
2011,ノーマル,「廃棄物処理法」により廃棄物を2つに大別すると、一般廃棄物と何でしょう？,産業廃棄物(さんぎょうはいきぶつ)
2011,ノーマル,ロシアの作家バイコフの小説『偉大なる王(ワン)』で、「偉大なる王(ワン)」と呼ばれる動物は何でしょう？,虎(とら)
2011,ノーマル,タキシードを着るとき、ウエストに巻く飾り帯のことを何というでしょう？,カマーバンド
2011,ノーマル,エスプレッソなどを飲む時に使う小さなコーヒーカップを、「半分」という意味のフランス語から何というでしょう？,デミタス
2011,ノーマル,「サッカー競技規則」によると、サッカーのゴールポストとクロスバーの色は何色でなければならないでしょう？,白色(はくしょく)
2011,ノーマル,大きく「走査型」と「透過型」の2種類に分けられる、試料を拡大観察するのに用いられる実験器具は何でしょう？,電子顕微鏡【「顕微鏡」はもう一回。「光学顕微鏡」は×】(でんしけんびきょう【「けんびきょう」はもういっかい。「こうがくけんびきょう」は×】)
2011,ノーマル,「イケメン」といえば容姿のかっこいい男性を指しますが、「イクメン」といえば何をしている男性を指すでしょう？,育児(いくじ)
2011,ノーマル,2003年から「新語・流行語大賞」の公式スポンサーとなっている、通信教育講座で有名な企業はどこでしょう？,ユーキャン
2011,ノーマル,福島市があるのは福島県ですが、福島区がある政令指定都市はどこでしょう？,大阪(おおさか)
2011,ノーマル,総合格闘技の世界で、打撃が得意な選手のことを「ストライカー」といいますが、組技が得意な選手のことを何というでしょう？,グラップラー
2011,ノーマル,アメリカの硬貨で「ニッケル」と呼ばれるのは、ふつう何セント硬貨でしょう？,5セント
2011,ノーマル,モウセンゴケやウツボカズラなど、昆虫や小動物をとらえ、消化して栄養をとるものを総称して何植物というでしょう？,食虫植物(しょくちゅうしょくぶつ)
2011,ノーマル,音楽の楽譜で音の強さを表す記号「mp」や「mf」の「m」とは、何という言葉の略でしょう？,メゾ(メッゾ、メッツオ)
2011,ノーマル,今年のライスボウルで立命館大学パンサーズを破り、社会人最多となる4度目の日本一に輝いたチームはどこでしょう？,オービック・シーガルズ
2011,ノーマル,南海の孤島・インファント島で生まれたという設定の、東宝映画に登場する蛾の怪獣は何でしょう？,モスラ
2011,ノーマル,北米五大湖のうち、唯一、全域がアメリカ合衆国に含まれるのは何湖でしょう？,ミシガン湖(みしがんみずうみ)
2011,ノーマル,ラテン語で「犬に先立つもの」/という意味がある、こいぬ座のアルファ星は何でしょう？,プロキオン
2011,ノーマル,フランス語で「尊敬」という意味がある、芸術・文学において敬意をこめて似たような作品を創作することを何というでしょう？,オマージュ
2011,ノーマル,百分率はパーセントといいますが、千分率は何というでしょう？,パーミル(プロミル)
2011,ノーマル,最近では頭文字をとって「TKG」と呼ばれることもある、ご飯と生卵を使ったお手軽な料理といえば何でしょう？,たまごかけご飯(たまごかけごめし)
2011,ノーマル,パリで生まれ育った男性のことを「パリジャン」というのに対し、女性のことを何というでしょう？,パリジェンヌ
2011,ノーマル,国内で発行された漫画では唯一、累計2億冊の発行部数を記録している、尾田栄一郎の人気漫画は何でしょう？,『ONE PIECE』
2011,ノーマル,1971年に独立するまでは「東パキスタン」と呼ばれていた、ダッカを首都とする国はどこでしょう？,バングラデシュ
2011,ノーマル,ダンスで、左足から始める左回りを「リバースターン」というのに対し、右足から始める右回りを何というでしょう？,ナチュラルターン
2011,ノーマル,造血幹細胞が多量に含まれるため白血病などの治療に利用される、人のへその緒と胎盤に含まれる血液を何というでしょう？,臍帯血(さいたいけつ)
2011,ノーマル,日本の警察の階級で、警部のひとつ上は警視ですが、警視のひとつ上は何でしょう？,警視正(けいしせい)
2011,ノーマル,アンデルセンの童話『親指姫』で、親指姫が生まれたのはどんな花からでしょう？,チューリップ
2011,ノーマル,漫画家の一平を父に、作家のかの子を母に持つ、大阪万博のシンボル「太陽の塔」で知られる芸術家は誰でしょう？,岡本太郎(おかもとたろう)
2011,ノーマル,女流棋士の北尾まどかが考案した、ライオン、ぞう、きりん、ひよこの4種の駒を用いて12マスの盤で行う子供向けの将棋は何でしょう？,どうぶつしょうぎ
2011,ノーマル,1941年、小西喜蔵(こにし・きぞう)の騎乗のもと、日本競馬史上初のクラシック三冠馬に輝いた競走馬の名前は何でしょう？,セントライト
2011,ノーマル,1993年にロンドンで設立された、薔薇や野苺などをモチーフとするクラシカルなデザインが特徴の雑貨ブランドは何でしょう？,キャス・キッドソン【「キットソン」は別のものなので×】(きゃす・きっどそん【「きっとそん」はべつのものなので×】)
2011,ノーマル,「ペトリ皿」とも呼ばれる、細菌の培養などに用いる底の浅いふた付きの容器といえば何でしょう？,シャーレ
2011,ノーマル,これがある人は涙もろいとされる、目のすぐ下にあるほくろを何というでしょう？,泣きぼくろ(なきぼくろ)
2011,ノーマル,故郷を離れていた者が、立身出世して故郷に戻ることを、「故郷に何を飾る」というでしょう？,錦(にしき)
2011,ノーマル,境界線が行ったり来たりしたことから「アコーディオン戦争」とも呼ばれる、1950年に勃発した戦争は何でしょう？,朝鮮戦争(ちょうせんせんそう)
2011,ノーマル,ヴィットリオ・デ・シーカ、ルキノ・ヴィスコンティ、フェデリコ・フェリーニといえば、いずれもどこの国の映画監督でしょう？,イタリア
2011,ノーマル,氷河や雪渓(せっけい)などに作られる深い割れ目のことを、英語で何というでしょう？,クレバス
2011,ノーマル,童話『泣いた赤鬼』で、赤鬼のためにわざと村人に嫌われようとするのは何色の鬼でしょう？,青鬼(あおおに)
2011,ノーマル,ゴルフクラブの別名で、「ドライバー」といえば1番ウッドのことですが、「スプーン」といえば何番ウッドのことでしょう？,3番ウッド(3ばんうっど)
2011,ノーマル,ビバルディ作曲のバイオリン協奏曲集『和声と創意への試み』の第1曲から4曲までを、総称して何というでしょう？,『四季』(『しき』)
2011,ノーマル,東京ヤクルトスワローズの応援歌にもなっている、「ハァ踊り踊るなら」の歌い出しでおなじみの曲は何でしょう？,『東京音頭』(『とうきょうおんど』)
2011,ノーマル,日本の国会に相当する、中華人民共和国の立法機関を何というでしょう？,全国人民代表大会(全人代)
2011,ノーマル,儒教で「四書」と呼ばれる4つの書物とは、『論語』『孟子』『大学』と何でしょう？,『中庸(ちゅうよう)』(『ちゅうよう(ちゅうよう)』)
2011,ノーマル,世界地図を隣り合う国同士が同じ色にならないように塗り分けるとき、必要な色は最低何色(なんしょく)でしょう？,4色(4いろ)
2011,ノーマル,VANブランドの創業者・石津謙介(いしづ・けんすけ)が提唱した、時間・場所・場合にあわせた行動や装いをすることを指すアルファベット3文字の言葉は何でしょう？,TPO
2011,ノーマル,これまでに日本人がオリンピックで獲得した金メダルのうち、34個と、最も多く獲得している競技は何でしょう？,柔道(じゅうどう)
2011,ノーマル,片方の大きなハサミを動かす様子が潮を呼び寄せているように見えることから名がついた、スナガニ科のカニは何でしょう？,シオマネキ
2011,ノーマル,ドイツ語で「おいしいもの」という意味がある、スーパーなどで惣菜コーナーをさす言葉は何でしょう？,デリカテッセン
2011,ノーマル,卒業式で卒業する生徒を「卒業生」というのに対し、卒業しない生徒を何と呼ぶでしょう？,在校生(ざいこうなま)
2011,ノーマル,絶世の美女といわれた楊貴妃は、中国・唐の時代の何という皇帝の妃でしょう？,玄宗(げんそう)【「李隆基(り・りゅうき)」も○】(げんそう(げんそう)【「すももりゅうき(り・りゅうき)」も○】)
2011,ノーマル,実は女性であるにもかかわらず宝塚歌劇では男役が演じることが通例となっている、漫画『ベルサイユの薔薇』の主人公は誰でしょう？,オスカル
2011,ノーマル,お城を中心に作られた街を「城下町」といいますが、お寺を中心に作られた街のことを何というでしょう？,門前(もんぜん)
2011,ノーマル,テニスで、シングルスのコートとダブルスのコートのそれぞれのサイドラインに挟まれた細長い区域を何というでしょう？,アレー
2011,ノーマル,3%水溶液は「オキシドール」と呼ばれる、化学式H2O2で表される物質は何でしょう？,過酸化水素(かさんかすいそ)
2011,ノーマル,将棋で、裏に何も書かれていない駒とは、王将、玉将と何でしょう？,金将(きんしょう)
2011,ノーマル,アフリカーンス語で「隔離」/という意味がある、かつて南アフリカ共和国で有色人種を差別した政策は何でしょう？,アパルトヘイト
2011,ノーマル,日本の近代批評を確立したとされる、著書『考えるヒント』で有名な評論家は誰でしょう？,小林秀雄(こばやし・ひでお)
2011,ノーマル,セーターなどに使われる菱形の模様のことを、イギリスのある地方の名前から何というでしょう？,アーガイル
2011,ノーマル,生のイカを細長く切りつゆを付けて食べる料理を、ある麺に見立てて何というでしょう？,イカそうめん
2011,ノーマル,「認定」を意味する英単語の頭文字を取って名付けられた、スキューバダイビングをするのに必要な技能認定証は何でしょう？,Cカード
2011,ノーマル,標高1982mと、四国で最も高い山は何でしょう？,石鎚山(いしづちさん、いしづちやま)
2011,ノーマル,天気予報で使われる「平年値」とは、過去何年間の平均をとったものでしょう？,30年間(30ねんかん)
2011,ノーマル,2011年2月にサービスが開始された、東海地方の私鉄やバスなどで利用できるICカード乗車券の通称は何でしょう？,manaca(マナカ)
2011,ノーマル,読み下すと「倶(とも)に天を戴(いただ)かず」となる、非常に強い恨みを抱くことを表す四字熟語は何でしょう？,不倶戴天(ふぐたいてん)【「倶不戴天(ぐふたいてん)」も○】(ふぐたいてん(ふぐたいてん)【「ぐふたいてん(ぐふたいてん)」も○】)
2011,ノーマル,ジャニーズの人気グループ「嵐」のリーダーは誰でしょう？,大野智(おおの・さとし)
2011,ノーマル,傘松公園(かさまつこうえん)から「股のぞき」で見る眺望で有名な、京都府にある日本三景のひとつは何でしょう？,天橋立(あまのはしだて)
2011,ノーマル,日本のパスポートにおける性別表記で、男性は「M」ですが、女性は何でしょう？,F
2011,ノーマル,「1番」と呼ばれることもある、バスケットボールでチームの司令塔的な存在となるポジションはどこでしょう？,ポイントガード
2011,ノーマル,インド統一後は仏教に深く帰依(きえ)した、マウリヤ朝の第3代の王は誰でしょう？,アショカ王【中国名の「阿育王」も○】(あしょかおう【ちゅうごくめいの「あいくおう」も○】)
2011,ノーマル,「勘定を巡るごまかしを目撃した男が、自分も真似しようとする」という内容の古典落語の演目は何でしょう？,『時そば』(『ときそば』)
2011,ノーマル,日本最古の噴水や銅像があることでも知られる、金沢市にある三名園のひとつはどこでしょう？,兼六園(けんろくえん)
2011,ノーマル,太陽に対して「太陰」とも呼ばれる、地球が持つ唯一の衛星は何でしょう？,月(がつ)
2011,ノーマル,アラビア語では「ひざまづく場所」という意味の「マスジド」と呼ばれる、イスラム教における礼拝堂を何というでしょう？,モスク
2011,ノーマル,一般に「ティーンエイジャー」と呼ばれる年齢とは、13歳から何歳まででしょう？,19歳(19)
2011,ノーマル,角度を測定するために用いられる、円形や半円形をした文房具のことを何というでしょう？,分度器(ぶんどき)
2011,ノーマル,関東風のすき焼きに煮汁として用いられる、だし汁に醤油、砂糖、みりんなどを合わせた調味料を何というでしょう？,割り下(わりした)
2011,ノーマル,その在位中に領土の多くを奪われたことから「失地王」とも呼ばれる、イングランド王国プランタジネット朝の国王は誰でしょう？,ジョン
2011,ノーマル,本名を加藤一彦(かとう・かずひこ)という漫画家で、人気アニメ『ルパン三世』の原作者として知られるのは誰でしょう？,モンキー・パンチ
2011,ノーマル,聖ジョージクロス、聖アンドリュークロス、聖パトリッククロスを掛け合わせてできた、現在のイギリスの国旗を何というでしょう？,ユニオンジャック(ユニオンフラッグ)
2011,ノーマル,サッカーなどで、対戦するチームがそれぞれの本拠地で交互に試合を行う方式を何というでしょう？,ホーム・アンド・アウェイ
2011,ノーマル,ギリシャ語で「奇妙な」という意味がある、湿疹やかゆみを伴う慢性皮膚炎のことを何というでしょう？,アトピー
2011,ノーマル,陸上の投擲(とうてき)種目のうち、唯一、十種競技で行われないのは何でしょう？,ハンマー投げ(はんまーなげ)
2011,ノーマル,植民地や従属国を統治している国家を何というでしょう？,宗主国【「支配国」も○。「保護国」は×】(そうしゅこく【「しはいくに」も○。「ほごくに」は×】)
2011,ノーマル,日本初のナショナルトラスト運動にも参加した、『赤穂浪士』『鞍馬天狗』などの小説で知られる作家は誰でしょう？,大佛次郎(おさらぎ・じろう)
2011,ノーマル,床を一段高くし、正面の壁に掛軸を掛け、置物などを飾る和室の一角を何というでしょう？,床(とこ)の間(とこ(とこ)のかん)
2011,ノーマル,列車種別のひとつである「特急」とは、何という言葉を略したものでしょう？,特別急行(とくべつきゅうこう)
2011,ノーマル,ボクシングで、セコンドについて、ケガをした選手から血が流れるのを止めるスタッフを何というでしょう？,カットマン
2011,ノーマル,おしべの先端にある、花粉が入った袋を何というでしょう？,やく
2011,ノーマル,英語では「セクション・ペーパー」という、一定の間隔で縦横の罫線が引かれた用紙は何でしょう？,方眼紙(ほうがんし)
2011,ノーマル,ことわざで、余計なことを言ったばかりに災いを招いてしまうということを、「何も鳴かずば撃たれまい」というでしょう？,雉(きじ)
2011,ノーマル,ベトナム語で「刷新(さっしん)」という意味の、経済の自由化、市場開放などを目指し、1986年のベトナム共産党大会で提唱されたスローガンは何でしょう？,ドイモイ
2011,ノーマル,今年、映画『ブラック・スワン』のニナ役で、自身初のアカデミー賞を最優秀女優部門で受賞した女優は誰でしょう？,ナタリー・ポートマン
2011,ノーマル,ドイツ語で「黒い森」という意味がある、ドイツ南西部に広がる森林山地は何でしょう？,シュバルツバルト
2011,ノーマル,ゴルフで、18ホールの合計スコアで勝敗を決める方式をマッチプレーに対して何というでしょう？,ストロークプレー
2011,ノーマル,アニメ映画『コクリコ坂から』で挿入歌として使われた、坂本九(さかもと・きゅう)の大ヒット曲は何でしょう？,『上を向いて歩こう』(『うえをむいてあるこう』)
2011,ノーマル,日本シリーズ優勝11回の歴代最多記録を持つ、昭和40年から9年連続で読売ジャイアンツを日本一に導いた監督は誰でしょう？,川上哲治(かわかみ・てつはる)
2011,ノーマル,経済の発展につれて、第一次産業から第二次、第三次産業へと重点がシフトしていく法則を何というでしょう？,ペティ・クラークの法則(ぺてぃ・くらーくのほうそく)
2011,ノーマル,平泉の歴史遺産と共に、今年6月に日本から世界遺産登録がなされた、東京都に属する諸島はどこでしょう？,小笠原諸島(おがさわらしょしま)
2011,ノーマル,晴れた日の空を晴天、雨の日の空を雨天といいますが、曇り空のことを「天」という漢字を使って何というでしょう？,曇天(どんてん)
2011,ノーマル,3人でじゃんけんをして、グー、チョキ、パーであいこになったとき、3人の手で伸びている指は全部で何本でしょう？,7本(7ほん)
2011,ノーマル,昨年、『I wish for you』で3年連続となる日本レコード大賞を受賞した音楽グループは何でしょう？,EXILE(エグザイル)
2011,ノーマル,赤はガメイ種、白はシャルドネ種のブドウを用いて作られる、11月の第3木曜日に解禁されるフランス産のワインは何でしょう？,ボジョレー・ヌーボー
2011,ノーマル,ここぞというときに着る服と、競馬のレースでジョッキーが着る服に共通する呼び名は何でしょう？,勝負服(しょうぶふく)
2011,ノーマル,日本式天気記号で、右下にカタカナで「ツ」と書かれるのは、「雨強し」「雪強し」と何でしょう？,雷強し(かみなりつよし)
2011,ノーマル,「小3の頃からなぜだか」という歌い出しで始まる、亡き祖母との思い出を歌った植村花菜(うえむら・かな)のヒット曲は何でしょう？,『トイレの神様』(『といれのかみさま』)
2011,ノーマル,話の流れや電車の車輪が、本来行くべき道筋を外れることを、漢字2文字で何というでしょう？,脱線(だっせん)
2011,ノーマル,1946年、アマチュア考古学者の相沢忠洋(あいざわ・ただひろ)によって発見された、群馬県みどり市にある遺跡は何でしょう？,岩宿(いわじゅく)遺跡(いわじゅく(いわじゅく)いせき)
2011,ノーマル,英語では「ブルード・パラサイティズム」という、鳥が他の鳥の巣に卵を産んで雛を育てさせる習性のことを何というでしょう？,托卵(たくらん)
2011,ノーマル,札幌のお店「マジックスパイス」が初めて使用した、大きな具とさらさらとしたスープが特徴のカレーの呼び名は何でしょう？,スープカレー
2011,ノーマル,門の内側と外側の仕切りとして敷かれる横木のことで、不義理などで訪問しにくいときに「これが高い」といわれるのは何でしょう？,敷居(しきい)
2011,ノーマル,社会学者マックス・ウェーバーが提唱した3つの支配概念とは、伝統的支配、合法的支配と何でしょう？,カリスマ的支配(かりすまてきしはい)
2011,ノーマル,洋服を作る際、デザイナーのデザインをもとに服の型紙を作る人のことを何というでしょう？,パタンナー
2011,ノーマル,野球などの団体競技で、自分だけ目立とうとして行う派手なパフォーマンスを「何プレー」というでしょう？,スタンドプレー
2011,ノーマル,「一次電池」と「二次電池」のうち、繰り返し充電して使用できるのはどちらでしょう？,二次電池(にじでんち)
2011,ノーマル,囲碁の棋戦のひとつ「本因坊戦」の主催団体に名を連ねている新聞社はどこでしょう？,毎日新聞社(まいにちしんぶんしゃ)
2011,ノーマル,自転車3大ロードレースのうち、一年で最も早く開催されるのは何でしょう？,ジロ・デ・イタリア
2011,ノーマル,日本国憲法第25条で保障されている、「健康で文化的な最低限度の生活を営む権利」のことを一般に何というでしょう？,生存権(せいぞんけん)
2011,ノーマル,優れた文学に与えられる賞で、コスタ賞、オレンジ賞、ブッカー賞といえば、どこの国のものでしょう？,イギリス
2011,ノーマル,冒険家、ボブ・リーによって創設された、象のロゴマークで知られるブランドは何でしょう？,ハンティング・ワールド
2011,ノーマル,地元では「がめ煮」と呼ばれる、炒めた鶏肉や根菜を煮て作られる九州北部の郷土料理では何でしょう？,筑前煮(ちくぜんに)
2011,ノーマル,FIFAサッカーワールドカップの開催予定国で、2014年はブラジル、2018年はロシアですが、2022年はどこでしょう？,カタール
2011,ノーマル,「ノーティカル・マイル」を略した「NM」という記号で表記されることもある、1852mを1とする距離の単位は何でしょう？,海里(かいり)
2011,ノーマル,自転車のパーツで、足を乗せる部分はペダルですが、お尻を乗せる部分を何というでしょう？,サドル
2011,ノーマル,多数のものが四方八方/に逃げていく様子を、ある節足動物にたとえて「何の子を散らす」というでしょう？,蜘蛛の子(くものこ)
2011,ノーマル,久明(ひさあきら)親王、足利義政、徳川吉宗といえば、いずれも何代目の将軍でしょう？,8代目(8だいめ)
2011,ノーマル,アルファベット3文字で「NGK」と略される、大阪市にある吉本興業の常設劇場はどこでしょう？,なんばグランド花月(なんばぐらんどかげつ)
2011,ノーマル,北方領土のうち、面積が最大の島は何でしょう？,択捉島(えとろふとう)
2011,ノーマル,優勝カップを寄贈したアメリカのテニス選手の名に由来する、男子テニスの国別対抗戦は何でしょう？,デビスカップ
2011,ノーマル,お笑いコンビ・ダウンタウンの松本人志がこれまでに監督を手掛けた映画とは、『大日本人(だいにっぽんじん)』『しんぼる』と何でしょう？,『さや侍(ざむらい)』(『さやさむらい(ざむらい)』)
2011,ノーマル,オリンピックで行われる競技で、唯一、ハンカチを持たなければならないのは何でしょう？,レスリング(アマチュアレスリング)
2011,ノーマル,ベストセラー『窓ぎわのトットちゃん』でも知られる女優・エッセイストで、長年に渡りテレビ朝日に自らの「部屋」を持っているのは誰でしょう？,黒柳徹子(くろやなぎ・てつこ)
2011,ノーマル,魚が生息できないことから名がついた、塩分濃度の高さと海抜の低さが世界一の湖は何でしょう？,死海(しかい)
2011,ノーマル,アルファベット2文字で「AU」と表記する、太陽から地球までの平均距離を1とする長さの単位は何でしょう？,天文単位(てんもんたんい)
2011,ノーマル,JRの大館駅(おおだてえき)と渋谷駅の前に銅像がある、飼い主の死後も帰りを待ち続けたという忠犬の名前は何でしょう？,ハチ公(はちこう)
2011,ノーマル,スキージャンプの種目を大きく3つに分けると、ノーマルヒル、ラージヒルと何でしょう？,フライングヒル
2011,ノーマル,人間が摂取するとビタミンAになる栄養素は何でしょう？,ベータカロチン(カロチン、カロチノイド)
2011,ノーマル,幸水(こうすい)、長十郎、二十世紀といえば、どんな果物の品種でしょう？,梨(なし)
2011,ノーマル,ギリシャで生まれ日本に帰化した作家で、「耳なし芳一(ほういち)」や「ろくろ首」が収めれた説話集『怪談』で知られるのは誰でしょう？,小泉八雲(こいずみ・やくも)【「ラフカディオ・ハーン」も○】(こいずみやくも(こいずみ・やくも)【「らふかでぃお・はーん」も○】)
